user_id,name,email,created_at
1,Casey Silva,randall41@example.org,2025-04-10
2,Cathy Moss,clairelittle@example.org,2025-10-30
3,Jason Massey,arnoldcaitlin@example.net,2025-11-25
4,Benjamin Williams,hochelsea@example.net,2025-10-12
5,Steven Schwartz,jenniferflores@example.com,2025-08-20
6,Susan Jones,ycampbell@example.com,2026-01-22
7,Angela Diaz MD,rebecca48@example.net,2026-01-16
8,David Williams,jenniferlamb@example.net,2025-12-21
9,Nancy Hernandez,millsrichard@example.org,2025-08-06
10,Sandra Vargas,colliermeredith@example.org,2026-01-31
11,Zachary Taylor,brownelizabeth@example.org,2025-08-09
12,Mary Arias,ashleydyer@example.net,2025-10-27
13,Craig Baker,jason09@example.org,2026-01-04
14,April Olson,brentdonaldson@example.com,2026-01-12
15,Michael Hoffman,cwilliams@example.net,2025-04-16
16,Jacob Ferguson,richard06@example.com,2025-05-04
17,Andrea Wright,gonzalezjennifer@example.com,2025-06-20
18,Christopher White,jenna95@example.com,2025-07-18
19,Mary Silva,dgarcia@example.net,2025-10-19
20,Matthew Taylor,thomas55@example.org,2025-05-22
21,Richard Wood,alicegarcia@example.org,2026-01-13
22,Hannah Rodriguez,hollyclayton@example.org,2025-11-08
23,Lisa Bennett,olsenmiranda@example.com,2025-06-15
24,Amber Wilkerson,amandapierce@example.com,2025-02-19
25,Samuel Vaughn,travis45@example.com,2025-04-15
26,Jennifer Hill,nmiller@example.org,2025-03-15
27,Thomas James,jason86@example.com,2025-10-26
28,Zachary Mcclain,vholmes@example.com,2025-05-28
29,Angela Gonzalez,amber54@example.net,2025-07-15
30,Daniel Hughes,jimmy56@example.net,2025-07-28
31,Diane Torres,vbailey@example.org,2025-04-04
32,Mr. James Maddox,josephbennett@example.net,2025-03-03
33,Troy Mahoney,acevedodavid@example.net,2025-07-08
34,Kaitlyn Nguyen,ghobbs@example.net,2025-05-16
35,Gregory Ramos,zachary59@example.net,2025-04-26
36,Tyler Johnson,pam34@example.com,2025-10-30
37,Frederick Collins,russell65@example.net,2025-09-26
38,Linda James,michellegross@example.org,2025-10-23
39,Bryan Contreras,patrickrangel@example.org,2025-04-28
40,Luis Wade,iedwards@example.net,2025-12-07
41,Adam Campos,kristinstout@example.org,2025-12-08
42,Angela Gilbert,barkersusan@example.com,2025-11-17
43,Amanda Castillo,brittanylawson@example.com,2025-11-22
44,Tonya Alvarez,mnoble@example.org,2025-12-13
45,Brandon Daniels,erinkennedy@example.net,2025-10-08
46,Brent White,nicholas67@example.org,2025-10-22
47,Michael Abbott,malik23@example.com,2026-02-01
48,Caleb Wong,scotthopkins@example.org,2025-06-01
49,David Nicholson,mbarker@example.net,2026-01-06
50,Victor Kaufman,rachelwilliams@example.net,2025-05-20
51,Barry Schmidt,margaretandrews@example.org,2025-06-19
52,Cynthia Morales,gary35@example.com,2025-09-08
53,Christopher Morgan,joshuayoder@example.com,2025-04-09
54,Erica Herrera,jonesjessica@example.com,2025-08-17
55,Anna Dunn,housejane@example.com,2025-02-06
56,Kenneth Campbell,iwallace@example.com,2025-09-03
57,Christopher Dawson,xbrown@example.org,2025-12-27
58,Robert Douglas,larry89@example.net,2025-02-18
59,Tracy Owens,rogerssarah@example.net,2025-04-04
60,Lisa Perez,kayleemiller@example.net,2025-05-29
61,Diana Wyatt,jessicaburgess@example.org,2025-09-20
62,Paula Vargas,morenoscott@example.org,2025-04-19
63,Brittany Lynch,lewistodd@example.org,2025-03-22
64,Gregory Porter,jessecarney@example.com,2025-04-12
65,Ashley Holden,zellis@example.com,2026-01-11
66,Katherine Grant,jessica43@example.com,2026-01-15
67,Luis Jones,alicia42@example.com,2025-08-19
68,Russell Anthony,john54@example.net,2025-08-25
69,Jeffrey Campos,pkennedy@example.com,2025-09-03
70,Robert Elliott,rwilson@example.net,2025-05-01
71,Jessica Bailey,lgardner@example.com,2025-09-15
72,Mark Sexton,tammy19@example.net,2025-03-28
73,Samuel Thomas,katie20@example.com,2025-06-26
74,Martin Bowers,randysaunders@example.org,2025-03-08
75,Erin Lewis,stewartnicholas@example.com,2025-11-04
76,Scott Thompson,tracyhorn@example.net,2025-10-16
77,Sheryl Gonzalez,samanthacruz@example.org,2025-03-10
78,Amanda Allen,agibson@example.org,2025-09-04
79,Nicholas Montoya,hunter43@example.net,2025-08-01
80,Gerald Jensen,robertduarte@example.org,2025-05-26
81,Wendy Rodriguez,hunter89@example.net,2025-07-13
82,Jeffrey Allen,davidangela@example.net,2026-01-14
83,Jordan Gutierrez,anne95@example.net,2025-09-24
84,Thomas Campbell,castillomelinda@example.net,2025-10-26
85,Jessica Frank,gmaxwell@example.com,2025-05-15
86,Elizabeth Larsen,crusso@example.org,2026-01-13
87,Sean Riley,kathy61@example.net,2025-04-14
88,Jeff Dixon,ayalacarolyn@example.org,2025-11-17
89,Sandra Mills,jeffrey58@example.org,2025-11-01
90,Jeffrey Alvarez,johnsonerica@example.net,2025-07-02
91,Bryan Shields,tiffany53@example.net,2025-07-19
92,Tammy Meyer MD,ohardy@example.com,2025-11-04
93,Brett Williams,rcarr@example.com,2025-05-26
94,Jessica Gonzalez,vtorres@example.net,2025-10-01
95,Ashley Schmidt,alyssa65@example.net,2026-01-31
96,Amanda Williams,mcmahonsergio@example.org,2025-03-02
97,Tammy Bowman,hjohnson@example.org,2025-12-26
98,Kristina King,harrybates@example.com,2025-02-20
99,Mrs. Alexandra Dudley,lauren90@example.com,2025-05-28
100,Emily Bright,steeletroy@example.net,2025-04-03
101,Andrew Meyers,randalladkins@example.net,2025-11-13
102,James Becker DDS,stanleyjames@example.net,2025-05-09
103,Dale Kennedy,pperez@example.com,2025-05-19
104,Kimberly Schmidt,wporter@example.net,2025-05-23
105,Joseph Morton,nlarsen@example.com,2025-10-05
106,Chad Thompson,jessemccoy@example.org,2025-12-01
107,Cassandra Payne,jlivingston@example.com,2026-01-05
108,Matthew King,jerry37@example.net,2025-03-07
109,Carmen Clark,grayapril@example.net,2025-08-03
110,Kelly Acosta,helliott@example.com,2025-12-17
111,Elizabeth Wilson,jason40@example.net,2025-04-06
112,Scott Allen,christopher60@example.org,2025-07-12
113,Lisa Hayden,davidfox@example.org,2025-03-25
114,Laura Nelson,lopezjanet@example.com,2025-11-03
115,Zachary Price,plopez@example.org,2025-06-24
116,Steven Rhodes,awilliams@example.net,2025-11-04
117,Leonard Vaughn,gonzaleznicole@example.com,2025-08-01
118,Andrea Schaefer,tinamiller@example.net,2025-11-02
119,Jamie Jensen,jeffreybecker@example.com,2025-02-06
120,Jacob Barnett,bfrank@example.com,2026-02-05
121,Nicholas Ibarra,qhanson@example.com,2025-05-08
122,Dillon Ramos,eric90@example.net,2025-06-25
123,David Martin DDS,chambersdanny@example.org,2025-03-01
124,Jeffrey Morgan,tamarahubbard@example.com,2025-06-30
125,Patrick Lee,kfuller@example.net,2025-08-04
126,Beth Lee,ericasimpson@example.net,2025-03-07
127,Anthony Mathis,pwright@example.com,2025-02-18
128,Christian Reeves,udavis@example.com,2025-07-08
129,Eric Merritt,megan15@example.com,2025-02-15
130,Michael Walton,kristenduffy@example.org,2025-08-24
131,Christine Johnson,brett27@example.org,2025-03-01
132,Raymond Alexander,isaac11@example.net,2025-10-28
133,Amanda Jensen,averysherri@example.org,2026-01-24
134,James Coleman,alexandria01@example.net,2025-10-04
135,Amy Alexander,feliciasmith@example.com,2025-06-06
136,Cassidy Sandoval,taylor69@example.org,2025-05-08
137,Brittany Williams,matthewrose@example.org,2025-11-04
138,Margaret Pittman,jmedina@example.com,2025-08-31
139,Heather Riley,darin26@example.com,2025-02-11
140,Adam Rivera,whiteblake@example.org,2025-08-21
141,Noah Cooley,cookkatherine@example.org,2025-05-03
142,Brandon Saunders,ritamoon@example.net,2025-09-03
143,Chad Patton,baileystephen@example.org,2025-07-01
144,Ann Gonzales,rramirez@example.com,2025-07-06
145,Samantha Clark,amandabaxter@example.com,2025-11-20
146,Gabriella Lawrence,meghan62@example.com,2025-10-27
147,Lisa Peck,rileyalbert@example.net,2025-08-13
148,Raymond Navarro,jacksontammy@example.com,2025-09-14
149,Christina Scott,joshua01@example.org,2025-04-06
150,Michael Fuller,heather84@example.com,2025-11-24
151,Marc Chaney,irice@example.org,2025-04-17
152,Nicholas Lopez,julieramos@example.org,2025-08-17
153,Aaron Smith,hatfieldchristopher@example.com,2025-06-23
154,Tina Gordon,montoyabrittany@example.org,2025-11-24
155,Joshua Scott,jacksondiane@example.com,2025-10-10
156,John Gutierrez,robertjoyce@example.net,2025-09-05
157,Alexis Kidd,tcolon@example.com,2025-09-15
158,Jonathan Moran,jonblankenship@example.org,2025-06-02
159,Lawrence Horn,jonesjennifer@example.net,2025-03-17
160,Roger Mack,jennifer88@example.org,2025-03-04
161,Erik Rodgers,uatkins@example.net,2025-11-29
162,David Kramer,walter48@example.com,2025-11-30
163,Shawn Bentley,marissa74@example.org,2025-11-06
164,Stephen Phillips,dianepitts@example.org,2025-02-10
165,David Ortiz,bartlettrobert@example.org,2025-11-07
166,Raymond Shepard,reedgabriel@example.com,2025-09-15
167,Thomas Moreno,reneelane@example.org,2026-01-22
168,Joseph Thompson,wilsonadam@example.com,2025-09-21
169,Nicholas Day,wilsonlauren@example.org,2025-06-16
170,Stefanie Nguyen PhD,claytonjulie@example.org,2025-07-06
171,Jeffrey Briggs,lkaufman@example.com,2025-02-23
172,Nathan Hernandez,lalvarado@example.net,2025-12-18
173,Mary Porter,huffalison@example.com,2025-05-04
174,Jessica Moore,dawnbooker@example.org,2025-04-07
175,Janice Hodges DVM,megan53@example.com,2025-03-05
176,Jose Price,gillrobert@example.com,2025-04-26
177,Angela Newton,bjohnson@example.com,2026-01-25
178,Christopher Ortiz,marksanchez@example.net,2025-02-07
179,Justin Buchanan,jmiller@example.org,2025-07-19
180,Martha Hill,mcintyrejulie@example.net,2025-10-05
181,Shannon Collins,james19@example.net,2025-10-02
182,Andrew Collins,crose@example.net,2025-05-29
183,Trevor Farley,zmcintyre@example.net,2025-03-07
184,Mrs. Wendy Hughes,charlespadilla@example.com,2025-11-07
185,James Burton,shelbyray@example.net,2025-12-08
186,Deborah Campbell,nicholasknight@example.com,2025-09-09
187,Mr. Gregory Rogers,nhicks@example.com,2025-08-09
188,Douglas Sawyer,qballard@example.com,2025-12-13
189,Adam Williams,cherylmacias@example.org,2025-04-01
190,Hannah Gardner,theodorehall@example.net,2025-06-06
191,Sarah Escobar,wstevens@example.org,2025-10-09
192,Kevin Williams,coxmichelle@example.org,2025-09-26
193,Stephanie Schneider,wbowers@example.net,2025-12-20
194,Mark Jackson,jennifermckinney@example.org,2025-05-18
195,Wayne Cox,michelebridges@example.com,2025-02-09
196,Nicholas Martinez,robert00@example.com,2025-07-30
197,Adam Wilson,dale43@example.org,2025-03-26
198,Amber Miller,rodriguezmichael@example.net,2025-03-16
199,Jackie Morris,millererica@example.org,2025-08-22
200,Jamie Wise,richardsonmichael@example.net,2025-10-07
201,Troy Johnson,johnsantiago@example.org,2025-06-20
202,Jessica Molina,natalie14@example.org,2026-01-04
203,Nathaniel Elliott,amason@example.net,2025-03-05
204,Jennifer Young,tsilva@example.net,2025-09-08
205,Aaron Hanson,martinezangelica@example.net,2025-12-28
206,David Armstrong,danielhayes@example.net,2025-06-16
207,Amanda Wilson,veronicahowell@example.org,2025-03-16
208,Janet Mccormick,evan34@example.com,2025-05-10
209,Ruben Williams,patrickshepherd@example.com,2025-05-12
210,Steven Mccormick,craig67@example.org,2025-08-30
211,Meghan Hawkins,jonathanhenderson@example.net,2025-08-06
212,David Nguyen,dianaayala@example.net,2026-01-30
213,Jennifer Mathews,austin17@example.net,2025-07-19
214,Brandon Burke,opeck@example.org,2025-06-27
215,Mark Cain,daviskaren@example.com,2025-10-17
216,Jeffrey Pope,johnday@example.org,2025-06-27
217,Craig Rush,lcole@example.org,2025-09-18
218,Gina Lopez,hnicholson@example.net,2025-12-30
219,Amanda Berry MD,johnnelson@example.com,2025-12-09
220,Robert Henderson,smithlinda@example.com,2025-08-25
221,Tina Lewis,andersonpatrick@example.org,2025-08-08
222,Jay Mathews,mariasmith@example.net,2025-07-25
223,Sherry Robinson,aaronmullins@example.net,2025-07-09
224,Jennifer Castillo,clarkclaire@example.org,2025-10-21
225,Gilbert Ramirez,michael28@example.net,2025-06-08
226,Gail Gonzalez,joystanley@example.net,2025-12-13
227,Keith Weeks,danielmaxwell@example.org,2025-07-24
228,Michael Watson,jacosta@example.org,2025-03-10
229,Alexandra Lee,maysnatalie@example.net,2025-02-09
230,Hannah Gordon,nathan34@example.org,2026-01-29
231,Cheryl Smith,chadgentry@example.com,2025-12-08
232,Vanessa Oneill,amysoto@example.org,2025-05-09
233,Colin Johnson,zhall@example.org,2025-12-19
234,Annette Rodriguez,krausetiffany@example.net,2025-06-03
235,Ryan Owen,markproctor@example.org,2025-02-16
236,Barbara Lin,danielthompson@example.com,2025-02-23
237,Gregory Lamb,johnnolan@example.org,2025-02-24
238,Johnny Turner,lawrencerichard@example.org,2025-06-11
239,Stephanie Baker,shannonsimon@example.net,2025-09-30
240,Corey Scott,fernandezaudrey@example.net,2025-07-13
241,Roger Parker,frank59@example.com,2025-05-16
242,Michelle Bailey,michaelowens@example.net,2025-08-14
243,Christopher Knight,jonathan51@example.org,2026-01-21
244,Elizabeth Blair,rodriguezalexander@example.com,2025-02-14
245,Christopher Carpenter,codygarcia@example.net,2026-01-19
246,Dr. James Clark,atrevino@example.net,2025-12-24
247,Mariah Hughes,gsaunders@example.com,2025-10-14
248,Jennifer Rodriguez,jacksonanthony@example.com,2025-06-18
249,Jeffrey Lang,jmejia@example.net,2026-01-12
250,Kristin Fitzpatrick,charles26@example.com,2025-05-27
251,Angela Johnson,markpowell@example.net,2025-10-21
252,Alyssa Davenport,brian40@example.com,2025-04-22
253,Marie Cole,rhenry@example.net,2025-12-26
254,Timothy Garner,danielsnow@example.com,2025-07-29
255,Richard Ramos,nguyenjoel@example.com,2026-01-16
256,Sarah Campbell,richard26@example.com,2025-02-20
257,Theresa Krueger,robertsbrandon@example.com,2025-09-14
258,Deanna Riggs,nathansantana@example.org,2025-12-27
259,Andrew Holmes,stephengordon@example.net,2025-12-25
260,Erin Williams,jacobsdavid@example.org,2025-10-05
261,Traci Hall,omoore@example.org,2025-05-24
262,Richard Stout,alexandertaylor@example.net,2025-10-13
263,Albert Davis,noah05@example.net,2025-03-01
264,Vanessa Bennett,ohorton@example.net,2025-02-09
265,Micheal Mora,joneskathryn@example.net,2025-05-25
266,Alicia Hernandez,pcox@example.net,2026-01-16
267,John Hamilton,nicholascrane@example.org,2025-05-14
268,Sarah Allison,angela13@example.org,2025-05-15
269,Shelly Boyle,garciabarbara@example.com,2025-12-29
270,Angela Petersen,james64@example.com,2025-08-30
271,Mark Carroll,pwallace@example.com,2025-12-02
272,Melissa Pearson,barnesgeorge@example.net,2025-02-21
273,Evelyn Hoover,meghanbrock@example.net,2025-07-26
274,Samuel Romero,michael46@example.net,2025-07-29
275,Veronica Stone,gabrielle43@example.org,2025-11-20
276,George Reynolds,vanessamiller@example.net,2025-07-22
277,Laura Rojas,donald44@example.net,2025-11-04
278,Gina Morrison,kguzman@example.com,2025-12-06
279,Jennifer Mason,pammckinney@example.org,2025-02-09
280,Patricia Walker,castilloandrea@example.com,2025-10-25
281,Pamela Berg,hernandezjordan@example.org,2025-08-12
282,Robin Jackson,jamesunderwood@example.net,2025-05-27
283,Michael Chandler,wheeleralfred@example.com,2025-09-10
284,Jasmine Hughes,timothybrown@example.net,2025-07-16
285,Michelle Kelly,erichernandez@example.com,2025-05-07
286,Kenneth Allen,eescobar@example.com,2025-09-07
287,Mr. David Salinas DDS,georgemullins@example.org,2025-08-18
288,Michael Soto,cynthia68@example.com,2025-11-14
289,Brittany Guerrero,delacruzjames@example.net,2025-07-30
290,Nancy Weaver,christinaarcher@example.com,2025-06-14
291,Richard Jordan,martinezryan@example.org,2025-09-01
292,Adam Nelson,brittany10@example.net,2025-06-27
293,Ashley Davis,angelasnow@example.com,2025-06-01
294,James Miller,ijoseph@example.org,2025-11-14
295,Brandy Cowan,hansonsteven@example.com,2026-01-28
296,Scott Bridges,bsims@example.net,2025-09-21
297,Heather Warren,meagan07@example.com,2025-07-14
298,Steven Ellis,walkermark@example.net,2025-07-24
299,David Stewart,shanegarcia@example.com,2025-03-05
300,Connie Brooks DDS,amy64@example.com,2025-09-17
301,Brandon Alexander,ffrederick@example.com,2025-10-06
302,Isaiah Gibson,johntrevino@example.org,2025-04-12
303,Teresa Estrada,trujillocrystal@example.net,2025-03-24
304,Danielle Boone,ehoffman@example.net,2025-03-27
305,Katherine Johnson,melissadillon@example.com,2025-07-02
306,Michael Nguyen,mcdonaldbrent@example.com,2025-12-06
307,Marcus Banks,hwest@example.com,2025-05-18
308,Andrea Paul,ehess@example.com,2025-03-19
309,Alec Ibarra,scottbishop@example.com,2025-05-10
310,Joe Nelson,pnelson@example.org,2025-10-10
311,Colleen Fields,zconner@example.net,2025-12-23
312,Kimberly Lawson,rgreer@example.com,2025-07-16
313,Calvin Paul,edwardhines@example.org,2026-01-18
314,Ryan Shaffer,levydonna@example.net,2025-03-29
315,Susan Clark,qhamilton@example.com,2026-01-05
316,Mr. Dennis Jones MD,beverly64@example.com,2025-03-12
317,Joanna Kelly,alvarezedward@example.net,2025-02-13
318,Logan Lynch,grayheather@example.com,2026-01-08
319,Ariel Tapia,marioclark@example.org,2025-07-03
320,Christopher Gallagher,hbrown@example.net,2025-09-02
321,Latasha Morales,bradleypadilla@example.com,2025-04-01
322,Richard Ellis,joseph08@example.com,2025-02-08
323,Dustin Anderson,rcampbell@example.net,2025-07-11
324,Oscar Gray,david78@example.net,2025-07-14
325,Stephanie Gilbert,brianchase@example.org,2025-03-24
326,Kathleen Wells,mrodriguez@example.com,2026-01-04
327,Dawn Campbell,rconley@example.net,2025-06-01
328,Christina Stanley,jonesjeffrey@example.net,2025-11-11
329,Erica Adams,sandra99@example.net,2025-07-09
330,Terry White,usmith@example.net,2025-08-10
331,Melissa Palmer,jowens@example.net,2025-05-20
332,Devin Haney,shawn76@example.com,2025-09-04
333,Tracy Howard,andreacarroll@example.com,2025-07-16
334,Courtney Walton,rodriguezwalter@example.net,2025-06-30
335,Connor Stokes,angelawoods@example.net,2025-11-03
336,Ashley Johnson,bridget89@example.net,2025-12-21
337,Michael Beasley,kelly53@example.com,2025-02-27
338,Ann Gutierrez,amaxwell@example.org,2025-03-25
339,Wendy Kemp,walterstewart@example.net,2025-10-02
340,Stanley Schmidt,qbaldwin@example.org,2025-08-28
341,Kristi Melton,riveragarrett@example.net,2025-05-26
342,Matthew Hall,beckerdaniel@example.net,2026-01-07
343,Rhonda Fitzgerald,zcampbell@example.com,2025-03-12
344,James Gray,bcontreras@example.com,2025-12-17
345,Robin Choi,diane22@example.net,2025-09-28
346,Christine Rodriguez,amanda79@example.net,2025-02-12
347,Wendy Carter,arnoldethan@example.net,2025-11-07
348,Jessica Shaw,stevenrodriguez@example.net,2025-12-13
349,Angela Miller,robertsonkaitlyn@example.com,2025-03-19
350,Justin Coleman,brandonmaldonado@example.net,2025-10-19
351,Terry Warner,kristi37@example.com,2025-03-11
352,Marie Nguyen,ktorres@example.net,2025-08-01
353,Grace Hendrix,jimenezkeith@example.org,2025-11-04
354,Eric Graham,goldenmackenzie@example.net,2025-07-17
355,Stephanie Winters,davissarah@example.net,2025-11-23
356,Terri Acevedo,mollymorgan@example.org,2025-08-11
357,Kelly Stokes,cavila@example.com,2025-06-12
358,Mrs. Tiffany Scott DVM,amymcdonald@example.org,2025-04-14
359,Ann Kirby,wheelerlisa@example.com,2025-10-14
360,Corey Harris II,dennis00@example.com,2025-09-14
361,Mason Baker,ephillips@example.com,2025-04-14
362,Erin Dyer,kelleramber@example.com,2025-05-15
363,Rachel Christensen,scottyoung@example.net,2025-04-04
364,Amanda Beck,twilson@example.org,2025-05-18
365,Elizabeth Berry,phillipsjose@example.org,2025-05-09
366,Pamela Bell,warepeter@example.net,2025-02-21
367,Charles Walker,leerodney@example.org,2025-04-05
368,Brian Sparks,hopkinsnoah@example.com,2026-01-22
369,Lori Sloan,onguyen@example.com,2025-07-02
370,Matthew Vaughan,williamsdwayne@example.net,2026-01-30
371,Jennifer Bush,kelly57@example.com,2025-06-27
372,Catherine Padilla,hwelch@example.com,2025-07-06
373,David Chavez,timothysmith@example.org,2025-04-27
374,Nicole Clements,agray@example.org,2025-02-24
375,Jeffrey Allison,sjones@example.org,2026-01-01
376,David Vargas,christopherthomas@example.org,2025-04-12
377,Mr. Jamie Simon MD,christinajohnson@example.org,2025-04-30
378,Beverly Dean,gharrison@example.org,2025-07-12
379,Samantha Espinoza,christopherhayes@example.org,2025-09-06
380,Allison Foley,jamesmunoz@example.net,2025-09-20
381,Susan Crawford,thomasrichard@example.org,2025-08-28
382,Joshua Perez,sford@example.net,2025-08-16
383,Michelle Wiggins,ugreene@example.org,2025-08-22
384,Thomas Shaffer,pbridges@example.com,2025-10-06
385,Sherri Rodriguez,martinezcatherine@example.net,2026-01-27
386,Susan Willis,rsimmons@example.net,2025-09-01
387,Rachel Ross,terri37@example.net,2025-09-01
388,Mark Gonzalez,kimberlysmith@example.net,2025-04-07
389,Gregory Wiley,fmartinez@example.com,2025-06-24
390,Gina Mendez,morenoallison@example.com,2025-10-19
391,Andrew Cannon,burnettnathan@example.com,2026-01-08
392,Zachary Howell,bowmanhayley@example.com,2025-12-31
393,Ruth West MD,rgraves@example.com,2025-02-06
394,Joseph Roy,anthonyhernandez@example.org,2025-03-08
395,Mark Ortiz,gregory00@example.com,2025-06-01
396,James Garcia,zimmermanmaria@example.com,2025-05-25
397,Brandi Parrish,whitetracy@example.org,2025-09-23
398,Michelle Robinson,allisonturner@example.net,2025-10-07
399,Erin Hicks,leejohn@example.com,2025-03-18
400,Kimberly Lewis,juliebarrett@example.org,2026-01-29
401,Terri Higgins,joshua20@example.org,2025-05-06
402,Katherine Jones,joan77@example.com,2025-06-24
403,Melissa Greene,michael02@example.org,2025-07-07
404,Stephanie Cole,valerie99@example.com,2025-10-09
405,Veronica Fitzpatrick,justin05@example.com,2025-05-25
406,Patrick Jones,brianharris@example.org,2025-09-26
407,Julie Fisher,nicoleedwards@example.com,2025-11-24
408,Eric Vazquez,thomas83@example.org,2025-10-26
409,Michael Smith,ana77@example.com,2025-02-24
410,Gary Murray,courtney14@example.org,2026-01-18
411,Michael Maxwell,ashleysantana@example.org,2025-10-20
412,Sara Ford,kaufmanrobert@example.org,2025-08-25
413,Andrew Small,jamesgarcia@example.com,2025-12-10
414,Andrea Payne,mikaylaavery@example.net,2025-08-31
415,Brenda Rowland,hessbianca@example.org,2025-05-11
416,Mr. Jose Clark,charlesjuarez@example.net,2025-02-14
417,Chad Wood,patelcrystal@example.org,2025-02-11
418,Jason Maldonado,fpetersen@example.com,2025-02-11
419,Hunter Brown,samueldavid@example.net,2025-06-18
420,Charles Smith,james88@example.net,2025-06-07
421,Patrick Martinez,bretttyler@example.net,2025-10-29
422,Cole Walker,craigdarren@example.com,2025-08-17
423,Eric Brown,amymcclure@example.com,2025-05-30
424,Brian Watson,lauriewright@example.com,2025-03-10
425,Timothy Thompson,scottandersen@example.com,2025-08-03
426,Carolyn Cruz,anthonydiaz@example.org,2025-02-05
427,Maurice Malone,johnallen@example.net,2025-04-26
428,Katelyn Miller,marcus46@example.org,2025-09-10
429,Micheal Moyer,davidburke@example.com,2025-07-03
430,Leah Arellano,ybarajas@example.org,2025-10-04
431,Lisa Davis,mileseric@example.com,2025-10-10
432,John Jordan,kristinaguilar@example.org,2025-10-02
433,Joseph Johnson,kimcurtis@example.net,2025-04-03
434,Rachel Dunn,shudson@example.org,2025-03-27
435,Mary Kelly,qhaynes@example.org,2025-09-11
436,Katrina Smith,lcarr@example.com,2025-06-16
437,Travis Davis,simspaige@example.net,2025-10-13
438,Vickie Lee,meganjordan@example.com,2025-07-30
439,Joseph Davidson,tscott@example.org,2025-04-09
440,Katherine Rodriguez,susantucker@example.net,2025-09-07
441,Christine Schmidt,bobby83@example.net,2025-06-10
442,Tara Reid,gfarmer@example.com,2025-11-23
443,Madison English,markkeith@example.com,2025-05-16
444,Kerry Sanchez,tracy58@example.net,2025-10-27
445,Brianna Guerra,daycarl@example.net,2025-12-26
446,Daniel Sanders,richard16@example.net,2025-07-20
447,Eric Evans,snowmary@example.com,2025-12-05
448,Jennifer Mosley,chelsea02@example.org,2025-06-12
449,Ashley Marshall,thompsonmiguel@example.com,2025-05-08
450,Michelle Lewis,robertdelacruz@example.com,2025-12-26
451,Kaitlyn Dunn,alvarezstephanie@example.net,2025-09-11
452,Linda Wilson,millermargaret@example.org,2025-03-01
453,Brandon Flowers,umckinney@example.net,2025-06-01
454,Jacob Holmes,robertsamber@example.com,2026-01-29
455,Robert Henderson,barbarathomas@example.org,2025-10-11
456,Anthony Pacheco,smithkevin@example.net,2025-11-09
457,Mr. Michael Rodriguez,macdonaldlisa@example.com,2025-12-25
458,Noah Stewart,larsenkatie@example.com,2025-02-20
459,Yolanda Flores,jameswatkins@example.net,2025-11-09
460,Tara Wolfe,chaneyandrew@example.net,2026-01-15
461,Kimberly Hatfield,qevans@example.com,2025-07-11
462,Robin Taylor,vortiz@example.com,2025-12-13
463,Maurice Smith,sharon55@example.net,2025-03-19
464,Jamie Henderson,yparker@example.org,2025-10-19
465,Donald Smith,aguzman@example.net,2025-11-20
466,Vincent Yu,john68@example.net,2025-05-16
467,Evelyn Kim,megan64@example.net,2025-05-24
468,Lee Lee,sherrysmith@example.net,2025-09-08
469,Kelsey Gonzales,yhernandez@example.net,2026-02-01
470,Jeffrey Munoz,kdiaz@example.org,2025-12-19
471,Micheal Ramsey,bennettemily@example.com,2025-12-06
472,Ashley Lowe,savannah06@example.net,2025-05-14
473,Karen Keller,martinpaul@example.com,2025-02-14
474,Jason Bauer,llarsen@example.org,2025-10-28
475,Nicholas Goodman,traviswyatt@example.org,2025-10-02
476,Jessica Buchanan,alejandrodavidson@example.org,2025-12-22
477,Jennifer White,benjamin59@example.net,2025-06-09
478,Christopher Simpson,joneskenneth@example.org,2025-03-21
479,Ariana Dennis,allenjoseph@example.net,2025-11-08
480,Jacob Shepard,johnsonmary@example.net,2025-12-05
481,Kim Huerta,richard90@example.com,2025-11-25
482,Gina Leblanc,brendan54@example.com,2025-03-20
483,Derek Johnson,abailey@example.com,2025-08-02
484,Glenn Carpenter,vaughnkelli@example.net,2025-06-23
485,Thomas Potts,anthonygoodman@example.com,2025-07-09
486,Joe Palmer,espence@example.com,2025-08-25
487,Victoria Stuart,djohnston@example.net,2026-01-26
488,Debbie Carey,allenchristina@example.net,2025-07-30
489,Curtis Martinez,zwarren@example.net,2025-08-01
490,Emily Stout,jesse74@example.com,2025-06-29
491,Robin Krueger,jacobperez@example.org,2025-12-22
492,Maria Bennett,jonathanlopez@example.com,2026-01-17
493,Susan Moody,bpadilla@example.com,2025-07-15
494,Alicia Johnson,zwright@example.net,2025-06-30
495,Ryan Alexander,stephanie98@example.org,2025-02-20
496,Stephen Love,racheljensen@example.org,2025-05-02
497,Denise Baker,hendrixstanley@example.net,2025-11-06
498,Roberto Moody,cmoss@example.net,2025-09-04
499,Monique Price,paullong@example.net,2025-02-25
500,Jennifer Stein,aguilarkelly@example.org,2025-03-03
501,Gregory Wright,marcus38@example.com,2025-05-18
502,Tyler Little,shannon90@example.net,2025-06-11
503,Elizabeth Martin,thomasray@example.org,2025-02-23
504,Samantha Velez,brendasullivan@example.org,2025-08-21
505,Mia Allen,michael96@example.org,2025-03-24
506,Steven White,audreyday@example.net,2025-03-05
507,Derrick Cummings,tammy29@example.net,2025-07-30
508,Dr. Zachary Scott,waltersarah@example.org,2025-03-02
509,Gregory Cunningham,ernest85@example.com,2026-01-02
510,Joseph Davis,donaldrowe@example.org,2025-12-18
511,Tyler Price,christine63@example.org,2025-11-03
512,Lauren Cline,petersalisha@example.org,2025-09-22
513,Lindsey Little,brianevans@example.net,2025-06-23
514,Phillip Navarro,catherine01@example.net,2025-12-11
515,Kristen Holt,samantha75@example.net,2025-11-06
516,Luis Mcintyre,vaguilar@example.org,2025-10-10
517,Alexis Harvey,knolan@example.net,2025-07-11
518,Bryce Kennedy,oscarmichael@example.com,2025-10-09
519,Mark Osborne,snyderjudy@example.org,2025-06-15
520,William Bartlett,ryanmoore@example.org,2025-07-04
521,Matthew Hall,nathanfrey@example.com,2025-02-10
522,Michael Ruiz,richardgardner@example.com,2025-05-28
523,Leslie Dean,ericscott@example.org,2026-02-05
524,Regina Villegas,laurengibbs@example.com,2025-04-06
525,Michael Macias,bfrost@example.com,2025-10-09
526,Gabrielle Williams,toneal@example.net,2025-12-02
527,David Butler,deanna59@example.org,2025-04-11
528,Catherine Nguyen,crystalhoward@example.com,2025-12-08
529,Susan Tran,williamscourtney@example.org,2025-12-29
530,Katelyn Wood,betty82@example.org,2025-10-10
531,Lucas Ayala,jonathan77@example.net,2025-09-05
532,Ronald Wade,amanda58@example.com,2025-09-21
533,Geoffrey Duncan,deannaharvey@example.org,2025-10-24
534,Alice Anderson,cohendavid@example.com,2025-02-12
535,Emily Howard,xrodgers@example.net,2025-06-29
536,Trevor Jones,moralesmatthew@example.org,2025-08-21
537,Mary Haney,lisa12@example.com,2026-01-17
538,Marissa Aguilar,iburns@example.net,2025-08-17
539,Cody Simpson,ortizlisa@example.com,2025-07-29
540,Ryan Banks,luisramos@example.net,2025-04-01
541,Jill Harris,whitegregory@example.net,2025-03-19
542,Michael Smith,johnsonnicholas@example.com,2025-12-18
543,Janet Klein DVM,daniel42@example.org,2025-05-18
544,Sarah Delgado,bfrost@example.com,2025-04-26
545,Katelyn Brennan,lisagarcia@example.net,2025-10-17
546,Felicia Spence,steven72@example.org,2025-06-30
547,Isaiah Martin,nroberson@example.net,2025-08-16
548,Matthew Davis,timothycooley@example.com,2025-03-07
549,Michael Lopez,webbgregory@example.com,2026-01-12
550,Michael Williams,bdiaz@example.com,2025-11-15
551,Ashley Reid,ppalmer@example.net,2025-05-22
552,Nancy Gray,geoffreychase@example.net,2025-07-27
553,Annette Rodriguez,parrishnicholas@example.com,2025-07-25
554,Michael Gonzalez,johnsontiffany@example.com,2025-05-15
555,Joshua Fernandez,rlove@example.com,2025-10-06
556,Jennifer Ballard,hendersonfrank@example.org,2025-06-19
557,Cynthia Moore,perryaustin@example.net,2025-09-03
558,Sean Barrera,jessicapatton@example.net,2025-08-01
559,Sarah Johnson,smcguire@example.net,2025-02-11
560,Kelly Wilkins,mrocha@example.com,2025-07-27
561,Jessica Johnson,smithvickie@example.org,2025-08-17
562,Richard Turner,prestonphillips@example.com,2025-09-09
563,Richard Mcdaniel,evanssteven@example.net,2025-02-17
564,Karen Haas,jjohnson@example.net,2025-08-03
565,Laura Stewart,trancarol@example.com,2025-10-06
566,Frank Bowman,pauledward@example.com,2025-02-16
567,Cory Smith,millerbrianna@example.org,2025-03-06
568,Denise Waters,jenniferwoods@example.org,2025-04-08
569,Rachel Lang,wilkinsonjoshua@example.net,2025-02-23
570,Lauren Thomas,bwalter@example.org,2025-07-04
571,Phillip Garcia,normanmelissa@example.org,2025-08-21
572,Chad Oliver,coopercynthia@example.com,2025-04-17
573,Mary Mcdonald,bmiller@example.com,2025-03-31
574,William Turner,codysmith@example.org,2025-05-07
575,Michael Robinson,whitecharles@example.net,2025-10-19
576,Katherine Adams,daniel30@example.org,2025-09-12
577,Laura Chavez,cassandrabarnes@example.org,2025-12-17
578,Stanley Williams,dorothy07@example.net,2025-05-14
579,Joseph Baker,yward@example.net,2025-08-28
580,Daniel Davis,lewisdaniel@example.org,2025-10-19
581,Kathy Butler,hollymarks@example.net,2025-11-18
582,Karen Harvey,santiagoshelly@example.org,2025-12-12
583,Robert Myers,gutierrezrobert@example.org,2026-01-14
584,Michael Hodge,ftaylor@example.com,2025-05-30
585,Jason Wells,griffinjennifer@example.com,2025-07-15
586,James Jones,esimon@example.net,2026-01-30
587,Grace Carroll,oobrien@example.net,2025-04-09
588,Charles Lopez,simpsonronald@example.com,2025-06-08
589,Richard Cortez,qlewis@example.com,2025-10-15
590,Sarah Clark,carly00@example.com,2025-11-19
591,Antonio Gomez,franceshernandez@example.net,2025-11-30
592,Michael Estrada,sheltonlisa@example.com,2025-04-02
593,Jack Mcpherson,pachecodaniel@example.net,2025-02-21
594,Justin Howard,sherrienglish@example.com,2025-04-26
595,Alicia Hudson,michelle03@example.org,2025-08-14
596,Timothy Cunningham,shortpeggy@example.net,2025-06-04
597,Timothy Walter,debrawilliams@example.com,2025-03-08
598,Gregory Salazar,blakesutton@example.com,2025-04-24
599,Thomas Dillon,sararodriguez@example.com,2025-02-23
600,Andrea Bryan,heather56@example.net,2025-12-21
601,Lindsey Hernandez,samuelcoleman@example.org,2025-09-12
602,Kenneth Morgan,warnerdavid@example.net,2025-11-22
603,Andrew Rivera,kevinsimon@example.org,2025-11-26
604,Stephanie Clark,hamiltongary@example.net,2025-03-24
605,Timothy Moody,danieloconnell@example.net,2026-01-04
606,Tony Thompson,shawna97@example.net,2025-09-14
607,Mark Dunn,christopher94@example.org,2025-07-24
608,Steven Turner DDS,smithjohn@example.net,2025-11-05
609,Megan Jimenez,moraleschristine@example.org,2025-07-28
610,Christopher Aguirre,alyssarussell@example.net,2025-12-08
611,Ashley Cole,madisoncarlson@example.org,2025-09-18
612,Stephanie Goodman,williamsmarilyn@example.org,2025-05-12
613,Lisa Green,turnerpreston@example.net,2025-02-15
614,Daniel Moran,wileyjason@example.com,2025-09-22
615,Taylor Olson,jamesbarnes@example.com,2025-11-21
616,April Ferguson MD,nicolekaufman@example.net,2025-10-21
617,Jason Bauer,robertibarra@example.net,2025-08-07
618,Derrick Castillo,jeremyalvarado@example.com,2025-04-27
619,Stephen Rubio,scottpalmer@example.net,2025-05-20
620,Jeffery Mora,shannon99@example.com,2025-04-23
621,Meghan English,jacobklein@example.com,2025-03-30
622,Victor Stafford,frobles@example.com,2026-01-20
623,Stephen Ford,ashley03@example.net,2025-07-26
624,Colleen Bell,carllane@example.org,2025-05-26
625,Christine Davis,johnsonbethany@example.com,2025-06-28
626,Christian Cannon,andreasimon@example.net,2025-04-19
627,Kevin Olsen,caitlin44@example.com,2025-06-17
628,Michael Long,zdavis@example.org,2026-01-27
629,Lindsay Duncan,ublair@example.com,2025-02-08
630,Rebecca Lamb,kristinmichael@example.org,2025-05-11
631,Lauren Sullivan,whitejenna@example.org,2025-04-20
632,Tiffany Lucas,andrewnichols@example.net,2025-08-21
633,Tanya Davis,foleylaura@example.com,2025-06-09
634,David Miller,jonathansolis@example.org,2025-02-10
635,Tina Johnson,bmiles@example.com,2025-04-01
636,Michael Mckenzie,james29@example.net,2025-11-24
637,Anthony Garcia,mitchellandres@example.com,2025-08-08
638,Jacob Jackson,aharris@example.com,2025-08-20
639,Alejandra Roberts,michelleedwards@example.org,2025-10-28
640,Troy Jones,deborahroberts@example.com,2025-07-17
641,Eric Johnson,torresrobert@example.net,2025-02-26
642,Amber Yang,meagan42@example.com,2025-11-15
643,Ashley Lawson,rhorn@example.net,2025-04-28
644,Alyssa Davidson,pmarsh@example.org,2025-06-24
645,Misty Green,ppatel@example.org,2026-01-18
646,Brian Coleman,david97@example.com,2025-03-26
647,Amy Dudley,johnsondeborah@example.org,2025-10-06
648,Tina Liu,marcus77@example.net,2025-11-16
649,Ryan Johnson,jwood@example.com,2025-03-17
650,Vernon Campbell,mcknightnicholas@example.com,2025-07-09
651,Frederick King,montesrobert@example.org,2025-03-20
652,Robert Martinez,wolfchristina@example.net,2026-01-04
653,Katherine Fuentes,nichole28@example.com,2025-07-05
654,Jacob Green Jr.,ashley05@example.net,2025-03-30
655,Christopher Chambers,cmoore@example.com,2025-05-28
656,Ashley Ayala,stephenjones@example.com,2025-07-07
657,Ralph Woods,christopher73@example.com,2025-07-10
658,Carl West,brandonbridges@example.net,2025-06-13
659,Nicole Nichols,robert43@example.net,2025-12-17
660,Michael Smith,garybryan@example.com,2026-01-15
661,Tracey Johnson,vjohnson@example.org,2025-12-05
662,Robert Lee,lunajose@example.net,2025-09-30
663,Steven Hernandez,kimberlysosa@example.com,2025-08-11
664,Christopher Moody,pmiranda@example.org,2025-04-02
665,Vincent Lin,sherrihunt@example.org,2025-08-10
666,Jessica Baker,catherine55@example.net,2025-07-05
667,James Brooks,brandi69@example.org,2025-10-26
668,Kayla Arnold,gsmith@example.com,2025-02-24
669,Belinda Marsh,jennifer86@example.org,2026-01-31
670,Ashley Bullock,xbenton@example.net,2025-09-21
671,Margaret Brown,lcross@example.com,2025-07-08
672,David Swanson,zgriffith@example.org,2025-02-07
673,Melissa Phillips,kristinharding@example.org,2025-04-14
674,Adrian Crawford,james91@example.com,2025-11-14
675,Joshua Harrington,jose41@example.net,2025-04-16
676,Kristine Wilson,jennifer63@example.net,2025-08-01
677,Eric Gray,kpetersen@example.net,2025-04-11
678,Karen Gomez,jaimerobinson@example.org,2025-04-07
679,Erin Torres,jessicahiggins@example.org,2025-04-26
680,Steven Wong,hubbardstephanie@example.com,2025-02-15
681,Christopher Garcia,uroberson@example.net,2025-04-17
682,Brian Alvarado,daviswendy@example.org,2025-08-30
683,Heather Johnson MD,brittanyanderson@example.com,2025-04-07
684,Joshua Copeland,wjohnson@example.org,2025-06-20
685,Jessica Collins,williamwillis@example.org,2025-05-18
686,Julie Smith,leejessica@example.net,2025-08-03
687,Julie Cook,josephking@example.net,2025-09-14
688,Mark Snyder,alicia89@example.com,2025-12-10
689,Natalie Griffith,hudsonerik@example.net,2025-11-22
690,Cody Torres,jfranco@example.org,2026-01-28
691,Kaylee Walton,beth22@example.org,2025-02-28
692,Deborah Lyons,tara04@example.org,2025-02-21
693,Beth Mcmahon,hjoseph@example.com,2025-12-20
694,Patty Jones,susanrodriguez@example.com,2025-12-05
695,Patricia Dawson,fitzgeraldjose@example.net,2025-05-04
696,Veronica Rodriguez,slewis@example.org,2025-05-05
697,Allison Barnett,smithpaul@example.net,2025-09-07
698,Richard Stanton,iowens@example.org,2025-03-24
699,Justin Scott,cadams@example.com,2026-01-15
700,Amber Wood,wrightjudy@example.com,2025-06-02
701,Angela Conner,frios@example.com,2025-10-08
702,Tiffany Green,brianna19@example.com,2025-10-11
703,Heather Miller,westvanessa@example.net,2025-02-15
704,Stephanie Garcia,megan68@example.org,2025-04-18
705,Beth Murphy,davidwilliams@example.com,2025-03-26
706,Mark Burton,lzavala@example.com,2025-09-24
707,Christopher Burton,anita72@example.com,2025-05-21
708,Eric Fisher,john60@example.net,2025-04-14
709,Ryan Washington,lewisalicia@example.net,2025-04-10
710,Helen Mills,mathewstracey@example.net,2025-04-06
711,Joan Ray,ashley05@example.net,2025-12-15
712,Luis Lopez,juliebryant@example.com,2025-09-16
713,Erika Montoya,fergusonkayla@example.net,2025-03-02
714,Tyler Taylor,tracygutierrez@example.org,2025-09-18
715,William Le,laura59@example.org,2026-01-12
716,Dr. Diane Jordan,dianasharp@example.net,2025-11-17
717,Jose Downs,egutierrez@example.net,2026-01-18
718,Thomas Thompson,matthewfox@example.org,2026-01-12
719,Joshua Mcgee,westpamela@example.net,2025-10-30
720,Nicholas Wu,joshuabarker@example.net,2025-10-08
721,Jenna Cooley,bdominguez@example.com,2025-04-13
722,Corey Haley,susancabrera@example.net,2025-06-11
723,Alexa Young,wendy15@example.net,2025-06-13
724,Michael Gomez,rosswilliam@example.com,2025-04-03
725,Charles Miller,ewatkins@example.net,2025-03-12
726,Patty Hoover,laura45@example.net,2025-09-28
727,Kelly Wilcox,harrellmichael@example.com,2025-11-04
728,Christopher Sweeney,farmeralejandra@example.net,2025-06-20
729,Jennifer Franklin,danielcooper@example.net,2026-01-07
730,Deanna Keith,angel97@example.com,2025-08-13
731,Martha Jordan,cramirez@example.com,2025-09-03
732,Michael Parker,jasonmccoy@example.org,2025-04-22
733,Mrs. Erin Tanner,bshah@example.com,2025-10-01
734,Jose Wilson,williamsimon@example.net,2025-03-14
735,Dawn Espinoza,tammycastillo@example.net,2025-04-24
736,Devin Hays,cbaker@example.org,2025-08-05
737,Noah Burns,kcantrell@example.org,2025-02-06
738,Christopher Davis,wallacejohnny@example.net,2026-02-04
739,Carl Flores,xlewis@example.net,2025-08-23
740,Juan Parker,whancock@example.net,2025-03-18
741,Eric Welch,scott73@example.com,2025-06-21
742,John Johnson,andrewrodriguez@example.net,2025-05-17
743,Debra Mack,michael99@example.net,2026-01-15
744,Benjamin Swanson,simmonsteresa@example.org,2025-10-30
745,Nathan Cox,webbtom@example.net,2026-01-01
746,Sean Wood,mooneymelinda@example.org,2025-12-06
747,Jennifer Lawson,esimmons@example.org,2025-07-14
748,Jenny Greene,jonathan22@example.org,2025-02-24
749,Christine Raymond,alexander06@example.com,2025-03-23
750,Christopher Williams,uwolfe@example.net,2025-05-26
751,Sonia Espinoza,morenojuan@example.com,2025-10-14
752,Justin Ochoa,nancy87@example.org,2025-06-24
753,Nancy Hogan,amy28@example.com,2025-10-30
754,Kathleen Wagner,prodriguez@example.com,2025-07-09
755,Stephanie Cabrera,karenevans@example.net,2025-04-15
756,Billy Neal,bgonzalez@example.org,2025-03-21
757,Daniel Pennington,floresdouglas@example.org,2026-01-14
758,Sandra Roberts,reynoldsdaniel@example.org,2026-01-16
759,Joshua Floyd,deborahkim@example.org,2025-05-27
760,Brianna Caldwell,johnathanalvarado@example.net,2025-11-01
761,Elizabeth Davis,hmassey@example.net,2026-01-22
762,Colleen Maldonado,joy69@example.com,2025-05-13
763,Felicia Berry,donald85@example.net,2025-09-23
764,Luis Fox,stacystewart@example.com,2025-08-14
765,Valerie Alexander,david31@example.com,2025-10-10
766,Roger Williams,ronald02@example.net,2025-11-10
767,Christopher Turner,mannjennifer@example.net,2025-03-26
768,Dr. Wanda Ferguson,nicolewatkins@example.org,2025-04-15
769,Jennifer Kramer,millertimothy@example.com,2025-12-08
770,Christopher Hall,moorejustin@example.com,2025-10-06
771,Steven Stephens,elizabeth39@example.net,2025-10-18
772,Joshua Bernard,hesscolleen@example.net,2025-05-25
773,Benjamin Short,charles40@example.com,2025-05-25
774,Benjamin Davis,jasoncaldwell@example.com,2025-02-24
775,Danielle Rivera,nathanielherrera@example.org,2025-05-02
776,Jessica George,kbrown@example.org,2025-04-03
777,Mrs. Terri Holt,ohouse@example.net,2025-08-10
778,David Cook,heather56@example.org,2025-04-18
779,Timothy Barker,melanieolson@example.net,2025-04-06
780,Lindsay Ayers,matthewvargas@example.com,2025-04-14
781,Crystal Liu,nicolebrown@example.net,2026-01-17
782,Tiffany Myers,kelsey14@example.com,2025-09-30
783,Tim Robinson,gmatthews@example.com,2025-10-16
784,Andres Martinez,jaguilar@example.com,2025-06-17
785,Michael Thomas,rodriguezcrystal@example.org,2025-12-10
786,Julia Gray,deckervincent@example.org,2025-12-13
787,Tracy Benson,jennifer21@example.org,2026-01-20
788,Juan Torres,virginiabarnes@example.org,2026-01-09
789,Phillip Nunez,chavezerik@example.net,2025-02-20
790,Michael Montgomery,cwallace@example.org,2025-03-13
791,Amy Robinson,wardbobby@example.com,2025-07-20
792,Sherri Ramos,jsmith@example.com,2025-10-22
793,Jacqueline Rogers,vcollins@example.org,2025-07-29
794,Carolyn Turner,thomas10@example.com,2025-04-16
795,Larry Rodriguez,mary13@example.com,2025-12-06
796,James Edwards,cabreratiffany@example.org,2025-12-08
797,Bobby Park,jbradshaw@example.com,2025-09-26
798,Mr. Christopher Armstrong,joshua00@example.org,2025-05-19
799,Keith Walker,washingtonelizabeth@example.net,2025-07-11
800,Allison Nguyen,kevintaylor@example.net,2025-02-16
801,Mr. Roger Grant,mullinsrodney@example.net,2025-11-23
802,Steven Ellison,hessamy@example.net,2025-02-15
803,Erin Moran,lisa49@example.com,2025-04-07
804,Kathy Henry,odomsandra@example.com,2025-10-08
805,John Wells,zjohnston@example.com,2025-08-13
806,Mr. George Green MD,jeffrey14@example.org,2025-08-13
807,Marvin Jenkins,zjohnson@example.com,2025-06-11
808,Duane Campos,gomezkristen@example.org,2025-12-24
809,Christopher Weaver,kimberly03@example.org,2025-12-29
810,Rebecca Miller,martinezmonica@example.com,2025-03-14
811,Richard Avery,lanechristine@example.com,2025-06-30
812,Susan Campbell PhD,angela71@example.org,2025-12-22
813,Nathan Torres,harringtonlacey@example.com,2025-03-10
814,Angela Callahan,carrie80@example.com,2025-07-02
815,Michael Bates PhD,lindamoore@example.org,2025-10-14
816,Shelby Hebert,aleon@example.org,2025-06-23
817,Troy Odom,russelljohn@example.net,2025-11-01
818,Deborah Aguilar,christopherprince@example.net,2025-12-16
819,James Greene,adam80@example.org,2025-08-26
820,Laura Young,jensenjohn@example.net,2025-04-20
821,Rachel White,johnkeller@example.org,2025-07-29
822,David Dominguez,andrewguzman@example.net,2025-03-16
823,Jason Boyer,larsonjames@example.net,2025-07-13
824,Christopher Newton,qharper@example.org,2025-02-28
825,Richard Coleman,karenbyrd@example.com,2025-07-04
826,Joanna Matthews,rebecca74@example.net,2025-11-27
827,Stanley Allen,rubiodonna@example.net,2025-04-17
828,Cynthia Maxwell,david12@example.com,2025-05-16
829,Krista French,baueremily@example.org,2025-05-23
830,Barbara Tyler,katie62@example.org,2025-11-04
831,Gina Brady,vlee@example.net,2025-09-13
832,Kerri Lopez,stephen67@example.com,2025-04-06
833,Paul Daniel,john05@example.com,2025-09-19
834,Margaret Ramirez,jonathan81@example.org,2025-02-17
835,Kevin Sheppard,jasonjennings@example.net,2025-03-26
836,Elizabeth Reyes,kristy76@example.org,2025-04-03
837,Andrea Floyd,samuel60@example.org,2025-05-06
838,Mrs. Kim Harris,gallegosbarbara@example.com,2025-12-04
839,Alexa Pearson,mdavis@example.com,2025-11-18
840,Jeff Snyder,vgray@example.com,2025-09-25
841,Phillip Brown,prattkatherine@example.com,2025-03-30
842,Tonya Haney DDS,gomezlauren@example.com,2025-07-19
843,Edward Schroeder,zlewis@example.org,2025-09-06
844,Spencer Christensen,cmcmillan@example.org,2025-07-31
845,Colleen Clarke,sherry65@example.org,2025-06-29
846,Lynn Avila,morrisbradley@example.com,2025-11-14
847,Stephanie Stephens,bprice@example.net,2025-04-06
848,Deborah Johnston,nicolejenkins@example.org,2025-03-15
849,Carolyn Adams,robertstara@example.com,2025-06-02
850,Brandy Smith,blakebraun@example.net,2025-03-31
851,Anna Massey,johnsonjohn@example.com,2025-07-17
852,Patricia Payne,kfoster@example.net,2025-11-01
853,Monique Salazar,ashlee52@example.net,2025-07-13
854,Matthew Pope,juliesmith@example.net,2025-06-06
855,Kathleen Kane,barnettrichard@example.net,2025-08-15
856,Katherine Martinez,vpage@example.net,2025-10-10
857,Louis Fernandez,david30@example.com,2025-11-11
858,Amanda Scott,kgriffin@example.com,2025-11-25
859,Jason Beltran,nicoleporter@example.com,2025-06-14
860,James Rivera,phartman@example.com,2025-04-07
861,Juan Lopez,kim81@example.org,2025-05-08
862,Charles Myers,vfritz@example.org,2025-09-21
863,Mr. Mitchell Andrews MD,hardinkaren@example.com,2025-07-07
864,Lisa Murray,ethan74@example.com,2025-11-13
865,Roy Perez,ijones@example.net,2026-01-22
866,Jordan Brandt,loretta38@example.com,2025-02-26
867,Michael Patterson,mgibson@example.com,2025-11-14
868,Adam Walters,acook@example.net,2025-07-28
869,Carlos Wall,andersonoscar@example.com,2025-10-14
870,Samuel Gilbert,morenoregina@example.net,2025-08-02
871,William Cervantes,garciadavid@example.com,2025-11-21
872,Tammie Ritter,rdixon@example.org,2025-11-19
873,Aaron Mccarthy,hopkinscassandra@example.com,2026-02-02
874,Jeremy Grant,tatkinson@example.net,2025-08-30
875,Zachary Gates,james82@example.org,2025-03-09
876,Mrs. Jordan Bright,tylerallen@example.org,2025-06-24
877,Jeffrey Ortega,savannahcruz@example.net,2025-07-27
878,Donald Anderson,gwu@example.org,2025-12-26
879,David Duncan,jacquelinehammond@example.org,2025-02-28
880,Taylor Rojas,lopezchristopher@example.net,2025-10-09
881,Stephanie Sosa,michaelsalas@example.com,2025-02-11
882,Victor Bishop,qsheppard@example.com,2025-02-20
883,Robin Beltran,kaitlyn24@example.net,2025-09-21
884,Brandon Freeman,ashley89@example.org,2025-04-28
885,Claudia Mitchell,linda68@example.org,2025-08-29
886,Rachel Mendoza,ymayo@example.net,2025-10-27
887,James Johnson,darlenemartin@example.org,2025-03-07
888,Laura Tucker,qlee@example.com,2025-07-29
889,Shawn Barnett,jrobbins@example.net,2025-09-11
890,William Ross,debra49@example.org,2025-12-26
891,Jamie Lewis,jerrygibson@example.org,2025-06-21
892,Julia Thompson,troy86@example.com,2025-08-05
893,Jason Smith,nicolemcgrath@example.net,2025-10-17
894,Chad Ross,angelica26@example.net,2025-03-13
895,Sarah Smith,hday@example.net,2025-11-10
896,Gwendolyn Parker,eric45@example.org,2025-12-25
897,Kevin Simon,ashley77@example.org,2025-02-09
898,Stephanie Campbell,jennifer86@example.com,2025-03-04
899,Donna Smith,steven96@example.org,2025-09-11
900,Jennifer Jackson,levimason@example.com,2025-10-02
901,Richard Jordan,vwade@example.org,2025-04-27
902,Lee Sweeney,ghull@example.org,2025-12-12
903,Mr. Christopher Davis,brendan23@example.net,2025-02-11
904,Carla Boyd,joshualutz@example.com,2025-05-14
905,Timothy James,grivera@example.com,2025-09-13
906,Brandon Shelton,carolyn09@example.org,2025-03-03
907,Victoria Blackwell,amandamadden@example.com,2026-01-17
908,Leslie Swanson,nicolephillips@example.com,2025-04-21
909,Sally Charles,emily18@example.com,2025-06-06
910,Debbie Perry,glassjohn@example.com,2025-08-15
911,Kyle Williams,watkinshannah@example.org,2025-03-30
912,Tyler Roth,matthewwilson@example.net,2025-06-22
913,Elizabeth King,jsolomon@example.net,2025-08-28
914,Traci White,rthomas@example.com,2025-08-21
915,Diane Leonard,laurenjohnson@example.org,2025-10-05
916,Nathan Hudson,courtneyhughes@example.net,2025-03-08
917,Elizabeth Rodriguez,lisa09@example.org,2025-10-30
918,Julia Morrison,carrilloanthony@example.net,2026-02-02
919,Victoria Merritt,scotttimothy@example.com,2025-03-20
920,Thomas Miller,zachary56@example.net,2026-01-17
921,Todd Meadows,cynthia13@example.org,2025-10-16
922,Jordan Maxwell,davishunter@example.org,2025-05-26
923,Timothy Thomas,ahamilton@example.com,2025-03-11
924,Dr. Maria Hamilton,qsimon@example.org,2025-08-15
925,Elizabeth Adams,clinton81@example.net,2025-10-17
926,Scott Reed,garymartinez@example.com,2026-01-27
927,Cynthia Valdez,sfleming@example.net,2025-07-17
928,Linda Lane,randolphricardo@example.net,2026-01-09
929,Valerie Baker,msutton@example.org,2025-10-17
930,Cody Cooper,stewartcharles@example.org,2025-04-05
931,Charles Shelton,kelsey82@example.com,2025-06-30
932,John Mcdowell,oliviagreer@example.org,2025-06-13
933,Leslie Green,timothy49@example.net,2025-03-01
934,Sherry Gates,dcrawford@example.org,2025-10-22
935,Jennifer Davis,jonesamy@example.net,2025-08-08
936,Ronald Davis,david94@example.org,2025-05-21
937,Dr. Megan Rogers,brichmond@example.org,2025-12-23
938,Tamara Smith,frankwilson@example.com,2026-02-04
939,Jessica Horne,ericastrickland@example.com,2026-02-05
940,Chelsea Thompson,marvinwright@example.net,2025-11-24
941,Natasha Young,mark73@example.com,2025-02-09
942,Michael King,dawn00@example.net,2025-02-15
943,Jessica Luna,wigginsmichael@example.org,2025-07-10
944,Frances Burton,wagnergeorge@example.com,2025-10-07
945,Kimberly Brown,jeanriley@example.net,2025-10-14
946,Cindy Miller,robin20@example.net,2025-06-24
947,Amber Johnson DDS,miranda64@example.net,2025-11-11
948,Ryan Jones MD,stonetina@example.com,2025-09-19
949,Michael Morrow,kaitlingillespie@example.org,2025-06-22
950,Corey Gibson,lopezjessica@example.net,2025-03-20
951,Alan Haynes,ashleyyang@example.com,2025-10-22
952,Brenda Hess,logan74@example.net,2025-11-16
953,Paul Hahn,allisonbrown@example.net,2025-08-15
954,Debra Johnson,shelbynewman@example.net,2025-02-14
955,Misty Robinson,erinjackson@example.com,2026-01-09
956,Jennifer Woods,tuckersarah@example.net,2026-02-01
957,Patricia Pearson,lanelouis@example.com,2025-07-08
958,Bryan Hardin,laurentaylor@example.net,2025-05-21
959,Scott Rivera,christinagonzalez@example.net,2026-01-12
960,Brian Miller,dduran@example.org,2025-08-31
961,James Ellis,jonathancraig@example.org,2025-04-21
962,Meghan Henry,scottmarshall@example.net,2025-08-22
963,Karen Perry,pricecharles@example.com,2025-04-07
964,Lisa Thomas,kimhaley@example.net,2025-12-25
965,Richard Smith,vanessa16@example.com,2025-04-09
966,Donna Gardner,wweber@example.net,2025-07-17
967,Elizabeth Ayala,sandrafrench@example.org,2025-08-21
968,Jessica Frazier,shawkins@example.com,2025-11-15
969,Dr. Benjamin Haas,xmorris@example.org,2025-03-18
970,Lisa Berg,patrickberry@example.org,2025-03-20
971,Deborah Miller,jessica37@example.net,2025-06-23
972,Jerome Randall,whitneycarlson@example.com,2025-08-31
973,Mr. David Rodriguez,mirandajohnson@example.org,2025-04-13
974,Heather Barajas,hilllauren@example.net,2025-07-13
975,Michelle Riley,evanscole@example.com,2025-12-11
976,Blake Thompson,ocastro@example.org,2025-12-06
977,Christy Berry,james36@example.com,2025-02-12
978,Robert Jackson,carrillosummer@example.net,2025-06-04
979,Steven Ingram,donaldodonnell@example.org,2025-10-25
980,Michael Ibarra,williestevens@example.com,2025-10-22
981,Arthur Long,wsavage@example.org,2025-05-12
982,Mary Petersen,maurice80@example.com,2025-07-31
983,William Osborn,santosdavid@example.com,2025-05-12
984,Emily Johnson,johnmoore@example.net,2025-06-24
985,David Richardson,andrew00@example.net,2025-11-17
986,Sarah Madden,fhaley@example.org,2025-03-13
987,Megan Franklin,qphillips@example.net,2025-09-19
988,Megan Wall,cynthia73@example.com,2025-04-05
989,Molly Taylor,qcollins@example.com,2025-07-26
990,Kevin Massey,adrianhill@example.net,2025-05-10
991,Cynthia Porter,jfoster@example.org,2026-01-01
992,Catherine Bailey,vasquezmelanie@example.net,2025-08-09
993,Scott Jennings,rreeves@example.com,2025-02-25
994,Kathryn Tanner,hawkinsbeth@example.org,2025-10-08
995,Kaylee Brown,onealjill@example.com,2025-09-04
996,Mark Mcclure,michaelnorris@example.net,2025-06-06
997,Mary Jenkins,kennethnielsen@example.org,2025-04-20
998,Mary Kelly,mason00@example.net,2025-06-19
999,Ryan Reynolds,jcampbell@example.org,2025-06-09
1000,Megan Olson,adrienne84@example.org,2025-09-17
1001,Kenneth Dillon,murrayjennifer@example.org,2025-06-09
1002,Tyler Perkins,daviselizabeth@example.net,2025-12-21
1003,Wendy Martin DDS,vazquezcory@example.net,2025-09-03
1004,Richard Miller,shannonapril@example.org,2025-07-18
1005,Shannon Payne,ronnie88@example.org,2025-03-17
1006,Courtney Holmes,laura84@example.net,2025-04-14
1007,Sean Mccoy,farnold@example.com,2025-10-19
1008,Daryl Watson,ccampbell@example.com,2025-10-23
1009,Angela Bautista,ksimon@example.com,2025-05-11
1010,Colin Bradford,annagomez@example.com,2025-06-13
1011,Debra Daniels,vtran@example.com,2025-07-01
1012,Melissa Nelson,pennyrobinson@example.net,2025-02-14
1013,Debra Keller,xsmith@example.com,2025-05-17
1014,Adrienne Williams,rhenry@example.com,2025-05-10
1015,Ashley Baker,harveybrian@example.com,2026-01-24
1016,William Brooks,vboyle@example.org,2025-11-03
1017,Matthew Quinn,howardrandolph@example.com,2025-10-22
1018,Bryan Burke,gregorypeterson@example.com,2025-04-16
1019,Bryan Ellis,christina82@example.com,2025-03-28
1020,Daniel Lee,beckkatherine@example.org,2026-01-17
1021,Richard Fitzgerald,imiles@example.com,2025-05-20
1022,Zachary Wade,foxjanet@example.com,2025-09-20
1023,Stephanie Gaines,fjohnson@example.org,2025-09-24
1024,Sandy Arnold,nicole78@example.net,2026-01-09
1025,Christopher Estrada,choward@example.net,2025-03-10
1026,Sydney Wilson,millerscott@example.net,2025-03-23
1027,Jennifer Stein,fredwilliams@example.net,2026-01-04
1028,Michael Greene,isnyder@example.com,2025-08-10
1029,Valerie Green,mark00@example.org,2025-11-19
1030,Jennifer Taylor,oguerrero@example.net,2025-02-06
1031,Jessica Carson,heatherstewart@example.org,2025-11-04
1032,Jessica Berger,john02@example.org,2025-02-13
1033,Christina Mccoy,davidhardin@example.net,2025-10-14
1034,James Gibson,qwilson@example.net,2025-12-27
1035,Reginald Ellis,whitechris@example.org,2026-01-25
1036,Katherine Roberts,cathy79@example.org,2025-05-28
1037,Derek Jones,hdickerson@example.org,2025-12-13
1038,Julie Day,charlesfisher@example.net,2025-04-27
1039,Isaiah Peterson,peter16@example.com,2025-06-29
1040,Heather Cross,tarabell@example.net,2025-12-06
1041,Nicholas Gallagher,sscott@example.org,2025-02-05
1042,Thomas Acevedo,earmstrong@example.net,2025-02-22
1043,Patrick Cooper,christinahamilton@example.com,2025-08-24
1044,Sarah Lopez,angelaboyd@example.com,2025-02-22
1045,James Scott,glennbutler@example.org,2025-03-23
1046,James Elliott,xhoward@example.net,2025-12-03
1047,Douglas Davis,nicole65@example.net,2025-02-16
1048,James Powell,stephanie77@example.org,2026-01-10
1049,Tom Cunningham,smithchristopher@example.org,2026-01-09
1050,Gary Garza,probinson@example.com,2026-01-17
1051,Teresa Martin,rmorgan@example.com,2025-05-13
1052,Cynthia Taylor,dstone@example.com,2025-11-18
1053,Andrea Miller,vanessagross@example.org,2025-06-23
1054,Michelle Roach,laurenkelly@example.net,2025-07-10
1055,Jessica Bennett,john98@example.net,2026-01-27
1056,Linda Myers,hhughes@example.net,2025-09-16
1057,Henry Martinez,rebeccaduke@example.org,2025-05-05
1058,Marcus Villanueva,phillipsmisty@example.org,2025-12-03
1059,Scott Leon,wardveronica@example.com,2025-12-11
1060,Penny Dunlap,karen60@example.com,2025-03-29
1061,Kyle Smith,christianmelissa@example.net,2026-01-20
1062,Adam Torres,samuel22@example.com,2025-08-11
1063,Ashley Best,jjoyce@example.org,2025-03-18
1064,Ashlee Austin,annettemontgomery@example.org,2025-12-11
1065,Robert Galvan,melissadillon@example.com,2025-08-14
1066,James Dickerson,jasonschmidt@example.org,2025-12-21
1067,Ashley Alexander,robert44@example.com,2025-05-18
1068,Christopher Keith,michael87@example.net,2025-07-08
1069,Linda Webster,hobbskathy@example.org,2025-09-25
1070,Mr. Joshua White DDS,tonya40@example.com,2025-03-19
1071,Amber Flores,elliskaitlin@example.com,2025-11-07
1072,William Ward,ogarcia@example.com,2025-08-16
1073,Charles Hill,derricknoble@example.net,2025-03-17
1074,Eric Hooper,tom19@example.org,2025-11-24
1075,Ronald Fernandez,teresapotter@example.org,2025-06-28
1076,Candice Walker,josephgraves@example.com,2025-04-04
1077,Jennifer Bennett,fdavidson@example.com,2025-08-25
1078,Charles Oneill,uwheeler@example.net,2025-09-30
1079,James Baker,timothy86@example.net,2026-01-14
1080,Erin Anthony,hbowman@example.com,2025-02-26
1081,Dakota Williams,cassandra86@example.net,2025-08-01
1082,Manuel Garner,amandabrown@example.com,2025-04-11
1083,Steve Miller,williamcross@example.org,2025-12-01
1084,Kristen Escobar,caitlin04@example.com,2026-01-08
1085,Tammy Baker,elizabeth02@example.net,2025-10-09
1086,Kenneth Miller,lisa64@example.org,2025-09-19
1087,Mary Ortiz,zjones@example.net,2025-08-27
1088,Alice Carter,zwhite@example.org,2026-01-28
1089,Sherry Lewis,christineanderson@example.com,2025-06-20
1090,Sean Thomas,hayleyhughes@example.org,2025-07-31
1091,Dorothy Allen,janet55@example.net,2025-07-22
1092,Mr. Joel Gray,brandon53@example.net,2025-04-08
1093,Ryan Greer,sherry93@example.com,2025-04-17
1094,Michael Fields,amber58@example.com,2025-03-27
1095,Albert Curtis IV,jared45@example.org,2025-12-31
1096,Andrew Rogers,mejiachristine@example.net,2025-07-17
1097,Jessica Atkins,christopherallen@example.org,2025-10-14
1098,Timothy Stewart,zreid@example.com,2025-12-01
1099,Erin Montgomery,xlopez@example.com,2025-05-08
1100,Tamara Young,turnerbrooke@example.net,2025-02-13
1101,Joseph Martinez,charles40@example.net,2025-10-15
1102,Megan Bowen,devon56@example.net,2025-05-03
1103,Leonard Mcclain,bethrivera@example.net,2025-09-09
1104,Bryan Hill,dmiller@example.org,2025-11-18
1105,Jasmine Lynch,ryanbailey@example.org,2025-10-18
1106,Barbara Cross,scottwilliams@example.net,2025-09-17
1107,David Caldwell,davechandler@example.org,2025-05-21
1108,Anthony Stewart,mannjoshua@example.com,2025-03-22
1109,Samantha Kelly,washingtonmary@example.net,2026-01-05
1110,Marie Calderon,huffroberto@example.net,2025-08-27
1111,Jason Hood,scarpenter@example.org,2025-03-22
1112,Mrs. Nina Cook PhD,colemanjoshua@example.com,2026-01-20
1113,Barbara Edwards,knappallen@example.org,2025-10-12
1114,Candace Butler,albertfreeman@example.net,2025-04-03
1115,Shawn Bailey,karen54@example.org,2026-02-04
1116,Anthony Winters,thomasmorales@example.org,2025-02-06
1117,Joseph Mendoza,hhoover@example.org,2025-03-04
1118,Heather Stevens,richard27@example.org,2025-05-28
1119,Faith Henson,elizabeth52@example.org,2025-05-03
1120,Kathy Hodge,woodsmatthew@example.net,2025-06-04
1121,Toni Morse,pdaniel@example.net,2025-11-22
1122,Gregory King,jacobstone@example.org,2026-02-05
1123,Lisa Bird,lopezwalter@example.org,2025-12-21
1124,Jonathan Jimenez,unguyen@example.com,2025-04-15
1125,Jennifer Williams,sarah81@example.org,2025-04-07
1126,Joe Jones,chantracey@example.net,2025-02-23
1127,James Robinson,lhall@example.com,2025-02-23
1128,William Kelly,lawrencegamble@example.net,2025-09-09
1129,Sandra Whitaker,ybranch@example.net,2025-04-11
1130,Shelley Brown,kaylamack@example.com,2025-07-26
1131,Matthew Chen,paul13@example.com,2025-06-07
1132,Michelle Jimenez,dianelewis@example.com,2025-12-25
1133,Micheal Mercado,jamesdelgado@example.org,2025-07-15
1134,Emily Kelly,paulharris@example.net,2025-06-25
1135,Lisa Graham,michellemitchell@example.org,2025-04-06
1136,Dr. Amy Walker,fitzgeraldfelicia@example.org,2026-01-08
1137,Emily Smith,lgolden@example.com,2025-05-07
1138,Kyle Price,riveracrystal@example.org,2025-11-04
1139,Erik Alvarez,sellersdeborah@example.net,2026-01-13
1140,Carolyn Fletcher,robert10@example.com,2025-04-21
1141,Vincent Shaffer,williamssean@example.com,2025-10-23
1142,Ricky Adams,tanya79@example.com,2025-09-17
1143,Rebecca Peterson,millerkaitlyn@example.org,2025-02-26
1144,Audrey Davenport,sarah51@example.net,2025-05-19
1145,Elizabeth Hernandez,hmorris@example.com,2025-12-16
1146,Jennifer Jones,amanda36@example.org,2025-04-06
1147,Donald Pierce,bryanamber@example.net,2025-02-18
1148,Sean Anderson,uwhite@example.net,2025-09-18
1149,Brian Lewis,ashleydurham@example.com,2025-10-02
1150,Brian Lee,kyle73@example.com,2025-11-24
1151,Shawn Schneider,elizabethbaker@example.net,2025-06-08
1152,Charlene Howard,wdiaz@example.com,2025-02-23
1153,Mr. Christopher Evans,dchambers@example.net,2025-09-23
1154,Mr. Raymond Lewis,benjaminbell@example.com,2025-07-03
1155,Kimberly Mendoza,hutchinsonmorgan@example.net,2025-11-27
1156,Casey Miller,aaronwashington@example.com,2025-02-26
1157,Morgan Williamson,vanessa02@example.com,2025-04-26
1158,Rachel Wagner,kristin72@example.org,2025-07-13
1159,Jennifer Hobbs,evanswilliam@example.com,2025-04-06
1160,Denise Klein,browndakota@example.com,2025-07-16
1161,Jimmy Price,dustinstevens@example.com,2025-10-28
1162,George Parrish,dennisowens@example.net,2025-05-03
1163,James Carroll,gabriellesmith@example.net,2025-07-08
1164,Shawn Krause,hbright@example.org,2026-02-04
1165,Ashley Roth,shortjackson@example.org,2025-05-17
1166,Kristina Rich,candice31@example.net,2026-01-13
1167,Melissa Graham,staceyadams@example.org,2025-04-11
1168,James Sanchez,bharris@example.com,2026-01-05
1169,Alexa Cooper,ericmedina@example.org,2025-06-18
1170,Heather Miller,jennifer12@example.com,2025-10-11
1171,Jennifer Garcia,leekathryn@example.com,2025-08-11
1172,Anna Harris,adam21@example.net,2025-12-31
1173,Johnathan Moore,nicholasduncan@example.org,2025-04-08
1174,David Valentine DDS,jeffreyellis@example.org,2025-05-09
1175,Susan Hansen,jhansen@example.net,2026-01-07
1176,Jessica Hall,lyonsrichard@example.com,2026-01-14
1177,Nathaniel Walker,copelanderika@example.org,2025-11-29
1178,Raymond Thompson,jorge57@example.com,2025-05-09
1179,Jamie Wiggins,awilliams@example.com,2025-05-15
1180,Chad Cruz,louis46@example.com,2025-02-19
1181,Tracy Turner,annpetersen@example.net,2026-01-14
1182,Elizabeth Lester,christy19@example.com,2026-02-03
1183,Marisa Powell,stephensjodi@example.org,2025-09-25
1184,Laura Wade,colliersteven@example.org,2025-11-03
1185,Andrew Copeland,brittany50@example.com,2025-04-26
1186,Steven Howard,karenstevens@example.org,2025-10-17
1187,Omar White,imorgan@example.org,2025-07-24
1188,Nichole Davenport,idavis@example.net,2025-07-21
1189,Christina Campbell,mallory51@example.com,2025-02-21
1190,Cheryl Hanson,kgomez@example.net,2025-07-23
1191,Samantha Simmons,reyesbenjamin@example.net,2025-05-11
1192,Yesenia Garcia,xmurphy@example.org,2025-03-30
1193,Marco Farrell,ejones@example.net,2025-06-02
1194,Karen Guerrero,parkmichael@example.com,2026-01-31
1195,Christopher Jones,rreed@example.org,2025-10-30
1196,Dr. Bryan Walker,walkerrebecca@example.com,2025-08-05
1197,Samantha Wilson,scamacho@example.net,2025-10-11
1198,Steven Villegas,clarkmarissa@example.net,2026-01-17
1199,Christopher Bryan,hughesamy@example.net,2025-03-07
1200,Victoria Harrison,schaeferlisa@example.net,2025-09-24
1201,Stephanie Barrett,autumnmeyer@example.com,2025-09-07
1202,Joseph Caldwell,ajohnson@example.com,2026-01-13
1203,Ian Terrell,christophergrant@example.net,2025-08-14
1204,Elizabeth Miller MD,kimberlyrojas@example.com,2025-07-25
1205,Becky Warren,franklinperkins@example.net,2025-09-04
1206,Charles Yoder,johnsonsean@example.net,2025-04-26
1207,Rebecca Sheppard,dcampbell@example.net,2026-01-15
1208,Richard Lynn,mendozajoshua@example.net,2025-11-15
1209,Micheal Nelson,clarkveronica@example.net,2025-09-10
1210,Brian Holt,lauraharvey@example.net,2025-11-27
1211,Megan Cook DVM,tinamay@example.com,2025-06-13
1212,Jessica Mora,nlucas@example.net,2025-10-13
1213,Jasmine Morgan,ywarren@example.com,2025-11-16
1214,Scott Flores,cynthia32@example.org,2025-05-03
1215,James Barnes,elliottjennifer@example.org,2025-03-19
1216,Mary Hart,dortiz@example.org,2025-11-22
1217,Jessica Cannon,wprice@example.com,2025-02-26
1218,Laura Martinez,csmith@example.com,2025-09-23
1219,Calvin Miller,nicole63@example.com,2025-10-10
1220,Michelle Blackburn,jeffrey46@example.org,2025-07-26
1221,Paula Burke,patricia49@example.net,2025-02-13
1222,Michelle Warren,richard67@example.net,2025-06-23
1223,Gail Herring,palvarez@example.org,2025-08-10
1224,Miranda Taylor,christophercoleman@example.net,2025-06-10
1225,Elizabeth Bennett DDS,bmyers@example.com,2025-12-28
1226,Christina Mann,matthewbrown@example.org,2025-02-07
1227,Rachel Figueroa,breannaschroeder@example.org,2025-04-25
1228,Timothy Diaz,walshdaniel@example.net,2025-11-14
1229,Erin Thompson,mchambers@example.org,2025-08-20
1230,Nichole Porter,lfuller@example.com,2025-08-29
1231,Jade Morales,tlopez@example.com,2025-02-11
1232,Daniel Patterson,mendezgregory@example.com,2026-01-25
1233,Nicholas Andrade,summersryan@example.org,2025-10-22
1234,Jillian Hensley,shannon47@example.org,2026-01-22
1235,Jean Brown,paul84@example.org,2025-06-10
1236,Dawn Gibbs,thomaslaura@example.org,2025-06-24
1237,Julie Mccarthy,david63@example.com,2025-08-01
1238,Christopher Sanders,malikcarter@example.com,2025-10-10
1239,Erika Thomas,melissa44@example.org,2025-08-13
1240,Pamela Mitchell,annclayton@example.org,2025-09-22
1241,Sherri Peterson,rivasdevin@example.org,2025-03-23
1242,Shane Hooper,michael97@example.org,2025-04-08
1243,Cindy Hicks,adriennekelley@example.org,2025-10-01
1244,Kevin Greer,esmith@example.com,2025-10-29
1245,Paul Hernandez,gordondaniel@example.org,2025-12-08
1246,Tami Lewis,rmarshall@example.org,2025-07-06
1247,Andrea Campbell,slopez@example.org,2025-05-08
1248,Travis Smith,rachelpham@example.net,2025-04-14
1249,Kelly Robbins,mike60@example.net,2025-07-09
1250,Bryan Galvan,jonesalexandra@example.com,2025-03-23
1251,Julie Gonzalez,melanie06@example.com,2025-06-12
1252,Chad Alexander,samanthabaker@example.com,2025-09-25
1253,Shannon Baker,gwalter@example.com,2025-05-12
1254,Vincent Richards,courtneynguyen@example.com,2025-02-14
1255,Angel Newman,melindataylor@example.org,2025-10-22
1256,Sarah Mosley,norman40@example.com,2025-03-01
1257,Robert Hernandez,hbrown@example.net,2025-05-27
1258,Paul Franklin,christopher27@example.com,2025-05-31
1259,Jason Black,gbaker@example.com,2025-10-29
1260,Justin Reyes,cynthiawalter@example.net,2025-06-05
1261,Evan Clark,sylviajefferson@example.com,2025-10-19
1262,Joanna Wheeler,jacobkent@example.com,2025-10-07
1263,Danny Berry,aallen@example.net,2025-11-11
1264,Richard Baker,robertrodriguez@example.org,2025-12-14
1265,Michele Erickson,colejohn@example.org,2025-12-01
1266,David Chavez,vargashannah@example.net,2025-08-24
1267,Emily Bailey,tgrant@example.org,2025-09-11
1268,Whitney Barton,rshort@example.net,2025-12-01
1269,Thomas Castro,josephwatson@example.net,2026-01-03
1270,Micheal Hernandez,davisaustin@example.com,2025-04-11
1271,James Odonnell,rrobinson@example.com,2025-10-06
1272,Robert Brown,hamiltonjames@example.org,2025-12-01
1273,Christina Mccann,aholmes@example.net,2025-06-07
1274,Melissa Wood,alicia85@example.com,2025-06-21
1275,Michael White,fgutierrez@example.org,2025-10-30
1276,Lynn Martinez,smithadrian@example.org,2025-03-06
1277,Charlotte Keller,pstephens@example.net,2025-10-21
1278,Jason Ponce,shelby90@example.org,2025-11-14
1279,Ebony Mason,pgonzalez@example.com,2025-11-07
1280,Samantha Frazier,kimberlyherrera@example.net,2026-02-02
1281,Dr. Lisa Smith,andrew22@example.org,2025-12-03
1282,Jasmine Gutierrez,jonathanmartin@example.net,2025-11-03
1283,Sheryl Thompson,davidpace@example.org,2026-01-14
1284,Jennifer Price,jacobrhodes@example.net,2025-12-17
1285,Lee Dean,michael96@example.com,2025-11-12
1286,Matthew Thompson,sabrinamccall@example.net,2025-02-12
1287,Jennifer Wallace,joshuaramos@example.org,2025-05-01
1288,Norman Ho,jasonmiles@example.com,2025-08-25
1289,Austin Burns,brockjoseph@example.org,2025-05-08
1290,Sarah Leblanc,michaelmurillo@example.com,2025-10-06
1291,Christopher Pena,mileskimberly@example.com,2025-07-25
1292,Amber Mayer,russellglover@example.com,2025-09-30
1293,Troy Ortega,jamesnorman@example.net,2026-02-05
1294,Deborah Williams,cynthia24@example.net,2025-02-28
1295,Alexander Perry,ashley43@example.com,2025-04-10
1296,Michael Wallace,tonigardner@example.net,2025-07-29
1297,Jeremy Taylor,leah72@example.net,2025-04-23
1298,Wendy Murphy,sarah80@example.org,2025-05-13
1299,Brent Williams,roger92@example.net,2025-06-14
1300,Mallory Montgomery,gibsonamanda@example.com,2025-11-13
1301,Amy Ward,chanemily@example.com,2025-08-08
1302,William Maxwell,phyllisjohnson@example.com,2025-07-26
1303,Alexander Ross,bradleydominique@example.org,2025-03-02
1304,Daniel Garcia,cathygallegos@example.net,2025-05-09
1305,Sonya Perry,emilywilliams@example.net,2025-08-19
1306,Andrea Fitzgerald,vanessahardin@example.com,2025-03-14
1307,Nicholas Wheeler,fcontreras@example.net,2025-09-11
1308,Jonathan James,ronaldmartin@example.com,2025-05-28
1309,Amanda Snow,qberry@example.net,2025-11-08
1310,Robert Aguilar,ubarron@example.net,2025-05-02
1311,Bruce Mcdowell,bsalazar@example.net,2026-01-05
1312,Jonathan Maxwell,moyercraig@example.org,2025-09-29
1313,Sharon Hendricks,phyllis94@example.org,2025-02-12
1314,Aaron Harrison,rodgersmatthew@example.net,2025-06-24
1315,Michael Ayala,hernandezvincent@example.net,2025-10-02
1316,William Murillo,diane47@example.com,2025-04-23
1317,Heather Reeves,mitchellwilliam@example.org,2025-06-14
1318,Rose Fisher,roblesbrian@example.net,2025-09-24
1319,Bradley Stone,hickmanjose@example.com,2025-05-12
1320,Taylor Gillespie,jessica98@example.com,2025-05-22
1321,Sherri Erickson,garretthicks@example.com,2025-06-02
1322,Rhonda Lynch DVM,shawn10@example.net,2025-10-16
1323,Brian West Jr.,michaelharrell@example.org,2025-08-08
1324,Cody Carney,meyerlouis@example.org,2025-07-29
1325,Kenneth Hartman,laura73@example.com,2026-01-29
1326,Lisa Leonard,simssusan@example.com,2026-01-01
1327,Lisa Allen,benjaminrodriguez@example.net,2025-08-19
1328,Joshua Porter,meghan56@example.net,2025-11-28
1329,Denise Wagner,kbridges@example.com,2025-08-25
1330,Paul Washington,nancy14@example.net,2025-10-19
1331,Joshua Harris,coliver@example.com,2025-05-05
1332,Melissa Strong,tiffanymonroe@example.org,2025-12-22
1333,Sean Valdez,peter72@example.net,2025-11-05
1334,Douglas Porter,gregory91@example.net,2026-01-23
1335,Andrea Jones,edwardsdeanna@example.org,2026-01-21
1336,Trevor Johnson,davistony@example.org,2025-11-30
1337,Steven Nash,jenniferjones@example.com,2025-08-28
1338,Mark Villarreal,jessica39@example.com,2025-03-13
1339,Joseph Powell,maryochoa@example.net,2025-04-12
1340,Amy Turner,hwest@example.org,2025-07-25
1341,Jennifer Clark,colemanjustin@example.org,2025-11-10
1342,Lori Oneal,gonzalezdiana@example.org,2025-08-19
1343,Carl Larson,carterandrea@example.net,2026-02-05
1344,Michael Pierce,jamesedwards@example.org,2025-04-08
1345,Jamie Robbins,hollandtyrone@example.net,2025-02-07
1346,Eric Jones,michaelelliott@example.org,2025-10-28
1347,Janet Willis,danielprice@example.com,2025-09-14
1348,Marcus Young,scott65@example.org,2025-10-08
1349,Bryan Stone,williambush@example.net,2025-07-12
1350,Jon Graham,michaeldennis@example.com,2025-03-26
1351,Lynn Elliott,hbell@example.com,2025-10-22
1352,Michael Vazquez,virginiapeterson@example.com,2025-03-15
1353,Brooke Hanson,brittany42@example.com,2025-09-28
1354,Nicole Mcbride,ajohnson@example.net,2025-11-12
1355,Holly Pacheco,jason42@example.com,2025-10-11
1356,Adam Underwood,danielswalter@example.com,2025-06-15
1357,Teresa Knapp,ashleysnyder@example.org,2025-04-24
1358,Dawn West,cathy81@example.net,2025-10-24
1359,Devin Williams,jasmineryan@example.org,2025-11-02
1360,Tamara Osborne,zarellano@example.net,2025-10-05
1361,Carlos Carter,isolomon@example.net,2025-11-30
1362,Noah Hart,paula97@example.net,2025-08-01
1363,Andrea Cook,johnwebb@example.net,2025-07-27
1364,Michelle Murray,patrickburns@example.com,2025-08-08
1365,Joshua Norman,ryan55@example.net,2025-04-08
1366,John Fuller,coreymoore@example.net,2025-04-12
1367,Travis Boyd,john22@example.org,2025-08-01
1368,Sarah Johnson,frank75@example.org,2025-06-08
1369,Lucas Fields,mooremargaret@example.net,2025-12-07
1370,Justin Myers,jacksonjames@example.net,2025-03-31
1371,Grant Evans,davidcook@example.com,2026-01-08
1372,Nicole Coffey,bphillips@example.net,2025-09-13
1373,Brenda Silva,houseshirley@example.com,2025-07-19
1374,Kevin Miles,andregreene@example.org,2025-12-03
1375,Renee Grant,wallssusan@example.org,2025-03-25
1376,Karla Dillon,charlesbrown@example.net,2025-06-15
1377,Matthew Robinson,santiagochristopher@example.org,2026-01-05
1378,Alicia Carney,sharon65@example.net,2025-05-28
1379,Elizabeth Martinez,jonathanlee@example.com,2025-12-29
1380,Daniel Stevens,llee@example.net,2025-11-20
1381,Christina Scott,velazquezbridget@example.org,2025-05-29
1382,Joshua Patel,alvarezamanda@example.net,2025-06-14
1383,Anthony Sullivan,ericbutler@example.org,2025-12-16
1384,James Chang,briansmith@example.com,2025-09-26
1385,Amy Robinson,wjackson@example.com,2025-05-26
1386,John Miller,danielmack@example.net,2025-05-28
1387,Susan Dorsey,jenniferdavis@example.net,2025-09-15
1388,Thomas Stone,sryan@example.com,2025-06-19
1389,Linda Simpson,elizabethvelazquez@example.org,2025-03-22
1390,John Deleon,melissa32@example.org,2025-05-30
1391,Sarah Suarez,hickmanmatthew@example.com,2025-09-30
1392,Theodore Bond,zlee@example.com,2025-09-17
1393,John Bowen,kathrynbrock@example.net,2025-09-19
1394,Jenny Nelson,donaldturner@example.org,2025-10-14
1395,Patricia Winters,taylorthomas@example.com,2025-09-09
1396,Mark Jones,evan25@example.org,2025-03-28
1397,Jessica Cooke,wooddouglas@example.com,2026-01-31
1398,Dale Williams,lbrown@example.org,2025-04-02
1399,Ian Mejia,frenchtonya@example.net,2025-12-15
1400,Jacob Mcgrath,sbutler@example.com,2025-07-18
1401,Robert Lewis,andrew49@example.org,2025-09-03
1402,Sarah Moody,dawnjones@example.org,2026-01-09
1403,Gerald Miller,brenda19@example.org,2025-03-12
1404,Jacob Morrison,nataliecross@example.org,2025-03-08
1405,Kristina Hendrix,bowmanjamie@example.net,2025-09-23
1406,Michael Carr,jeanetteyang@example.com,2025-05-10
1407,Charles Brown,nelsonabigail@example.net,2025-12-24
1408,Kimberly Kane,robertmiddleton@example.net,2025-02-13
1409,Jordan Hughes,wilsonjulie@example.org,2025-03-09
1410,Susan Smith,fieldscolleen@example.com,2025-04-25
1411,Joe Craig,clarkekatelyn@example.org,2025-10-05
1412,Deborah Moore,mlawrence@example.net,2025-08-09
1413,Mrs. Heather Brennan,dcombs@example.org,2025-12-16
1414,Amber Turner,anitaparrish@example.com,2025-08-12
1415,Danielle Floyd,gfarmer@example.net,2025-04-08
1416,Mark Horne,umorgan@example.com,2025-10-12
1417,Anna Hughes,roy43@example.com,2026-01-29
1418,Jaime Mills,warrenjennifer@example.org,2025-08-14
1419,Antonio Nunez,ricardohunt@example.com,2025-03-01
1420,Danny Scott,carmenerickson@example.net,2025-03-20
1421,Randall Saunders,richardevans@example.org,2025-12-02
1422,Tina Peterson,rebecca77@example.com,2025-03-29
1423,Alyssa Alvarado,rjordan@example.org,2026-02-05
1424,Stephanie Rice,ernestclarke@example.com,2025-03-20
1425,Steven Cooper,graveschristine@example.org,2025-09-22
1426,Joshua Ramos,dwallace@example.org,2025-03-11
1427,Kathy Lee,richardwebster@example.org,2025-11-23
1428,Joseph Wilson,jeffrey50@example.com,2025-09-12
1429,Kelsey Tran,jenniferhoover@example.com,2025-06-21
1430,Kelly West,eric39@example.com,2026-02-01
1431,Elizabeth Rodriguez,znewton@example.org,2025-07-17
1432,Michael Larson,robertramirez@example.com,2025-02-08
1433,Maria Long,wsmith@example.org,2025-11-01
1434,Richard Hays,joshua20@example.org,2025-03-04
1435,Christina Berry,susanwilliams@example.net,2026-01-27
1436,Christopher Copeland,ywheeler@example.net,2025-12-10
1437,Brandy Williams,madison72@example.com,2025-11-14
1438,Teresa Foster,mccannelizabeth@example.org,2026-01-19
1439,Wanda Taylor,millerrichard@example.org,2026-01-09
1440,Erin Clark,slogan@example.com,2025-08-14
1441,Scott Edwards,usmith@example.com,2025-05-09
1442,Monique Quinn,kelly96@example.com,2025-08-15
1443,Jaime Rodriguez,john60@example.com,2025-12-08
1444,Rachel Clayton,kellychurch@example.org,2025-07-23
1445,Crystal Spencer,frances95@example.com,2025-03-10
1446,Andrew Graham,icarlson@example.org,2025-06-19
1447,Joshua Walsh,haroldarmstrong@example.org,2026-01-21
1448,Shawn Moore,alexwhite@example.net,2025-09-22
1449,Ms. Lauren Schmidt,diazruth@example.net,2025-03-27
1450,Jason Edwards,robert96@example.com,2025-05-11
1451,Rachel Hughes,esmith@example.org,2025-09-13
1452,Kristine Lopez,scott81@example.com,2025-06-11
1453,John Jones,okhan@example.org,2025-03-29
1454,Laurie Taylor,henrymeyer@example.org,2025-09-19
1455,Donald Ramirez,fsolis@example.net,2025-02-06
1456,Blake Mills,rhondamathis@example.org,2025-04-01
1457,Jacob Garcia,darrellbryan@example.net,2025-12-31
1458,Lisa Knox,jessica08@example.net,2025-10-06
1459,Walter Lawson,woodjoan@example.org,2025-12-26
1460,Sharon Martin,blackburnrobert@example.net,2025-04-02
1461,Julie Martin,lwalls@example.net,2026-01-22
1462,Jessica Nelson,leonardsmith@example.org,2025-09-27
1463,Jessica Brady,bacevedo@example.net,2025-07-18
1464,Kelly Jackson,garybryant@example.com,2025-12-24
1465,Philip Rowland,josephpotter@example.com,2025-11-09
1466,Jennifer Cole,destiny75@example.org,2025-02-05
1467,Julian Smith,umorrison@example.org,2025-08-26
1468,Brett Yates,mikaylaclark@example.com,2025-11-03
1469,Nicole Fitzpatrick,gonzalezryan@example.net,2025-02-10
1470,Brian Hancock,anthonyturner@example.net,2026-01-20
1471,Tommy Wagner,melanie51@example.net,2025-02-07
1472,Zachary Cruz,zglover@example.com,2025-05-21
1473,Caleb Patel,kentstone@example.org,2025-10-04
1474,Andrew Shields,vevans@example.org,2025-07-11
1475,Christian Harrison,wpatterson@example.com,2025-09-01
1476,Haley Davis MD,timothybenjamin@example.net,2026-01-16
1477,Jennifer Miller,jeremiahsmith@example.com,2025-06-21
1478,Michael Taylor,noahkent@example.net,2025-10-18
1479,Brian Sanders,johnsontyler@example.net,2025-10-07
1480,Daniel Fletcher,hperry@example.net,2025-09-10
1481,William Jordan,kellyray@example.org,2025-05-24
1482,Timothy Smith,theodoregolden@example.org,2025-05-10
1483,Erica Hawkins,pross@example.com,2025-10-10
1484,Wendy Blair,biancapowers@example.org,2025-05-24
1485,Deanna Williams,martinezjennifer@example.org,2025-07-29
1486,Peter Jordan,heather21@example.net,2025-04-24
1487,Maria Guzman,tinachavez@example.com,2025-05-01
1488,Robert Noble,jasonschmidt@example.com,2025-10-19
1489,Andrew Short,keith88@example.net,2025-02-11
1490,Joshua Diaz,travis56@example.net,2025-06-12
1491,Debbie Gordon,lindsayramirez@example.org,2025-11-08
1492,Allison Cross,tballard@example.net,2025-09-29
1493,Sean Lynn,deniserose@example.org,2025-07-12
1494,Douglas Frazier,josephmathis@example.net,2025-08-02
1495,Jamie Doyle,ericharris@example.net,2025-09-19
1496,Lorraine Patterson,robert90@example.com,2025-08-25
1497,Anna White,maxwellbarry@example.net,2025-10-23
1498,Paul Schultz,markmoore@example.org,2025-09-05
1499,Nathan Rodriguez,bryan68@example.net,2025-04-22
1500,Brian Smith,julie45@example.com,2025-11-09
1501,James Cooley,alistacy@example.org,2025-05-31
1502,Ryan Carroll,ivazquez@example.net,2025-05-08
1503,Kimberly Blevins,williamruiz@example.com,2026-01-05
1504,Vanessa Dickerson,sullivancaitlin@example.net,2025-09-19
1505,Thomas Wagner,ounderwood@example.org,2025-09-26
1506,Nathan Jones,lgriffith@example.com,2025-03-26
1507,Randy Powell,stonesusan@example.net,2025-04-12
1508,Gabriel Underwood,rojasjocelyn@example.net,2025-04-13
1509,Roberto Rivera,bryanarnold@example.com,2025-07-19
1510,Dr. Kathleen Moore,randy00@example.org,2025-11-21
1511,William Evans,cassandrahughes@example.com,2025-08-14
1512,Jessica Mckenzie,mary84@example.com,2025-03-13
1513,Christina Anderson,keith92@example.net,2025-05-15
1514,Andrea Barnes,patelthomas@example.com,2025-07-13
1515,Patrick Thompson,andrewsmichelle@example.org,2025-10-28
1516,Lynn Sandoval,gonzalesderrick@example.net,2025-11-14
1517,Matthew Smith,zacharygutierrez@example.org,2025-09-21
1518,Jasmine Rodgers,rangelmichael@example.net,2026-01-07
1519,Justin Wolf,nicole20@example.org,2025-02-12
1520,Diana Flowers,ethan57@example.org,2025-03-03
1521,Michael Flynn,gabrielavilla@example.com,2025-02-10
1522,Kimberly Vasquez,matthewsellers@example.com,2026-02-03
1523,Jimmy Kim,stevenlane@example.org,2025-12-21
1524,Natalie Scott,joshua61@example.com,2025-08-25
1525,Donna Cook,kristinmcpherson@example.org,2025-04-25
1526,Gregory Martinez,bridgetmeadows@example.net,2025-12-05
1527,Charles Daniel,kimberly16@example.net,2025-04-04
1528,Christopher Bradford,nelsonleslie@example.org,2025-03-25
1529,Alexandra Baker,williamsadriana@example.com,2026-01-11
1530,David Cox,byrdashley@example.com,2025-08-27
1531,Melanie Bautista,gonzalesstephen@example.net,2025-07-24
1532,Paul Sanchez,matthewferguson@example.net,2025-09-02
1533,Hunter Hess,sharon83@example.net,2025-08-02
1534,Theresa Casey,robert81@example.com,2025-10-19
1535,Jason Rollins,qmartin@example.net,2025-02-09
1536,Nicole Carrillo,qyoder@example.net,2025-09-28
1537,Stephen Levy,oberg@example.net,2025-11-30
1538,Jennifer Hogan,xmcdaniel@example.com,2025-12-10
1539,Monique Walton,owilliams@example.org,2025-09-13
1540,Eric Juarez,crystal35@example.net,2025-11-29
1541,Annette Bell,smithchad@example.org,2025-05-08
1542,Bethany Parks,gregorybradley@example.org,2025-11-06
1543,Ashley Ferguson,floresjoseph@example.net,2025-05-30
1544,Lori Reyes,jessica48@example.com,2025-05-15
1545,Kelly Craig,cruzamanda@example.net,2025-06-09
1546,Steven Nunez,thomaschristopher@example.com,2025-10-13
1547,Parker Sanders,frazieramber@example.com,2025-06-20
1548,Shannon Rivera,erika48@example.net,2025-09-17
1549,Angela White,xyoung@example.org,2026-02-03
1550,Kristina Garcia,john78@example.org,2025-04-01
1551,Christina Trevino,vegapatricia@example.com,2025-05-18
1552,Steven Mcneil,ythornton@example.org,2025-02-12
1553,Karina Mack,richard40@example.com,2025-02-12
1554,Tara Coleman,frobinson@example.net,2025-10-28
1555,Robert Bradford,brooke09@example.org,2025-06-02
1556,Elizabeth Huang,ksmith@example.com,2025-03-27
1557,Jamie West,ruizjennifer@example.net,2025-12-22
1558,Glenn Garcia,elizabethdaniels@example.net,2025-03-10
1559,Katelyn Foster,tina58@example.org,2025-09-25
1560,Amy Jensen,christopher99@example.org,2025-02-22
1561,Joseph Walker,pamela66@example.net,2025-03-12
1562,Michele Gray,kellyjohn@example.org,2025-08-21
1563,Mr. Gary Wolf MD,maloneangela@example.net,2025-03-21
1564,William Montoya,ronald96@example.org,2025-08-30
1565,Bradley Gonzalez,newmanjessica@example.net,2025-03-12
1566,Michael Clark,connorweber@example.com,2026-02-01
1567,Eugene Tanner,nancy22@example.com,2025-12-25
1568,Tracey Smith,duncancarly@example.net,2025-11-23
1569,Olivia Martinez,jesse20@example.org,2026-01-26
1570,Michael Estrada,weberdaniel@example.com,2025-10-16
1571,Bethany Baker,xhaley@example.org,2026-01-31
1572,Dana Sullivan,nelsonpaula@example.org,2025-03-15
1573,Michael Schwartz,brendatorres@example.com,2026-01-17
1574,Andrea Kemp,karen79@example.com,2025-12-03
1575,David Lopez,matthewwilson@example.net,2025-04-09
1576,Mrs. Angela Fowler,colewilliam@example.com,2025-05-18
1577,Breanna Combs,kurt29@example.org,2025-06-19
1578,Linda Hall,kimreed@example.org,2025-04-02
1579,Elizabeth Meadows,powellkara@example.net,2025-12-07
1580,Raymond Swanson,nathanielpeterson@example.org,2025-06-17
1581,Daniel Diaz,fandrews@example.net,2025-06-30
1582,Jeremiah Oneill,yadams@example.org,2025-07-10
1583,Tammy Garcia,mitchellmegan@example.org,2025-06-24
1584,Henry Moore,kanejulian@example.com,2025-03-08
1585,Jordan Villa,gregorymorgan@example.com,2025-11-14
1586,Brooke Sloan,wheelerchristopher@example.net,2025-12-07
1587,Jennifer Walker,daniellegarrett@example.com,2025-03-02
1588,Robert Howell,christopher25@example.net,2025-02-11
1589,Jeffrey Li,drice@example.org,2025-09-02
1590,Roy Mccoy,callahantimothy@example.org,2025-11-04
1591,Michael Glass,mcphersoncindy@example.net,2025-12-15
1592,Michael Anderson,kristinagarcia@example.com,2025-02-17
1593,Yvonne Lee,adrian65@example.net,2025-12-11
1594,Jaclyn Brown,ymoore@example.net,2025-07-26
1595,Brandy Henderson,xwagner@example.org,2025-04-20
1596,Emily Reed,alicia53@example.org,2025-11-28
1597,Cory Velazquez,tcarter@example.net,2025-11-19
1598,Colin Hinton,andradejonathan@example.org,2025-03-26
1599,Alan Grimes,steven17@example.net,2025-09-14
1600,Shannon Hale,stonedouglas@example.com,2025-11-13
1601,Adam Hamilton,wjones@example.net,2026-02-01
1602,Sharon Thompson,mariah09@example.com,2025-08-15
1603,Scott Caldwell,eric80@example.org,2025-03-24
1604,Donald Clark,loretta10@example.com,2025-03-20
1605,Benjamin Weber,gabriella38@example.com,2026-01-11
1606,Jake Lopez,shernandez@example.org,2025-04-09
1607,David Davis,mwhite@example.net,2025-11-13
1608,Holly Moore,qwilson@example.org,2025-11-04
1609,Richard Adams,tbennett@example.com,2025-04-30
1610,Teresa Wade,webstermichael@example.com,2025-03-11
1611,Ashley Hernandez,alyssacarroll@example.net,2025-03-11
1612,Brian Dillon,youngcory@example.com,2025-08-09
1613,Alejandra Kidd,robinsongregory@example.com,2025-05-12
1614,Cassandra Long,jennifer89@example.net,2025-11-26
1615,Stephen Petersen MD,caseyjensen@example.org,2025-11-03
1616,James King,karen43@example.net,2025-09-11
1617,Andrew Ray,walkerscott@example.net,2025-09-10
1618,Jamie Lee,phamdavid@example.net,2025-04-08
1619,Lisa Henderson,hannamario@example.net,2025-07-03
1620,Amanda Moore,michael81@example.org,2025-09-04
1621,Adrian Casey,jason51@example.org,2025-08-22
1622,Willie Barajas,kevingarza@example.com,2026-02-04
1623,David Murray,matthew86@example.com,2025-05-03
1624,Katherine Pena,ashley46@example.com,2025-10-24
1625,Dawn Smith,nhutchinson@example.net,2025-03-06
1626,Benjamin Watson,lopezrichard@example.com,2025-06-04
1627,Michelle Watkins,christine80@example.net,2025-12-07
1628,Stephen Burke,evanslinda@example.org,2025-09-15
1629,Elaine Johnson,fieldscynthia@example.org,2025-12-26
1630,Isaac Mclaughlin,diane20@example.org,2025-08-20
1631,Karen Nolan,mroberts@example.org,2025-12-28
1632,Jeremy Peterson,vasquezdavid@example.org,2025-06-24
1633,Lauren Williams,john73@example.org,2025-12-20
1634,David Walters,aaronsullivan@example.com,2025-09-19
1635,Jeanette Zimmerman,jacquelinejohnson@example.org,2025-08-01
1636,Teresa Sanchez,stephensandrew@example.org,2025-12-02
1637,William Barnes,tyler80@example.com,2025-06-22
1638,Kevin Payne,zcox@example.org,2026-01-07
1639,Michael Young,matthew21@example.net,2025-06-13
1640,Rachel Moss,ojohnson@example.com,2025-03-20
1641,Susan Grant,michelledavis@example.net,2025-05-20
1642,Courtney Hernandez,monicawang@example.com,2025-08-01
1643,Donna Grant,mcgeelisa@example.com,2025-03-21
1644,Alexander Franco,smithjulia@example.com,2025-08-07
1645,Eric Sellers,marie17@example.com,2025-10-01
1646,Carla Carpenter,torresrebecca@example.net,2025-09-02
1647,Brandon Hill,jamesblankenship@example.org,2025-11-13
1648,Michael Garcia,logan35@example.com,2025-03-10
1649,Jeanette Salinas,william09@example.net,2025-11-06
1650,Richard Bryant,cassandra97@example.net,2025-09-13
1651,Isabel Boyer,myersanthony@example.com,2025-02-15
1652,Elijah Brown,grodriguez@example.com,2025-12-11
1653,Kayla Morrow,mercerdana@example.com,2025-08-21
1654,Brandi Jones,jonescindy@example.org,2026-01-22
1655,Nicholas Duarte,sarah83@example.com,2025-04-03
1656,Andrea Arnold,hgreen@example.org,2025-04-18
1657,Omar Sosa,ddunn@example.com,2025-06-30
1658,Jeffrey Armstrong,jaime19@example.org,2025-06-26
1659,Elizabeth Green,cummingsdarlene@example.org,2025-07-05
1660,Jennifer Higgins,brian83@example.com,2025-08-06
1661,Brandi Sanchez,reyesstephen@example.net,2026-01-07
1662,James Bailey,hflores@example.org,2025-10-07
1663,Larry Dean,hmeyer@example.net,2025-07-02
1664,Pamela Robinson,hevans@example.com,2025-06-29
1665,Tiffany Miller,tammyfuller@example.com,2025-08-09
1666,Mark Smith,kendra72@example.com,2025-11-25
1667,Susan Williams,christinamiller@example.com,2026-01-07
1668,Brandon Curry,lmiller@example.net,2025-06-17
1669,Nicholas Beck,nortiz@example.net,2025-04-21
1670,Stephanie Johnson,renee16@example.org,2025-05-04
1671,Ryan Thomas,sandersjillian@example.net,2025-02-09
1672,Kevin Gomez,kelly89@example.com,2025-03-11
1673,Patricia Rose,maldonadoisaac@example.com,2026-01-01
1674,Joseph Torres,david93@example.net,2025-06-10
1675,Ryan Lee,nicole69@example.com,2026-01-13
1676,Karen Terrell,sheila81@example.net,2025-07-29
1677,Paul Brown,sjones@example.com,2025-09-25
1678,Robert Larson,erik32@example.com,2025-02-13
1679,Courtney Nguyen,sloanjennifer@example.org,2025-10-04
1680,Adrienne Crawford,jesuslamb@example.com,2025-11-16
1681,Rachel Sandoval,andrewbecker@example.com,2025-09-21
1682,Eric Espinoza,rebecca86@example.com,2025-07-31
1683,Jeffrey Zavala,katie60@example.com,2025-08-11
1684,Karen Burch,donna51@example.net,2025-08-20
1685,Frederick Moore DVM,thomasjessica@example.com,2025-07-09
1686,Brittany Watson,bpeters@example.org,2026-02-04
1687,Philip Lee,wattssusan@example.org,2025-05-12
1688,David Riley,zelliott@example.net,2025-07-23
1689,Keith Hess,derekjohnson@example.net,2025-11-06
1690,Kevin Mclaughlin,urodriguez@example.org,2025-10-19
1691,Marie Thomas,ericyu@example.net,2025-08-17
1692,William Jenkins,dawn17@example.net,2025-08-16
1693,Paul Diaz,brownrandy@example.com,2026-01-28
1694,Daniel Brown,dawn75@example.net,2025-10-02
1695,Cameron Bell,jonathonsmith@example.org,2025-08-22
1696,Joseph Krause,stephen61@example.org,2025-05-17
1697,Daisy Le,andrea63@example.com,2025-05-25
1698,Luis Mathews,donaldallen@example.net,2025-04-14
1699,Sherri Daniels,lewiskenneth@example.net,2025-12-08
1700,Carlos Burton,jill37@example.net,2025-03-02
1701,Andrew Smith,stephanieandrade@example.net,2025-07-30
1702,Deborah Anderson,jwalker@example.net,2025-03-02
1703,Robert Hernandez,lewisbrittany@example.net,2025-04-18
1704,David Bennett,bethanyjordan@example.net,2025-04-13
1705,Dominique Francis,zacharyvalencia@example.com,2025-12-23
1706,Melissa Miller,daniellemunoz@example.net,2025-08-15
1707,Wendy Woods,abass@example.org,2025-06-29
1708,Erin Perry,vgutierrez@example.net,2025-06-10
1709,Jennifer Harris,kgreen@example.net,2025-03-01
1710,Natasha Martinez,melissa70@example.net,2025-10-31
1711,Vincent Burton,velezjavier@example.com,2025-09-21
1712,Austin Hernandez,william68@example.org,2025-02-25
1713,Russell Green,charles37@example.net,2025-05-22
1714,Jonathan Stafford,peter71@example.com,2025-07-09
1715,Kelly Fisher,dalehernandez@example.com,2025-11-11
1716,Megan Nelson,wpadilla@example.com,2025-08-12
1717,James Marshall,sarahshort@example.org,2025-06-01
1718,Steven Brewer,lmooney@example.net,2025-10-02
1719,John Miller,acollins@example.com,2025-06-09
1720,Sydney Davis,jacquelinevilla@example.com,2025-07-30
1721,Joseph House,richardthomas@example.com,2026-01-26
1722,Dorothy Jimenez,josephcherry@example.org,2025-06-18
1723,Roger Miller,sarah53@example.com,2025-10-28
1724,Eric Webb,fcampbell@example.net,2025-09-11
1725,Adam Williams,nicolasgomez@example.net,2025-09-28
1726,Joy Acosta,william57@example.org,2026-01-06
1727,Victoria Garcia DVM,mark72@example.com,2025-05-13
1728,Joshua Hood,kylebrown@example.com,2025-02-11
1729,Sandra Hall DVM,annetteweeks@example.net,2025-06-18
1730,Christopher Williams,larry65@example.org,2025-10-02
1731,Wesley Mcintyre,ayalagregory@example.com,2025-08-15
1732,Ray Mcintosh,michellechambers@example.net,2025-02-20
1733,Timothy Foster,mlivingston@example.net,2025-09-19
1734,Timothy Smith,jennifer80@example.org,2025-12-11
1735,Jessica Hernandez,kimberly16@example.com,2025-06-09
1736,Jennifer Brown,cookejessica@example.net,2026-01-27
1737,Dustin Anderson,brandonrichards@example.com,2025-07-29
1738,Philip Hartman,rbest@example.org,2025-02-13
1739,Roy Pope,oobrien@example.com,2025-05-22
1740,Charles Kelly,karenpratt@example.net,2025-10-10
1741,David Johnson,gillpaul@example.org,2025-09-14
1742,Lisa Cook,james85@example.com,2025-05-21
1743,Whitney Wright,mirandaanderson@example.org,2025-10-11
1744,Natalie Maxwell,george44@example.com,2025-11-09
1745,Justin Henry,amy68@example.org,2025-08-25
1746,Benjamin Hanson,manuelevans@example.net,2025-03-16
1747,Robert Black,douglas28@example.org,2025-05-06
1748,Abigail Sanders,cody78@example.com,2025-08-04
1749,Frank Garcia,megan31@example.com,2026-01-09
1750,Katrina Hester,brett06@example.net,2026-01-04
1751,Mary Hill,alexandra58@example.net,2025-05-19
1752,Jasmine Hogan,andrea53@example.com,2025-05-03
1753,Robert Richardson,lisa23@example.org,2025-11-08
1754,Brandon Hawkins,obrown@example.net,2025-07-18
1755,Erika Braun,moraleslauren@example.org,2025-04-19
1756,Shawn Long,mikesmith@example.org,2025-11-12
1757,Gene Ryan,carla57@example.org,2025-06-15
1758,Joshua Roberts,heather73@example.net,2025-08-27
1759,Margaret Gonzalez,melissagutierrez@example.org,2025-05-24
1760,Matthew Noble,jessica67@example.org,2025-05-28
1761,Carla Sanders,thompsonshane@example.net,2025-09-22
1762,Sarah Snyder,nhouston@example.net,2025-10-08
1763,William Kim,zroberson@example.com,2026-01-18
1764,Donna Smith,stephanie63@example.org,2025-04-02
1765,Carl Walker,whiteveronica@example.org,2025-06-24
1766,Michael Martin,kchavez@example.com,2025-02-27
1767,Shane Williams,amberfigueroa@example.org,2025-10-23
1768,Michelle Johnson,marie57@example.org,2025-05-05
1769,Brian Sullivan,aguilarlisa@example.net,2025-02-07
1770,Kevin Williams,danielleshaffer@example.com,2025-03-29
1771,Mary Dudley,lovecharles@example.net,2025-12-07
1772,Anthony Stewart,garrisonbenjamin@example.net,2025-02-13
1773,Paula Anthony MD,saragonzalez@example.net,2025-04-20
1774,Zachary Rogers,brittneypeters@example.net,2025-09-09
1775,Stephanie Lam,kelly91@example.com,2025-09-11
1776,Renee Davis,rsantiago@example.net,2025-06-30
1777,Stephanie Davis,alexanderhayley@example.org,2025-02-09
1778,Jessica Monroe,rebecca58@example.com,2026-01-06
1779,Alexandria Gray,jeffreywalker@example.com,2025-09-27
1780,Adam Castaneda,baileycharles@example.com,2025-03-22
1781,Shannon Morgan,udavidson@example.com,2025-02-06
1782,Jennifer Thomas,webernancy@example.net,2026-01-16
1783,Michelle Meadows,kristinaadams@example.org,2025-11-18
1784,Cynthia Howard,kim64@example.com,2025-04-27
1785,Alicia Burnett,cowantodd@example.net,2025-04-19
1786,Kimberly Johnson,catherinebyrd@example.org,2025-09-06
1787,Kelsey Huff,sanchezmatthew@example.net,2025-06-28
1788,Joshua Mcdonald,lruiz@example.org,2025-02-22
1789,Gary Rosales,markdavis@example.org,2025-04-10
1790,Rebecca Jensen,grantdarren@example.net,2025-07-05
1791,Brad Osborne,gardnerrobert@example.com,2025-08-01
1792,Lisa Tyler,bgentry@example.com,2025-10-23
1793,William Ellis,nlopez@example.net,2026-01-20
1794,Judith Myers,ricechristopher@example.org,2026-01-27
1795,Christopher Carrillo,sgomez@example.net,2025-08-17
1796,Jennifer Porter,bsingleton@example.org,2025-09-18
1797,Lisa Carr,klyons@example.org,2026-01-08
1798,Andrew Thomas,rdecker@example.com,2025-02-27
1799,Jaime Wiley,stonemichael@example.com,2025-06-05
1800,John Moore,emaynard@example.net,2026-01-23
1801,Margaret Johnson,jgibbs@example.com,2025-04-16
1802,Angela Schmitt,christopherthomas@example.net,2025-12-15
1803,Vanessa Hickman,douglas81@example.com,2025-05-22
1804,Mary Reyes,nataliewilliams@example.net,2025-06-01
1805,Anthony Rivera,fshelton@example.org,2025-10-02
1806,Donald Fuller,ginapark@example.com,2025-08-29
1807,Melody Spencer,mcmahontiffany@example.net,2025-04-02
1808,Frederick Smith,rogersjamie@example.org,2025-04-15
1809,Rebecca Wilson,susandavis@example.org,2025-04-11
1810,Jeffrey Perry,sandersjohn@example.com,2026-01-10
1811,Benjamin Jones,carolyn38@example.org,2026-01-17
1812,Nicole Houston,huntergregory@example.org,2025-12-08
1813,Maria Jones,lwilkinson@example.com,2025-10-27
1814,Paige Jordan,cindy39@example.net,2025-04-10
1815,Jimmy Olson,valerieramirez@example.com,2026-01-22
1816,Annette Chan,amyjenkins@example.com,2025-09-15
1817,Joseph Rivera,taylortodd@example.net,2026-02-05
1818,Brittney Burke,henrymichael@example.org,2025-06-22
1819,Gregory Mays,wcohen@example.com,2025-04-04
1820,Ruben Holt,andrewstimothy@example.com,2025-09-23
1821,Sabrina Hill,hamiltonadrienne@example.org,2025-07-25
1822,Michele Middleton,jeffreymccoy@example.com,2025-09-21
1823,Jodi Tyler,terridickson@example.com,2025-10-08
1824,Jeremy Trujillo,melissamason@example.com,2025-07-14
1825,Joseph Cooper,jjuarez@example.net,2025-06-05
1826,Lee Macdonald,cynthia38@example.org,2025-06-01
1827,Brandy Rush,whiterandall@example.com,2025-03-25
1828,Nicole Thomas,wsmith@example.com,2025-02-21
1829,Robert Jackson,vlyons@example.net,2025-10-27
1830,Michael Massey,claudiareed@example.net,2025-11-09
1831,James Sampson,davidbrown@example.net,2025-10-12
1832,Troy Reed,tonysmith@example.org,2026-01-12
1833,Linda Crosby,parkjanice@example.com,2025-12-27
1834,Timothy Goodman,brianbrown@example.com,2025-11-24
1835,John Potts,vbutler@example.org,2025-08-27
1836,Keith Alvarez,michelle34@example.com,2025-08-16
1837,Bill Dickerson,thomas45@example.org,2025-05-24
1838,David Edwards,ppeterson@example.org,2025-08-21
1839,Samuel Brown,jordanterri@example.org,2025-04-06
1840,Taylor Wagner,hwong@example.com,2025-06-30
1841,Heather Frazier,hmorris@example.net,2025-09-03
1842,Andrea Mitchell,andre33@example.org,2025-04-21
1843,Michelle Shaw,jacobscourtney@example.com,2025-02-10
1844,Cindy Robertson,cervanteslinda@example.com,2026-01-12
1845,Angel Simpson,qhardy@example.com,2025-08-02
1846,Shirley Lopez,bgregory@example.net,2025-05-13
1847,David Brown,hhartman@example.net,2025-11-09
1848,Daniel King,samanthaclark@example.net,2025-04-05
1849,Kimberly Mendoza,pclark@example.net,2025-03-11
1850,Thomas Martin,kristine75@example.net,2025-09-23
1851,Nicholas Ingram,gcontreras@example.net,2025-06-10
1852,Brian Henderson,keithmack@example.net,2025-12-01
1853,Laura Sanders,vstone@example.com,2025-11-23
1854,James Jackson,lisa41@example.net,2025-06-17
1855,Michelle Nelson,gsingh@example.com,2026-01-06
1856,Melissa Osborne,raymondyu@example.com,2025-11-01
1857,Jared Adams,justinbush@example.org,2025-12-25
1858,Billy Rosales,autumn32@example.org,2025-07-24
1859,Matthew Munoz,fjackson@example.com,2025-11-17
1860,Danielle Bowen,lbradley@example.org,2025-10-08
1861,Tanya Strong,angelayates@example.org,2025-05-16
1862,Michael Rodriguez,denisewalker@example.net,2025-06-15
1863,Emily Miles,yatesjames@example.net,2025-05-25
1864,Amanda Petty,rmaldonado@example.net,2026-01-28
1865,Susan Bryan,brandy58@example.org,2025-02-28
1866,Dustin Edwards,uclayton@example.org,2026-01-08
1867,Angela Douglas,melaniegreen@example.com,2025-10-18
1868,Susan Thornton,alicia06@example.com,2025-07-06
1869,Jack Brown MD,qcarter@example.com,2025-03-08
1870,Gregory Smith,charlesnichols@example.org,2025-02-23
1871,Karen Miller,mark36@example.org,2025-09-09
1872,Daniel Arnold,pruittchristine@example.net,2025-02-28
1873,Amy Christensen,kaitlyn97@example.org,2025-12-20
1874,Ethan Roberson,laura43@example.com,2025-12-27
1875,Susan Rogers,whoward@example.com,2025-03-14
1876,Kimberly Boyd,dawnjoyce@example.net,2025-03-13
1877,Jessica Johnson,greenjacqueline@example.com,2025-06-18
1878,Cathy Taylor,juan00@example.net,2025-05-11
1879,Matthew Hall,jennywilliams@example.com,2025-04-10
1880,Renee Hines,zgarcia@example.org,2025-09-27
1881,Nathaniel Jordan,brookenichols@example.com,2025-03-15
1882,Nicole Rodriguez,garrettkayla@example.com,2025-07-16
1883,Tiffany Robertson,erin51@example.org,2025-10-05
1884,Brenda Garrett,ubradshaw@example.com,2025-10-05
1885,Mark Aguilar,allencarrie@example.net,2025-07-08
1886,Amy West,daniel62@example.net,2025-09-18
1887,Lynn Mejia,santiagomichael@example.com,2025-03-21
1888,Annette Nelson,diana08@example.org,2025-05-07
1889,George White,kathleen15@example.net,2025-03-14
1890,Samuel Ross,stephaniemorris@example.com,2025-05-14
1891,Kristen Hoffman,henry56@example.com,2025-05-02
1892,Rebecca Alvarez,anthony34@example.com,2025-03-12
1893,Reginald Smith,smithnichole@example.org,2025-11-03
1894,John Rose,willispatrick@example.net,2025-08-06
1895,Darren Santiago,churchhenry@example.net,2025-04-16
1896,Dustin Bell,kristie36@example.com,2025-11-18
1897,Tamara Lawrence,iconner@example.com,2025-07-15
1898,Ronald Watkins,brett71@example.net,2025-03-02
1899,Ashley Hunt,perkinsdustin@example.net,2025-06-25
1900,John Rose,matthew26@example.net,2025-09-18
1901,Christopher Hardy,jmadden@example.net,2025-06-30
1902,Dennis Fowler,joshuaguerra@example.org,2025-07-18
1903,Hailey Ramos,krystal87@example.net,2025-11-21
1904,Melissa Ellis,shanedavis@example.com,2025-10-22
1905,James Larson,qsantiago@example.net,2025-10-14
1906,Jordan Combs,marco89@example.com,2025-03-19
1907,Brooke Henson,rebecca27@example.org,2026-01-28
1908,Brian Soto,dustinchapman@example.org,2025-05-07
1909,Oscar Kirk,pbarnes@example.net,2025-11-29
1910,Daniel Brooks,tamara50@example.com,2025-03-31
1911,Rebecca Evans,zberry@example.com,2025-03-31
1912,Timothy Townsend,jennymorton@example.com,2025-04-09
1913,Elizabeth Herrera,sandovaljuan@example.org,2025-11-02
1914,Lisa Zimmerman,edennis@example.net,2025-09-20
1915,Laura Ford,jessica04@example.com,2025-07-26
1916,Sarah Harmon,fhobbs@example.org,2025-09-28
1917,Melissa Dickerson,maria20@example.com,2025-06-09
1918,Anthony Murray,dswanson@example.net,2025-08-10
1919,Anna Brewer,rachel59@example.net,2025-07-01
1920,Sara Villarreal,carmen26@example.org,2025-12-10
1921,Michael Howard,xferguson@example.org,2025-09-21
1922,Gabriel Russell,garrettwilliam@example.com,2025-10-10
1923,Jacob Miller,xgoodwin@example.net,2025-05-07
1924,Jason Pitts,jessicabarry@example.com,2025-11-27
1925,Robin Mcconnell,samantha03@example.org,2025-06-25
1926,Robin Lawrence,cmoody@example.com,2025-03-19
1927,Sarah Mosley,pamelafuentes@example.org,2025-11-19
1928,Rebecca Perry,phudson@example.org,2025-05-26
1929,Kyle Jacobson,joseph68@example.com,2025-03-24
1930,Olivia Cummings MD,silvasarah@example.net,2025-09-19
1931,Karen Hawkins,jhunt@example.com,2025-10-04
1932,Martin Morrison,jonathanmoss@example.net,2025-04-21
1933,Christina Guerrero,gnguyen@example.org,2025-11-25
1934,Natalie Walker,katrinamorgan@example.org,2026-02-01
1935,Jason Simmons,brandymccall@example.net,2025-06-14
1936,Gerald Lyons,thomas67@example.com,2026-01-15
1937,Tyler Nelson,troy14@example.org,2025-11-12
1938,Katrina Watson,wanda05@example.net,2025-04-15
1939,Matthew Johnson,randall99@example.net,2025-06-22
1940,Melissa Howard,christopherware@example.net,2025-07-31
1941,Dr. Kevin Clark,joseduncan@example.net,2025-05-30
1942,Mark Webb,garciamatthew@example.net,2025-11-01
1943,Chris Leonard,bakerjanice@example.net,2025-12-29
1944,Michelle Ingram,gonzalezkaitlyn@example.org,2025-12-12
1945,Chloe Arnold,ljones@example.com,2025-09-26
1946,Terry Roy PhD,nathankane@example.net,2025-05-03
1947,Brandon Kelley,renee36@example.net,2026-01-26
1948,Antonio Poole,barnettjonathan@example.com,2025-03-17
1949,Dana Moore,boydsamantha@example.net,2026-01-06
1950,Julie Bates,ccisneros@example.net,2025-09-11
1951,Brianna Mcintosh,kellybarbara@example.net,2025-06-22
1952,Elizabeth Miller,gregory71@example.com,2025-11-02
1953,Christopher Burke,sandra35@example.com,2026-01-26
1954,Monique Griffith MD,cstanley@example.org,2025-09-07
1955,Lauren Bailey,kerry08@example.org,2025-03-23
1956,Christine Black,robert48@example.org,2025-03-03
1957,Alexander Schneider,tina56@example.com,2025-04-30
1958,Christopher Woods,schmidtmonica@example.com,2025-09-22
1959,Michael Roberts,oheath@example.net,2025-03-26
1960,Megan Mathews,hallnicole@example.org,2025-10-31
1961,Vanessa Lucas,peter02@example.org,2025-03-11
1962,George Cline,katherine37@example.org,2025-07-30
1963,Scott Gallegos,wcastro@example.org,2025-07-14
1964,Paul Davis,jody85@example.com,2025-11-11
1965,Robert Stone,ffrederick@example.com,2025-02-18
1966,Karen Smith,lstone@example.com,2026-01-20
1967,Tina Sosa,eric97@example.net,2025-05-14
1968,Michelle Bennett,jenniferfuentes@example.com,2025-07-26
1969,Abigail Rogers,caitlinbean@example.net,2025-08-11
1970,Emily Lewis,jeffrey39@example.com,2025-03-12
1971,Robert White,sandrabutler@example.org,2025-02-08
1972,Joe Savage,gpadilla@example.net,2025-12-25
1973,Joseph Gonzales,pmclaughlin@example.org,2025-09-11
1974,Tiffany Lindsey,dclark@example.org,2025-08-08
1975,Mrs. Michelle Mcdonald,aarroyo@example.org,2025-03-07
1976,Paul Garcia,jennifer64@example.org,2025-06-19
1977,Julie Anderson,aaron35@example.com,2025-10-12
1978,Brian Gray,dylan85@example.com,2025-05-01
1979,Veronica Wilkinson,vaughnnatasha@example.org,2025-10-05
1980,Jason Nelson,michaeljordan@example.org,2025-06-16
1981,Roy Smith,leeronald@example.org,2025-08-10
1982,Derrick Marshall,frogers@example.org,2025-08-16
1983,Stacey Walker,mackenziecamacho@example.org,2025-09-18
1984,Andrew Moore,kevingeorge@example.net,2025-10-21
1985,Cody Davis,garciapatricia@example.org,2025-11-07
1986,Steven Townsend,stephaniemoore@example.org,2025-06-20
1987,Marie Baker,mayerbrian@example.org,2025-06-03
1988,Nicole Davis,ryandennis@example.org,2025-07-13
1989,Melinda Smith,greenpatrick@example.org,2025-06-27
1990,Henry Velazquez,charlesdavila@example.org,2025-12-29
1991,Frederick Pineda,kirkjenkins@example.net,2025-04-19
1992,Jodi Barrett,fitzgeraldkimberly@example.org,2025-10-12
1993,David Duncan,chavezdavid@example.net,2025-04-24
1994,Michael Nichols,jennifer90@example.com,2025-07-18
1995,Daniel Day,scott05@example.net,2026-01-15
1996,Linda Rose,luisatkins@example.org,2025-05-12
1997,Robert Monroe,atkinsmatthew@example.org,2025-05-15
1998,Anthony Walker,jessicaperry@example.org,2025-06-29
1999,Donald Martin,nesparza@example.com,2025-10-06
2000,Angel Walker DDS,ymack@example.net,2026-01-25
2001,Michael Green,jeanneharmon@example.com,2025-09-18
2002,Jacob Mckay,emejia@example.net,2025-08-12
2003,Diane Sharp,amandarios@example.com,2025-12-09
2004,Christian Peters,alane@example.org,2025-10-16
2005,Melanie Jordan,vlee@example.net,2025-10-25
2006,Patrick Phillips,derrickphillips@example.net,2025-04-01
2007,Carla Peterson,ericamcclure@example.net,2025-04-26
2008,Greg Buckley,rachel02@example.net,2025-03-20
2009,Julie Chavez,david56@example.com,2025-03-16
2010,Jordan Williams,cookbarbara@example.com,2025-11-23
2011,Brittany Wright,daniel16@example.org,2025-06-19
2012,Carolyn Jones,brianconrad@example.org,2025-03-25
2013,Amanda Ward,katie82@example.com,2025-05-04
2014,Randy Thomas,cdavies@example.com,2025-05-24
2015,Stephanie Robinson,tracymarks@example.net,2025-10-11
2016,Kathleen Forbes,usmith@example.org,2025-03-26
2017,Haley Williams,cameronrodriguez@example.net,2026-01-07
2018,Tamara Smith,alexanderkevin@example.org,2025-07-02
2019,Gregory Peck,carpenterdavid@example.com,2025-04-27
2020,Angela Mills,jose77@example.org,2026-01-17
2021,Michelle Little,williejohnson@example.org,2025-10-20
2022,Valerie Hancock,angelanewton@example.net,2025-03-09
2023,Brandi Cook,tiffanyterry@example.net,2025-05-04
2024,Todd Henderson,carlsonmichael@example.com,2025-10-21
2025,Kevin Williams,matthew71@example.net,2025-03-07
2026,Regina Lowe,rmartin@example.net,2025-07-15
2027,Jasmine Smith,gregoryyoung@example.org,2025-10-08
2028,Julie Johnson,wilsonrita@example.org,2025-02-25
2029,Michael Greene,rlopez@example.com,2025-09-02
2030,Kenneth Nolan,lindsaysanchez@example.com,2025-06-29
2031,Kelli Mitchell,mariah85@example.net,2025-06-24
2032,Carla Reyes,nicole24@example.com,2025-10-01
2033,Lisa May,pricebrandon@example.com,2025-11-04
2034,Kevin Richards,susan25@example.com,2026-01-03
2035,Dustin Sanders,kendra61@example.com,2025-10-07
2036,Richard Simon,john12@example.org,2025-11-18
2037,Grant Wright,michaeldavis@example.org,2025-05-05
2038,Sarah Branch,gregory62@example.net,2025-05-07
2039,Tracy Hudson,goldenfelicia@example.net,2025-02-24
2040,Joshua Ortiz,martinpaul@example.com,2025-05-27
2041,Brian Anderson,kimberly76@example.net,2025-07-17
2042,Sarah Flores,sandrawilson@example.net,2025-04-04
2043,Martin Nguyen,gdoyle@example.org,2025-04-06
2044,Pamela Buckley,wlove@example.net,2025-11-03
2045,Craig Williams,fkennedy@example.com,2025-11-18
2046,Patrick Oconnor,mccarthyandrew@example.org,2025-08-30
2047,Brian Miller,yangjonathan@example.net,2025-04-18
2048,Christopher Carson,keith11@example.net,2025-10-10
2049,April Warren,ohernandez@example.org,2025-04-12
2050,Morgan French,alyssa37@example.org,2025-08-02
2051,Danielle Richardson,richard78@example.org,2025-04-06
2052,Matthew Glover,tinaquinn@example.com,2025-12-07
2053,Jose Mueller,gonzalezbrent@example.com,2026-01-02
2054,Kimberly Turner,sarah81@example.net,2025-06-24
2055,Rebecca Fuller,amandacardenas@example.org,2026-01-03
2056,Dr. Michelle Miller,nvalencia@example.org,2025-09-11
2057,Kirsten Tate,grayjimmy@example.com,2025-05-17
2058,Miguel Harris,lisasanchez@example.org,2025-10-18
2059,Daniel Mendez,alicia08@example.org,2025-11-26
2060,Belinda Lynn,sonyawalker@example.org,2025-02-08
2061,Todd Ortiz,erica85@example.net,2026-01-13
2062,Paul Carter,michaellewis@example.org,2025-09-01
2063,Daniel Bell,meganstephenson@example.org,2025-06-12
2064,Philip Dennis,isaac50@example.com,2025-02-13
2065,James Smith,bbrown@example.net,2025-09-16
2066,Tracey Mckay,juliancordova@example.org,2026-01-10
2067,Jessica Jones,christophersimpson@example.org,2025-07-24
2068,Jennifer Parker,mporter@example.org,2025-03-28
2069,Jennifer Alexander MD,meyerssteve@example.net,2025-03-27
2070,Jamie Parker,irobbins@example.org,2025-12-27
2071,Deanna Burgess,cknox@example.net,2026-01-10
2072,Leslie Ward,glenn41@example.net,2025-12-10
2073,Anthony Cooper,williamsdestiny@example.net,2025-02-12
2074,Deborah Peterson,scott80@example.net,2025-07-27
2075,Robert Jackson,qquinn@example.com,2025-03-21
2076,Sharon Williams,chanchristine@example.com,2025-02-27
2077,Nathan Johnson,andrewduarte@example.org,2025-09-19
2078,Sean Horn,gail82@example.com,2025-11-04
2079,Stephanie Watkins,richardpham@example.org,2025-09-29
2080,Sara Anderson,fweiss@example.org,2025-03-04
2081,Tracy Chavez,melissa24@example.org,2025-11-16
2082,Lisa Waller,burkemariah@example.org,2026-01-18
2083,Andre Powell,browningmelanie@example.org,2025-11-04
2084,Karen Olson,hcruz@example.org,2025-09-17
2085,Randall Rodriguez,diana77@example.net,2025-09-11
2086,Lauren Wright,groberts@example.net,2025-07-03
2087,Brian Smith,stacygrant@example.org,2025-04-01
2088,Michael Vazquez,villegasmelinda@example.com,2025-04-29
2089,Michele Sanders,brooke62@example.com,2025-11-16
2090,Sarah Austin,toddkim@example.org,2025-12-10
2091,Kathryn Bryan,shirleywaller@example.net,2025-11-12
2092,Steve Hernandez,rosalesamy@example.org,2026-01-14
2093,Rebekah Gutierrez,donaldrobles@example.org,2025-10-20
2094,Lisa May,wilsonchristopher@example.net,2025-07-15
2095,Erin Fisher,jennifer73@example.org,2026-01-21
2096,Cathy Martin,danielle20@example.net,2025-04-19
2097,Michael Powers,rday@example.com,2025-12-06
2098,Amanda Lawson,heidi52@example.com,2025-11-24
2099,James Moore,samanthadonovan@example.net,2025-07-14
2100,Jennifer Lewis,williamsbruce@example.net,2025-09-02
2101,Chad Richard,jeffrey49@example.com,2025-03-14
2102,Benjamin Lee,jacquelineromero@example.com,2025-05-26
2103,Michelle Roberts,zowens@example.org,2026-01-10
2104,Bradley Cole,nellis@example.com,2025-11-28
2105,Mark Price,zmcgee@example.org,2025-11-27
2106,Jennifer Carey,derekgibson@example.com,2025-02-11
2107,Nancy Williams,leslie62@example.net,2025-12-20
2108,Beth Cooper,baileymariah@example.net,2025-02-26
2109,Jason Blake,amy30@example.net,2025-07-30
2110,Ann Taylor,ybanks@example.org,2025-07-05
2111,Brendan Brown,ntaylor@example.org,2025-05-22
2112,Randy Crawford,wayne16@example.com,2025-08-09
2113,William Lynn,kparker@example.org,2025-08-21
2114,Stefanie Madden,roywong@example.org,2025-11-19
2115,Jeremy Alvarado,ckemp@example.com,2025-12-24
2116,Isaiah Gomez,villarrealmatthew@example.com,2025-11-05
2117,Melissa Mcintyre,laurencalderon@example.net,2025-04-27
2118,Gary Boyd,andrea44@example.org,2026-01-12
2119,Ashley Ferguson,troymorton@example.org,2025-12-21
2120,Daniel Watts,cthomas@example.com,2025-12-10
2121,Crystal Spence,murphyjonathan@example.org,2026-01-28
2122,Larry Warren,gabriellemiller@example.net,2025-10-04
2123,Amy Gross,fcarter@example.com,2025-06-28
2124,Jessica Contreras,mooredanielle@example.org,2025-11-30
2125,John Mccann,mckeemary@example.net,2025-09-17
2126,Elizabeth Terrell,turnertaylor@example.org,2025-04-01
2127,Arthur Christian,cobbapril@example.net,2025-07-31
2128,Diana Taylor,rmoran@example.org,2025-03-19
2129,Steven Ray,shermanwendy@example.net,2025-06-20
2130,Andrew Hester,hicksstephanie@example.org,2025-02-09
2131,Audrey Kirk,andrewmiller@example.com,2025-04-04
2132,Karen Jimenez,simpsonjames@example.org,2025-07-13
2133,Mary Stanley,jonesjames@example.net,2025-10-21
2134,Rebecca Meyer,jamesgutierrez@example.org,2025-07-05
2135,Jordan Cabrera,stephanie90@example.net,2025-06-10
2136,Brandon Newman,schwartzdebra@example.com,2025-05-25
2137,Pamela Williams,katherinedavis@example.net,2026-01-16
2138,Kelly Walter,yangmary@example.org,2025-11-02
2139,Andrew Crawford DDS,rmaldonado@example.org,2025-06-16
2140,Jamie Miller,churchbeth@example.net,2026-02-05
2141,Melissa Schroeder,alanperez@example.org,2025-09-29
2142,Savannah Rogers,anawilliams@example.org,2025-11-20
2143,Angela Miller,mvalencia@example.net,2025-12-13
2144,Michael Roth,donald03@example.com,2025-10-26
2145,James Floyd,russellneal@example.com,2025-11-10
2146,Zachary Brown,wpotter@example.net,2025-07-01
2147,Nicholas Rivera,ulopez@example.com,2026-01-02
2148,Emily Moore,castrobrian@example.org,2025-04-27
2149,Nicole Moses,derek42@example.net,2025-03-01
2150,Michael Rogers,tmoore@example.org,2025-07-26
2151,Holly Hernandez,christinacook@example.net,2026-02-01
2152,Brian Bentley,lawrencesuzanne@example.org,2025-09-11
2153,Sharon Park,ysanchez@example.com,2025-04-02
2154,Matthew Compton,seanjackson@example.com,2025-05-31
2155,Jon Bryant,suarezmatthew@example.net,2025-09-01
2156,Rebecca Howell,tammydorsey@example.org,2025-06-07
2157,Kelly Brady,estradastephanie@example.org,2025-12-17
2158,Jessica Lopez,ahanson@example.org,2025-07-27
2159,Bonnie Roberts,derek89@example.net,2026-01-15
2160,Matthew Chambers,elliottphillip@example.org,2025-05-12
2161,Derek Hernandez,dunngregory@example.com,2026-01-18
2162,Devon Ford,williamandrews@example.com,2025-05-14
2163,Jamie Murphy,kaitlinmurphy@example.org,2025-08-02
2164,Amy Wilson,danielhernandez@example.org,2025-05-09
2165,John Madden,christina13@example.net,2025-06-04
2166,Christopher Fox,andrea34@example.org,2025-09-16
2167,Robert Martin,brocklori@example.org,2025-12-29
2168,Elizabeth Flores,dawnsalinas@example.com,2025-03-02
2169,Jerome Peterson,tsmith@example.org,2025-08-18
2170,Renee Gross,oobrien@example.com,2025-06-03
2171,Lori Price,xpatterson@example.net,2025-03-30
2172,Elizabeth Wood,jeffreyclark@example.net,2025-10-03
2173,Lisa Hunt,lyoder@example.org,2025-05-13
2174,Karen Wood,hsharp@example.com,2025-07-24
2175,Amber Brown,ashleymoran@example.com,2025-03-23
2176,Kelly Willis,kimberly87@example.net,2025-05-05
2177,Kristen Lane,erin22@example.org,2025-03-09
2178,Anna Casey,vcurtis@example.net,2025-03-25
2179,Dr. Robert Robinson,shannon64@example.com,2025-05-13
2180,Renee Johnston,george06@example.com,2025-03-25
2181,Jennifer Quinn,russellamber@example.org,2025-10-18
2182,Brandon Porter,greendanny@example.org,2025-08-11
2183,David Wallace,vincentrodgers@example.org,2025-10-12
2184,James Howard,paul58@example.net,2025-06-19
2185,Gina Rasmussen,ccarter@example.org,2025-07-05
2186,Michael Rowe,cunninghamjeffery@example.net,2025-06-23
2187,Ashley Finley,elizabeth27@example.net,2025-04-05
2188,Ana Baker,jamesjohnson@example.com,2026-01-29
2189,Nancy Ramirez,christie04@example.com,2025-04-01
2190,George Martinez,rjohnson@example.org,2025-10-07
2191,Ashley Jackson,andreacarlson@example.net,2025-02-08
2192,Ryan Gutierrez,jacqueline16@example.com,2025-04-11
2193,Alejandra Rodriguez,griffinmichael@example.com,2026-01-28
2194,James Fowler,btaylor@example.org,2025-03-06
2195,Maria Russell,william76@example.com,2025-10-21
2196,Jorge Lopez,carolyn70@example.net,2025-05-08
2197,Kimberly Sweeney,robinsontodd@example.net,2025-11-17
2198,Timothy Nelson,courtney24@example.com,2025-04-17
2199,Samantha West,cohenlaura@example.net,2025-07-07
2200,Christian Hinton,brittney67@example.org,2025-10-25
2201,Samuel Rodriguez,dianaglenn@example.net,2026-01-02
2202,Kenneth Macias,todd59@example.net,2025-07-31
2203,Steven Nelson,barajasalexander@example.org,2025-11-15
2204,Jason Ballard,meganknight@example.com,2025-12-23
2205,Tracy Nunez,jimmy98@example.com,2025-03-21
2206,Casey Elliott,glenn45@example.com,2025-11-10
2207,Jeffrey Duarte,ljohnson@example.com,2025-11-09
2208,Jason Davis,duncanmaria@example.org,2025-09-05
2209,Tracy Collins,normanmelissa@example.com,2025-05-13
2210,Deborah Hess,robinsonthomas@example.org,2025-12-10
2211,Steven Brown,jacksonkatherine@example.org,2025-10-15
2212,Patricia Acosta,walter09@example.org,2025-04-04
2213,Randy Miller,andrewsjames@example.net,2025-03-13
2214,Jennifer Warner,juditharmstrong@example.net,2025-10-07
2215,Andrew Powers,bradleygonzalez@example.org,2025-04-13
2216,Elizabeth Cohen,robinsondakota@example.com,2025-11-23
2217,Nancy Castillo,torreschristopher@example.org,2025-10-31
2218,Brett Lee,kennedylisa@example.org,2025-08-07
2219,Amber Knight,ojones@example.org,2025-08-14
2220,David Zavala,shelly36@example.net,2025-06-10
2221,Terry Lopez,kylewalker@example.org,2025-10-16
2222,Mary Hill,gavin58@example.org,2025-07-29
2223,Edgar Garcia,eric95@example.net,2025-07-19
2224,Jennifer Johnson,pagechristian@example.com,2025-03-31
2225,Matthew Nolan,michelle38@example.com,2025-10-10
2226,Katie Castillo,kwilliams@example.net,2025-04-27
2227,Mark Lyons,brenda25@example.net,2025-09-15
2228,Roberto Marks MD,robertsjasmine@example.com,2025-12-05
2229,Aaron Clark,michael32@example.org,2025-07-20
2230,Randy Herrera,angelamaxwell@example.net,2025-05-16
2231,Christine Woodward,taylordavid@example.net,2025-02-22
2232,Mike Middleton,zunigatamara@example.net,2025-10-14
2233,Nicole Cannon,bradley03@example.com,2025-04-30
2234,Richard Anthony,warejames@example.com,2026-01-31
2235,Stephanie Wilson,timothypeters@example.org,2026-01-24
2236,Dillon Russell,meganmccarthy@example.org,2025-11-01
2237,Joseph Hernandez,jacksonstephanie@example.com,2025-03-03
2238,Melanie Brock,bellnoah@example.org,2025-05-10
2239,Brianna Taylor,kyoung@example.org,2025-09-27
2240,Amber Walton,kathleen54@example.net,2025-07-31
2241,David Lloyd,nadams@example.com,2025-07-15
2242,Lauren Lewis,gonzalezbrandon@example.net,2025-03-21
2243,Gerald Gonzalez,zachary32@example.com,2025-10-07
2244,Kevin Christensen,mackblake@example.org,2026-01-21
2245,Randall Baldwin,samantha18@example.net,2025-12-05
2246,Nicholas Stone,colondawn@example.net,2025-05-28
2247,Mr. Dennis Lee Jr.,michael38@example.net,2025-06-30
2248,Richard Allen,angelamartin@example.org,2025-09-06
2249,Bridget Austin,eallen@example.org,2025-11-28
2250,Caitlin Moore,jason12@example.net,2025-08-30
2251,Jamie Eaton,christine24@example.org,2025-10-02
2252,Julia Baker,ashley41@example.net,2025-12-18
2253,Scott Nguyen,victor62@example.com,2025-05-15
2254,Robert Mcdowell,pmarshall@example.org,2025-06-17
2255,Jeffrey Jackson,mharris@example.com,2025-06-25
2256,Tara Griffin,susan27@example.com,2025-05-14
2257,Madeline Davis,richard26@example.com,2026-01-02
2258,David Nguyen,lnguyen@example.org,2025-11-13
2259,Andrew White,roachjonathan@example.net,2025-04-02
2260,Brian Anderson,lewiselizabeth@example.net,2026-01-05
2261,Mrs. Denise Sherman,jlane@example.com,2025-09-05
2262,Timothy Davis,pamelawilliams@example.net,2025-06-12
2263,Bruce Herrera,bobbydavis@example.org,2026-01-06
2264,Joseph Newman,lunadennis@example.com,2025-04-07
2265,Katherine Benson,rodriguezbrittany@example.com,2025-04-20
2266,Christopher Ford,deleonelizabeth@example.net,2025-11-01
2267,Robert Clark,douglasjerry@example.net,2025-07-09
2268,Kelly Allen DVM,schneiderchristopher@example.net,2025-02-23
2269,Amy Davis,brandtsandra@example.net,2025-09-04
2270,Rhonda Miller,thorntonjason@example.com,2025-08-25
2271,Kenneth Huang,fbrown@example.com,2025-11-03
2272,Jonathan Daniels,rowlandkelly@example.net,2026-01-22
2273,Hannah Daniel,zpatterson@example.net,2025-07-07
2274,Rebecca Christensen,morganwilliam@example.com,2025-04-28
2275,Debbie Osborn,kellybryan@example.org,2026-01-05
2276,John Barrett,jessica57@example.com,2025-08-10
2277,Ashley Valdez,james78@example.net,2025-07-14
2278,William Shields,robertopadilla@example.com,2025-02-10
2279,Daniel Weaver,mcguirejustin@example.com,2025-02-26
2280,Elizabeth Ross,tammy57@example.com,2025-07-20
2281,Ethan Martinez,hherrera@example.com,2026-01-04
2282,Jessica Patel,james65@example.org,2026-01-20
2283,Eric Johns,kellytaylor@example.com,2025-09-11
2284,Gregory Kelley,jamie04@example.net,2025-03-20
2285,Randy Hood,ashleyadams@example.net,2025-11-12
2286,James Simpson,jennifer92@example.net,2025-03-10
2287,James Wallace,horngary@example.org,2025-06-12
2288,Timothy Schroeder,whernandez@example.net,2025-07-18
2289,Alyssa Duncan,josephvanessa@example.org,2025-11-07
2290,Peter Gomez,lrivera@example.net,2025-06-02
2291,Darin Russell,lmurray@example.com,2025-03-01
2292,Timothy Oconnell,wilsonjames@example.net,2025-10-04
2293,Julia Walker,teresa89@example.net,2025-03-17
2294,Amanda Cole,klineamy@example.org,2025-11-14
2295,Audrey Rogers,phillip06@example.net,2025-06-20
2296,Cassandra Bryant,martinnicole@example.com,2025-12-03
2297,Colleen Mitchell,richardcruz@example.net,2025-03-24
2298,Nicholas Sexton,fcoffey@example.net,2026-01-10
2299,Beth King,oscarmason@example.net,2025-11-16
2300,Misty Smith,danielcarroll@example.net,2025-05-01
2301,David Duran,michael30@example.net,2025-02-11
2302,Lindsay Washington,dennissara@example.org,2025-02-14
2303,Gilbert Kelly,mindyowens@example.com,2025-04-19
2304,Deborah Larsen,wcopeland@example.org,2025-10-15
2305,Susan Weaver,angela31@example.net,2025-12-26
2306,Candace Bell,kiara33@example.net,2025-03-20
2307,Jaclyn Boyd,michael25@example.com,2026-01-16
2308,Wendy Murphy,barrettrichard@example.net,2026-01-03
2309,Robert Haas,wsmith@example.com,2025-03-03
2310,Elizabeth Orr,hleonard@example.net,2025-06-14
2311,Tami Blankenship,robertjohnson@example.com,2025-08-18
2312,Duane Weiss,williamsjenna@example.net,2025-09-09
2313,Lauren Paul,david33@example.net,2025-08-28
2314,Joyce Johnson,royjohnson@example.com,2025-11-03
2315,Courtney Lee,broman@example.net,2025-04-03
2316,Vicki Vargas,morgan54@example.com,2026-01-25
2317,Miss Marcia Turner DDS,elizabethcampbell@example.org,2026-01-08
2318,Ernest Brown,hamiltondana@example.com,2025-10-25
2319,John Harris,marvinrichardson@example.org,2025-11-07
2320,Cynthia Chase,christopherthomas@example.org,2025-05-21
2321,Penny Moyer,jeffrey48@example.org,2025-02-16
2322,Paul Hill,eadams@example.net,2025-03-22
2323,Stacey Patel,ethanbecker@example.net,2026-01-22
2324,Leslie Freeman,betty19@example.com,2025-06-22
2325,Mary Acosta,wilkinsonsteven@example.org,2025-02-06
2326,Suzanne Campos,irodriguez@example.com,2025-09-23
2327,Carol Khan,hcollins@example.com,2025-05-23
2328,Phillip Jordan,rachelhobbs@example.net,2025-07-14
2329,Phillip Jones,cookalyssa@example.org,2025-04-25
2330,Jeffery Torres,david17@example.net,2025-06-03
2331,Michael Freeman,smithkimberly@example.net,2025-07-09
2332,Laurie Torres,ryancook@example.net,2025-10-15
2333,Justin Jackson,chelsea43@example.com,2026-01-28
2334,John Wilson,christina27@example.com,2026-01-25
2335,Natalie Choi MD,hectorguzman@example.com,2025-06-25
2336,Laura Merritt,rachelparker@example.org,2025-09-11
2337,Mary Smith,tinayoung@example.net,2026-01-25
2338,Karen Thomas,cheryl99@example.net,2025-06-03
2339,Jordan Berger MD,davidallen@example.org,2025-02-20
2340,Elizabeth Werner,lramos@example.org,2025-10-23
2341,Lauren Sullivan,jamiedavis@example.org,2025-04-11
2342,Jeffrey Castaneda,hpitts@example.net,2025-12-17
2343,Sarah Jackson,marcia50@example.org,2026-01-29
2344,Lacey Medina,jocelynpierce@example.net,2025-04-22
2345,Elizabeth Wilson,mary89@example.com,2025-12-31
2346,Allison Miller,lanejeffrey@example.net,2025-10-23
2347,Sarah Rose,martinchristopher@example.net,2025-09-25
2348,Anthony Francis,icase@example.org,2025-04-20
2349,Mark Smith,leejeffrey@example.com,2025-10-10
2350,Sandra Harris,robert74@example.org,2025-08-10
2351,Felicia Robinson,jporter@example.net,2025-08-19
2352,Kirsten Stevenson,richard76@example.com,2025-05-06
2353,Kirk Kelly,christopher23@example.org,2025-08-21
2354,Christopher Kemp,elizabeth63@example.net,2025-06-10
2355,Elijah Davis,rebecca05@example.com,2026-01-05
2356,Robin Harris,alyssanixon@example.net,2025-02-21
2357,Tina Harris,kelleyroberto@example.net,2025-02-13
2358,Gary Brady,cpotter@example.com,2025-06-06
2359,Shannon Smith,brian70@example.com,2025-05-03
2360,Amy Alvarez,johnford@example.com,2026-01-04
2361,Curtis Clark,christopherbrewer@example.net,2025-07-02
2362,Shawn Johnson,jaywilson@example.com,2025-06-21
2363,Barry Pacheco,kimberly83@example.org,2025-03-17
2364,Douglas Mason,christine27@example.net,2025-06-27
2365,Colleen Ward,aroberts@example.net,2025-12-25
2366,Brittany Williams,lbarrett@example.net,2025-09-07
2367,Caleb Melendez,nroth@example.com,2025-04-07
2368,Jacqueline Wells,marcia05@example.com,2025-02-28
2369,Kimberly Trevino,dgraham@example.net,2025-09-15
2370,Nancy Mcdonald,thomasbaker@example.org,2025-10-17
2371,Andrew Arnold,williamashley@example.net,2026-01-02
2372,Frank Horton,liujacob@example.org,2025-11-14
2373,Kevin Austin,williamsgary@example.com,2025-11-25
2374,Stephanie Acevedo,lisa94@example.net,2025-11-28
2375,Michaela Hall,michael63@example.net,2025-08-20
2376,Anna Lopez,brian48@example.org,2025-09-11
2377,Sarah Edwards,oturner@example.com,2025-04-07
2378,Joe Mendez,douglas17@example.org,2025-12-21
2379,Jeffrey Jordan,ambernewton@example.com,2025-10-13
2380,Jason Velazquez,mwilson@example.com,2025-05-01
2381,Lori Sutton,dwoods@example.net,2025-03-15
2382,Autumn Davis,kmitchell@example.com,2025-05-17
2383,Kimberly Williams,sweeneycrystal@example.org,2025-05-09
2384,Amy Willis,christopherparker@example.org,2025-07-05
2385,Charles Clark,gomezchristina@example.com,2026-01-03
2386,Todd Mcguire,melissa01@example.org,2025-08-24
2387,Joseph Anderson,flowersdavid@example.com,2025-12-17
2388,Keith Mayo,moodymary@example.net,2026-01-30
2389,Lori Miller,isaacthompson@example.net,2025-06-18
2390,Cynthia Weiss,mbarnes@example.com,2025-12-15
2391,Randy Taylor,ywallace@example.net,2025-03-27
2392,Raymond Lee,joseph42@example.com,2025-06-10
2393,Bailey Wells,megan48@example.net,2025-06-01
2394,Steven Schmidt,rhondahampton@example.net,2025-03-27
2395,Kendra Reid,ortizashley@example.net,2025-04-18
2396,David Lowery,annmoore@example.com,2025-04-16
2397,Mary Copeland,vincentallison@example.org,2025-11-05
2398,Dr. Elizabeth Aguilar DDS,whitney43@example.com,2025-07-01
2399,April Chavez,hewing@example.org,2025-04-06
2400,Benjamin Roman,uwolfe@example.org,2025-06-07
2401,Kristen Olson,leslie75@example.net,2026-01-23
2402,Jennifer Castaneda,omack@example.org,2025-11-17
2403,Kevin Vargas,xstevens@example.com,2025-06-02
2404,Kathleen Cruz,webbdouglas@example.net,2026-01-17
2405,Sandra Joseph,gmurillo@example.org,2025-10-23
2406,Lori Evans,garybradshaw@example.com,2025-10-19
2407,Noah Vazquez,michellesmith@example.net,2025-11-28
2408,Evan Brown,revans@example.com,2025-07-08
2409,Jennifer Weeks,haysmanuel@example.org,2025-04-02
2410,Douglas Dickerson,christensenerica@example.org,2025-10-24
2411,Angela Kelly,leemarvin@example.com,2025-04-22
2412,Thomas Smith,padillabrittany@example.org,2025-06-03
2413,Erin Moore,ashleymoore@example.net,2025-10-21
2414,Jack Reed,dickersonkevin@example.net,2025-06-30
2415,Grace Santiago,harmontammy@example.net,2025-07-28
2416,Jonathan Martin,robert85@example.net,2025-08-19
2417,John Allen,sandovalgwendolyn@example.net,2025-11-07
2418,Jacqueline Boyd,karen43@example.com,2025-04-05
2419,Jacqueline Thomas,williamdavis@example.org,2025-03-17
2420,Jennifer Martinez,vcoleman@example.com,2025-06-05
2421,Jacqueline Rivas,bishoptodd@example.org,2025-02-13
2422,Matthew Nunez,jacob54@example.org,2025-05-11
2423,Marilyn Hernandez,lindamcdaniel@example.com,2025-05-08
2424,Tara Christensen,xprice@example.net,2025-12-07
2425,Catherine Flores,mbradley@example.com,2025-04-25
2426,Joe Rodriguez,bellronald@example.org,2025-12-10
2427,Angel Glenn,schmidtlaura@example.com,2025-04-08
2428,Michael Young,martinalicia@example.net,2025-11-29
2429,Joseph Jones,susan48@example.net,2025-02-15
2430,Angela Wallace,kelsey79@example.com,2026-02-04
2431,Cynthia White,brian14@example.com,2025-11-30
2432,Nicholas Gonzalez,angelica58@example.com,2025-07-18
2433,Steven Butler,vjohnson@example.com,2025-09-26
2434,Sharon Perez,kristinnewman@example.org,2025-05-20
2435,Mathew Gray,zgarcia@example.net,2025-04-10
2436,Maria Caldwell,andrew18@example.com,2025-09-18
2437,Mary Torres,jacqueline74@example.org,2025-03-03
2438,Blake Cook,angela79@example.org,2025-04-24
2439,Melissa Peterson,stephendonaldson@example.org,2025-12-24
2440,Alan Mcguire,thomasbaker@example.com,2025-04-02
2441,Dawn Archer,brandon53@example.com,2025-11-17
2442,Mark Walker,dylanjones@example.com,2025-03-14
2443,Mr. Jeffrey Fleming,john41@example.net,2025-04-02
2444,Suzanne Smith,scottrogers@example.org,2025-10-05
2445,Natalie Mack,sarah29@example.net,2025-05-27
2446,Chad Peterson,brentmiller@example.org,2025-07-08
2447,Paul Greer,ppena@example.org,2026-01-29
2448,Judy Ray,martinbrianna@example.com,2025-08-15
2449,Timothy Hurst,berrymichael@example.com,2025-10-11
2450,Amy Johnson DVM,taylorjoshua@example.com,2025-06-22
2451,Zachary Stevenson,zpitts@example.com,2025-11-20
2452,Jonathan Miller,jonathanpratt@example.com,2025-12-18
2453,Nicholas Smith,joel92@example.org,2025-08-24
2454,Michael Hopkins,tpetersen@example.com,2025-06-25
2455,Mariah Little,laurie13@example.com,2025-06-10
2456,Scott Wright,kenneth05@example.net,2025-04-10
2457,Joseph Mitchell,josephsanders@example.com,2025-12-17
2458,Jason Riddle,hirwin@example.com,2025-05-17
2459,Michelle Logan,josephmorgan@example.com,2025-06-08
2460,Sarah Hines,rodriguezjeremy@example.net,2025-12-06
2461,Kathleen Taylor,xporter@example.net,2026-02-02
2462,Shane Ellison,fthomas@example.org,2025-03-11
2463,Alexander Hunt,calhoungeorge@example.org,2025-07-05
2464,Desiree Jones,ypalmer@example.com,2025-02-16
2465,Tara Davis,mooremonica@example.net,2025-11-30
2466,Albert Peterson,timothy42@example.net,2025-04-30
2467,Jennifer Bates,woodmatthew@example.net,2025-11-09
2468,Ashley Howell,maria97@example.org,2025-10-04
2469,Nicholas Gray,jennifer82@example.net,2025-03-17
2470,Penny Christensen,unielsen@example.net,2025-09-05
2471,Whitney Osborne,wesleygonzalez@example.org,2025-02-28
2472,Timothy Stewart,forozco@example.org,2025-08-02
2473,Tracy Ruiz,denisegonzales@example.com,2025-03-23
2474,Cassandra Sanders,carpenterangela@example.net,2025-07-21
2475,Debra Harrison,hbeck@example.org,2025-12-20
2476,Kelly Kelley,katherine23@example.com,2025-04-09
2477,Tony Riddle,jennysalas@example.com,2025-03-19
2478,Joshua Warren,mallorypalmer@example.org,2025-03-30
2479,Dennis Davis,pedwards@example.net,2025-08-22
2480,Tonya Hughes,bdavis@example.net,2025-06-05
2481,Beth Ford,richardsonerica@example.com,2025-11-21
2482,Sheila Schwartz,kimberly02@example.org,2025-08-10
2483,Steven Mooney,zpowell@example.com,2025-12-11
2484,Kristin Noble,deannamyers@example.com,2026-02-01
2485,Andrew Huynh,seanroach@example.org,2026-01-13
2486,Dr. Christopher Martinez,danielreynolds@example.org,2025-05-25
2487,Cynthia Sampson,lsanders@example.com,2025-04-01
2488,Colleen Pratt,vwatts@example.com,2025-08-21
2489,Scott Smith,mary07@example.org,2025-06-11
2490,Shelby Miller,wmcmillan@example.net,2025-10-06
2491,Joel Durham,pagetyler@example.org,2026-01-27
2492,Tammy Hartman,hannahfisher@example.net,2025-09-11
2493,Angela Sheppard,evansmaria@example.org,2025-03-19
2494,William Morse,debbie45@example.org,2025-12-04
2495,Gabriel Jones,lallen@example.net,2025-08-03
2496,Mark Livingston,ishelton@example.net,2025-04-17
2497,Christopher Hendrix,kristikennedy@example.org,2025-12-03
2498,Juan Foster,olsonchristopher@example.net,2026-01-30
2499,Kristin White,sherrera@example.com,2025-07-14
2500,Thomas Black,hdaniels@example.net,2025-02-19
2501,James Miller,jenniferscott@example.net,2025-08-21
2502,Eric Roy,sacosta@example.org,2025-02-08
2503,Antonio Morales,robinsonann@example.net,2025-03-09
2504,Donna Smith,hsanders@example.net,2025-06-12
2505,Zachary Bender,katherinegould@example.com,2025-03-29
2506,Christina White,hudsonsara@example.com,2025-08-21
2507,Jennifer Rios,bradleyterry@example.com,2025-11-21
2508,Luis Hutchinson,toconnor@example.net,2025-12-26
2509,Darryl George,justin97@example.org,2025-05-29
2510,Sarah Roberts,jcarlson@example.org,2025-03-24
2511,Renee Peck,martinphillip@example.com,2025-05-31
2512,Mark Pace,xvazquez@example.net,2025-11-25
2513,Amanda Lang,kwilliams@example.com,2025-10-10
2514,Jill Caldwell,josephpowell@example.org,2025-04-11
2515,David Hill,larsonmelanie@example.net,2025-08-06
2516,Megan Terry,salvarez@example.com,2026-02-03
2517,Patrick Riley,stephenkrause@example.org,2025-11-26
2518,Kaylee Nielsen,jonathan50@example.com,2025-09-19
2519,Daniel Lee,mccartyjohn@example.net,2025-11-10
2520,Melissa Macias,angela98@example.com,2025-04-02
2521,Katherine Patterson,russelltodd@example.com,2025-10-31
2522,Daniel Smith,westcheryl@example.net,2025-02-25
2523,Jenny Powell,phill@example.net,2026-01-28
2524,Amy Hammond,martinvictoria@example.com,2026-01-09
2525,Jocelyn Black,sarah33@example.com,2025-12-06
2526,Jamie Ortiz,chernandez@example.com,2025-05-14
2527,Sandra Allen,rodney83@example.org,2025-12-10
2528,Ashley Moore,wayne45@example.net,2025-12-25
2529,Amanda Evans,georgebarber@example.org,2025-07-08
2530,Christopher Singh,armstrongkevin@example.net,2025-09-10
2531,Robert Price,zbaker@example.com,2025-05-14
2532,Barry Gomez,brookeanderson@example.org,2025-07-01
2533,Andrew Coleman,ericpruitt@example.org,2025-05-03
2534,Nicholas Church,ethandillon@example.com,2025-05-12
2535,Tammy Mann,misty33@example.org,2025-08-18
2536,Sara Nelson,deanerica@example.net,2025-11-13
2537,Michelle Glover,ppatel@example.org,2025-12-19
2538,Elizabeth Bryant,ggarcia@example.com,2025-04-19
2539,Leah Jones,pamelafisher@example.org,2025-12-11
2540,Kevin Dillon,christopherhartman@example.com,2025-08-03
2541,Kimberly Ayers,wolfemily@example.org,2025-03-14
2542,Katie Wilson,jared28@example.com,2025-12-19
2543,Ryan Fisher,dmosley@example.org,2025-11-30
2544,Rhonda Mcdonald,palmeralan@example.org,2025-11-07
2545,Jeanette Newton,hgonzales@example.com,2025-06-14
2546,Hannah Bell,hamptonmelissa@example.net,2025-06-04
2547,Regina Espinoza,pmoore@example.com,2025-04-07
2548,Janet Fritz,zacharymurphy@example.com,2026-01-22
2549,Anna Gates,griffinraymond@example.net,2026-01-13
2550,Joseph Baldwin,qchapman@example.com,2026-01-10
2551,Cassandra Dunlap,fgonzalez@example.org,2025-04-01
2552,Christine Ponce,turnerjoyce@example.com,2025-04-29
2553,Chad Rojas,nashamy@example.com,2025-04-01
2554,Monique Myers,igonzalez@example.net,2025-09-07
2555,Shelly Stevenson,ldalton@example.net,2025-12-11
2556,Melissa Harris,rebecca65@example.com,2025-04-10
2557,David Miller,kreilly@example.net,2025-04-30
2558,Daniel Dodson,vargaskimberly@example.org,2025-03-23
2559,April Brown,beverly05@example.org,2025-09-03
2560,Catherine Harper,lsmith@example.net,2025-08-19
2561,Danielle James,ccardenas@example.com,2025-12-27
2562,Jennifer Mejia,zpeterson@example.org,2025-12-19
2563,Autumn Brooks,john44@example.com,2025-11-09
2564,Larry Gibson,rhondadurham@example.org,2025-03-03
2565,Tiffany Patel,mahoneydaniel@example.com,2025-12-16
2566,Carla Robertson,jwilliams@example.net,2025-07-14
2567,Krista Jones,qparker@example.net,2025-05-16
2568,Joshua Riley,andre55@example.com,2025-06-09
2569,Kenneth Kelly,williamscrystal@example.net,2025-09-26
2570,Debra Sanders,theresaholmes@example.com,2025-05-20
2571,John Romero,laurencoleman@example.org,2025-07-03
2572,Tammy Flores,felicia05@example.net,2025-02-26
2573,Allen Avila,lisathomas@example.org,2025-06-17
2574,Mary Hoffman DDS,esparzabethany@example.com,2025-12-27
2575,Christina Taylor,wgomez@example.net,2025-07-08
2576,Matthew Hernandez,myerspaige@example.org,2025-03-09
2577,Angela White,toddbobby@example.org,2025-06-13
2578,Rachel Park,qcarroll@example.org,2025-05-31
2579,Nicholas Wilson,jorgegonzales@example.net,2025-04-01
2580,Michael Rodriguez,donnabender@example.com,2025-08-27
2581,Diane Kennedy,susanreyes@example.net,2025-09-08
2582,Keith Shaw,taylor03@example.com,2025-02-20
2583,Anita Wilson,samuelsmith@example.org,2025-04-02
2584,Thomas Gallagher,hector76@example.org,2025-05-25
2585,Daniel Clark,scottcervantes@example.com,2025-11-03
2586,Adam Roberts,debbie88@example.net,2025-03-03
2587,John Allen MD,gregory46@example.com,2025-07-04
2588,Michael West,turnernicole@example.org,2025-06-04
2589,John Vargas,karen32@example.net,2025-03-31
2590,Christopher Garrison,sherryritter@example.org,2025-06-09
2591,Michelle Weaver,rwright@example.net,2025-07-15
2592,Juan Meyer,thomas26@example.com,2025-10-12
2593,Jasmine Haynes,owhite@example.org,2025-03-04
2594,Kristin Tyler DDS,morrisstephanie@example.org,2025-02-10
2595,Sandra Yoder,mathewdiaz@example.com,2025-05-08
2596,Savannah Lopez,julia37@example.org,2025-07-04
2597,Maria Romero,ualexander@example.org,2025-06-06
2598,Amanda Vincent,robert73@example.org,2025-12-31
2599,Shane Mcbride,bobby93@example.net,2025-11-21
2600,Cynthia Brooks,anthony39@example.com,2025-12-21
2601,Jennifer Stein,josephperez@example.net,2025-05-21
2602,Felicia Cross,mbell@example.net,2025-03-27
2603,Meghan West,jeffreyrose@example.net,2025-09-21
2604,Casey Smith,williamsbrandon@example.org,2026-01-23
2605,Phyllis Nash,gmitchell@example.org,2025-03-03
2606,Sharon Smith,heberthannah@example.com,2025-04-24
2607,Aaron Woods,debbie03@example.org,2026-01-29
2608,Melissa Bell,hernandezdanny@example.com,2025-05-18
2609,Darren Mata,whitneyknight@example.org,2025-07-11
2610,Michael Reid,dylan68@example.com,2025-04-14
2611,Robert Washington,tracyjohnson@example.com,2025-04-08
2612,Sandy Edwards,andrea04@example.com,2025-04-05
2613,Cynthia Johnson,mmorton@example.org,2025-12-08
2614,Kent Burke,mackenzienavarro@example.org,2025-05-07
2615,Abigail Parsons,ujackson@example.net,2025-09-03
2616,Christopher Olsen,olsenkevin@example.net,2025-06-04
2617,Heidi James,sherry44@example.com,2025-11-20
2618,Karen Owen,emilysanders@example.net,2025-09-20
2619,Timothy Jordan,kristinmartinez@example.com,2025-05-31
2620,Nancy Dominguez,latoya53@example.com,2025-04-01
2621,Destiny Marsh,kennethflowers@example.org,2025-06-19
2622,Luis Schneider,jonesrobin@example.org,2025-09-28
2623,Maria Green,wwatts@example.com,2025-07-24
2624,Linda Williams,john62@example.net,2025-09-11
2625,Holly Brown,deborah58@example.net,2025-10-10
2626,Brandon Lynch,marksingh@example.org,2025-11-30
2627,Anthony Velasquez,terry91@example.com,2026-01-28
2628,Kelly Jones,zimmermanluis@example.org,2025-11-22
2629,Michelle Rojas,qfriedman@example.net,2025-03-05
2630,Kayla Kane,robert08@example.net,2026-02-05
2631,Peggy Martinez,ernestcarpenter@example.com,2025-10-11
2632,Robert Lee,john18@example.com,2025-07-12
2633,Mitchell Jenkins,jeffreylevy@example.com,2025-02-17
2634,Deborah Lowe DDS,richardrodriguez@example.org,2025-06-21
2635,Terry Sanders,sharon79@example.org,2025-11-24
2636,Troy Norman,lauravance@example.org,2025-12-07
2637,David Dillon,pjacobs@example.org,2025-05-12
2638,Wyatt Mccann,nicholasnelson@example.org,2025-11-23
2639,Ryan Herman,zacharynavarro@example.net,2025-11-19
2640,Joseph Bruce,sharonhanson@example.org,2026-01-09
2641,Jonathan Roberts,sharpandrew@example.com,2026-01-27
2642,Melissa Horn,parkeramanda@example.org,2025-08-20
2643,Lindsay Ramos,hodgesamuel@example.org,2026-01-06
2644,Lisa Meyers,iarnold@example.net,2025-09-12
2645,Mrs. Kylie Carpenter,mmoran@example.com,2025-08-11
2646,Tyrone Bryant,erinhernandez@example.org,2025-08-17
2647,Henry Francis PhD,kevinmiller@example.org,2025-04-03
2648,Katie Estrada,browningsean@example.net,2025-10-02
2649,Daniel Gomez Jr.,rachel20@example.net,2025-11-18
2650,Sean Johnston,kgeorge@example.com,2025-02-26
2651,Karina White,gibsondavid@example.com,2025-08-01
2652,Ryan Tanner,qmoody@example.com,2025-03-15
2653,Courtney Randall,reginaldperry@example.com,2025-07-08
2654,Frank Weber,jonathongould@example.org,2025-09-20
2655,Andrew Garcia,valerie28@example.org,2026-01-04
2656,Sandra Henry,codyvaldez@example.org,2025-09-24
2657,Lauren Mayo,frankvanessa@example.com,2025-05-27
2658,Michael Diaz,garysmith@example.net,2025-06-29
2659,William Villarreal,aaron17@example.com,2025-12-06
2660,Thomas Oneill,suttonnicholas@example.org,2025-03-07
2661,Jaclyn Leon,savannahjenkins@example.com,2025-10-04
2662,Brandi Gallegos,billy26@example.com,2025-07-27
2663,Lisa Martin,rodriguezjuan@example.org,2025-03-09
2664,Walter Peterson Jr.,elizabethbruce@example.com,2025-05-17
2665,Gary Graham,allisonmcconnell@example.com,2025-05-12
2666,Kevin Myers,karenwilliams@example.com,2025-11-18
2667,Angel Savage,rosewall@example.net,2025-06-18
2668,James Tate,xwilson@example.com,2025-02-17
2669,Cassandra Espinoza,jenkinsalexa@example.com,2026-02-02
2670,Emily Benson,iwalters@example.com,2025-07-30
2671,Kathleen Woods,kevin68@example.net,2025-05-15
2672,Fernando Cobb,rhardy@example.com,2025-04-30
2673,Mr. Chad Vega,ayoung@example.com,2025-04-20
2674,Christine Richards,kelsey92@example.org,2025-07-22
2675,Anthony Andrews,trevor88@example.com,2025-12-30
2676,Christian Arnold,shelby67@example.org,2025-06-02
2677,Carol Forbes,robinwilkerson@example.org,2025-04-16
2678,Heather Brewer,susanperry@example.com,2025-05-06
2679,Sean Medina,ellissteven@example.net,2025-10-27
2680,Allison Henderson,gwendolyn39@example.com,2025-07-29
2681,Karina Trevino,fford@example.com,2025-07-17
2682,Mary Pittman,kristen24@example.net,2025-03-11
2683,Monica Brown,melvin81@example.net,2025-12-04
2684,Marie Ryan,snyderpaul@example.com,2026-01-10
2685,Logan Osborn,khawkins@example.org,2026-01-11
2686,Jessica Choi,stephen64@example.org,2025-10-09
2687,Aaron Gonzalez,brittanysmith@example.com,2025-08-06
2688,Anthony Moody,lopezgabriel@example.org,2025-12-23
2689,Jennifer Vargas,rodgershelen@example.com,2025-06-23
2690,Barbara Marshall,smithrandy@example.com,2026-01-23
2691,Jodi Miller,davidblack@example.org,2026-01-13
2692,Aaron Frank,oallen@example.org,2025-11-12
2693,Robert Curry,mariaortega@example.com,2025-07-13
2694,Jerry Miller,uarmstrong@example.com,2025-04-04
2695,Andrew Townsend,garciajacob@example.org,2025-07-03
2696,Michael Jackson,bhowell@example.com,2025-09-24
2697,James Chen,fsmith@example.net,2025-04-06
2698,Shirley Wall,daviladonna@example.net,2026-01-01
2699,Dustin Cole,emilybradley@example.com,2025-03-08
2700,Theresa Rodriguez,rodriguezjacob@example.net,2025-10-18
2701,Olivia Acevedo,lhernandez@example.net,2025-02-19
2702,Elizabeth Thomas,carriepearson@example.com,2025-06-26
2703,Tyler Chavez DDS,darlene48@example.net,2025-03-28
2704,Jennifer Marshall,flowersashley@example.org,2026-01-17
2705,Brittany Vincent,sduran@example.org,2025-11-03
2706,Charlene Cooper,robert85@example.org,2026-01-10
2707,Claire Smith,slarsen@example.org,2025-02-05
2708,Kyle Atkins,collinsmelanie@example.net,2025-11-17
2709,Maria Henson,maryschultz@example.com,2025-05-05
2710,Shirley Reyes,amber40@example.net,2025-09-20
2711,Jason Bishop,rodriguezhayley@example.org,2025-03-22
2712,Derrick May,garciasteven@example.com,2025-10-13
2713,Debbie Preston,andrewedwards@example.com,2026-01-12
2714,Wayne Chen,john70@example.org,2025-07-03
2715,James Maldonado,stonesavannah@example.org,2025-12-26
2716,Robert Gay,leedaniel@example.org,2025-06-18
2717,John Ortiz,thansen@example.org,2025-05-02
2718,Dana Deleon,carlos55@example.net,2025-09-10
2719,David Castillo,wilsonnathan@example.org,2026-01-11
2720,John Davis,dustinwatkins@example.net,2025-05-28
2721,Jeffrey Garcia,pmercer@example.net,2025-04-06
2722,Jessica Schroeder,william16@example.net,2025-04-27
2723,Kimberly Flores,marissa96@example.org,2025-12-11
2724,Ashley Scott,cameronmatthew@example.com,2025-12-09
2725,Karen Wells,orrelizabeth@example.com,2025-06-20
2726,John Brown,lisa17@example.net,2025-12-20
2727,Melissa Morse,pamelamiller@example.net,2025-07-04
2728,Robert Velasquez,cthomas@example.net,2025-02-11
2729,Jonathan Wood,katelynpeterson@example.org,2026-01-05
2730,Robert Johnston,johnskerry@example.net,2025-10-20
2731,Jenna Flores,douglas12@example.com,2025-10-29
2732,Mark Wilson,littlekenneth@example.com,2026-01-31
2733,Gregory Johnson,iosborn@example.net,2025-04-02
2734,Troy Johnson,debra99@example.net,2025-10-29
2735,Susan Rivera,marcuswilson@example.net,2025-07-23
2736,Erin Nash,taylorjessica@example.org,2026-01-12
2737,Brandon Garcia,vgallagher@example.net,2026-01-19
2738,Scott Turner,nmanning@example.net,2025-07-12
2739,Lisa Garcia,boyerpamela@example.net,2025-05-05
2740,Matthew Cohen,harrissuzanne@example.com,2025-08-07
2741,Ryan Ellis,cbrown@example.org,2026-01-19
2742,Edward Torres,bentonkristen@example.net,2026-01-19
2743,Daniel Thompson,hrobinson@example.net,2025-09-30
2744,Amy House,natashajames@example.net,2025-02-25
2745,Patricia Smith,skirby@example.org,2026-01-28
2746,Sara Long,yelliott@example.net,2026-01-10
2747,Karen Cain,collinsashley@example.org,2025-10-16
2748,Renee Davis,mcdonalddenise@example.net,2025-07-10
2749,Desiree Hernandez,kevin00@example.net,2025-09-19
2750,Meredith Chavez,margaretquinn@example.net,2025-12-18
2751,April Snyder,christopher88@example.com,2025-10-26
2752,Jenna Ruiz,ilowery@example.net,2026-01-20
2753,Taylor Foster,imayo@example.org,2025-02-05
2754,Keith Bradley,jeffreynorman@example.org,2025-06-28
2755,David Moore,pwood@example.net,2025-02-14
2756,Arthur Hebert,eugenemills@example.org,2026-02-04
2757,Colleen Williams MD,gonzalezpatricia@example.com,2025-02-12
2758,Amy Johnson,pdixon@example.org,2025-07-14
2759,Tim Adams,keith34@example.org,2025-11-26
2760,Dawn Dalton,johnlane@example.net,2025-10-31
2761,Courtney Jensen,alexferguson@example.org,2025-05-11
2762,Darryl Harvey,rebeccarocha@example.net,2025-06-16
2763,Nicholas Green,ohernandez@example.org,2025-11-15
2764,Dr. Casey Bailey,mcarney@example.net,2026-01-27
2765,Olivia Rodriguez,diane87@example.net,2025-07-15
2766,Sheryl Brown,davidmercado@example.com,2025-10-31
2767,Daniel Mason Jr.,reneewalker@example.net,2025-10-07
2768,Ethan Ward,eric06@example.org,2025-03-10
2769,Kathleen Bailey,mshelton@example.com,2025-06-02
2770,Holly Lloyd,qlara@example.com,2026-01-18
2771,Erika Fisher,hchandler@example.net,2025-12-22
2772,Tamara Garcia,barnettelizabeth@example.com,2025-09-27
2773,Amber Callahan,anthonydunn@example.com,2025-03-23
2774,James Chambers,hartmanjohn@example.org,2025-12-04
2775,Sara Martin,benjaminalexander@example.net,2025-05-25
2776,Mr. Michael Armstrong DDS,heathjoshua@example.net,2025-05-22
2777,Anthony Rodriguez,sarah60@example.com,2025-07-25
2778,Alan Taylor,lgarrison@example.com,2025-12-02
2779,Madison Martinez,joshua96@example.com,2025-12-24
2780,Tyler Rowland,jeffrey70@example.org,2025-02-25
2781,Aaron Meza,sean64@example.net,2025-09-14
2782,Susan Howard,victoria80@example.org,2025-11-14
2783,Veronica Scott,valerie32@example.org,2025-04-14
2784,Jeremy Ibarra,yateslisa@example.com,2025-06-05
2785,William Jimenez,joseph76@example.org,2025-04-25
2786,James Riley,hharper@example.net,2025-06-16
2787,Christopher Baldwin,carterashley@example.org,2025-08-07
2788,Michael Franco,janice70@example.com,2025-03-06
2789,Dana Rowe,bzimmerman@example.net,2025-04-08
2790,Dale Patel,gomezgabriela@example.com,2025-11-26
2791,Cristina Porter,dianejones@example.com,2025-09-25
2792,Luis Jones,cynthia52@example.net,2025-04-12
2793,Amy Sullivan,andrew39@example.com,2026-01-03
2794,Alexandra Graham,holmesjason@example.net,2025-11-17
2795,Martin Clark,zcastaneda@example.com,2025-07-13
2796,Emily Vasquez,rebeccagonzalez@example.net,2025-10-14
2797,Phillip Rosales,ccooley@example.org,2025-03-22
2798,Thomas Rogers,ythompson@example.com,2025-07-01
2799,Shelby Taylor,taylormichael@example.com,2026-02-01
2800,Robert Davis,bryanmiller@example.org,2025-07-22
2801,Dana Davis,matthewford@example.org,2025-03-07
2802,Daniel Merritt,timothygarza@example.com,2025-03-22
2803,Anthony Rodriguez,rchen@example.org,2025-07-01
2804,Mr. Joe Jones,shane05@example.net,2025-06-11
2805,Charles Meyers,smithrichard@example.org,2026-01-16
2806,Ricardo Wise,aliciabrady@example.com,2025-08-24
2807,Steven Ross,katherine69@example.com,2025-08-31
2808,Angela Cordova,garzacrystal@example.com,2025-12-31
2809,Crystal White,ryandixon@example.org,2025-12-24
2810,Michaela Davis,blairamy@example.com,2025-08-18
2811,Carol Edwards,raymondwest@example.org,2025-06-04
2812,John Miranda,travis63@example.com,2025-09-18
2813,Donald Tate,lopezdawn@example.org,2025-02-28
2814,David Webb,william16@example.org,2025-04-10
2815,Lisa Lewis,collinsjonathan@example.com,2025-12-01
2816,Jennifer Knight,agarner@example.com,2025-12-17
2817,Jason Nguyen,fishermatthew@example.com,2025-10-27
2818,Kristin Davis,nathan03@example.net,2025-11-06
2819,Kathleen Simmons,figueroaryan@example.com,2026-01-08
2820,Amanda Riley,twagner@example.org,2025-04-23
2821,Daniel Harmon,millsjocelyn@example.com,2025-12-21
2822,Richard Duncan,richard54@example.org,2025-09-19
2823,Anna Johnson,ihodges@example.org,2025-12-10
2824,Calvin Baldwin,franklintara@example.com,2025-12-22
2825,Andrew Williams,rhondaperkins@example.net,2025-05-16
2826,Colleen Butler,ryantracy@example.com,2025-07-20
2827,Joshua James,lorraine41@example.com,2025-05-05
2828,Richard Herrera,silvabrian@example.com,2025-03-04
2829,Steven Goodman,jonathonsnyder@example.net,2025-09-03
2830,Daniel Spencer,michael53@example.org,2025-06-26
2831,Brandon Larson,robertsmatthew@example.net,2025-10-26
2832,Victoria Williams,osalazar@example.org,2025-09-27
2833,Michelle Frazier,susan07@example.net,2025-09-13
2834,Thomas Watson,ellisethan@example.net,2025-06-08
2835,Megan Adams,freemankathleen@example.org,2025-10-10
2836,Roger Vargas,daniel90@example.org,2025-12-08
2837,Paula Parsons,matthew77@example.com,2025-03-04
2838,Todd Jones,james74@example.com,2026-02-02
2839,Jared Sims,chavezphillip@example.com,2025-09-10
2840,Emily Thompson,rodrigueznichole@example.com,2025-04-29
2841,Rose Myers,anthony86@example.net,2026-01-17
2842,Chelsea Griffin,rickey68@example.com,2025-06-25
2843,Donald Green,natalie57@example.org,2025-04-19
2844,Richard Munoz,marycannon@example.com,2025-10-18
2845,Joshua Day,sjohnson@example.org,2025-03-29
2846,Paul Livingston,gregorygreen@example.org,2025-04-25
2847,Kim Brown,timothymurphy@example.com,2025-08-09
2848,Jessica Banks,tabithalewis@example.org,2025-07-15
2849,Julia Smith,mckinneycraig@example.net,2025-10-11
2850,Matthew Miller,meyerbrandon@example.com,2025-05-07
2851,Robin Nelson,jennifer21@example.com,2025-10-06
2852,Melissa Jones,julia46@example.com,2025-06-12
2853,James Jones,ronald26@example.net,2025-10-16
2854,Sierra Nielsen,tcampbell@example.net,2026-01-12
2855,Robert Allen,jessicarobinson@example.org,2025-06-19
2856,Martin Jackson,donnachristian@example.net,2025-11-06
2857,William Martinez,smithamy@example.net,2025-06-01
2858,Jeremy Daniels,tmoon@example.org,2025-07-23
2859,Edward Wilson,gsuarez@example.org,2025-03-31
2860,Ralph Lucas,olivia55@example.org,2026-01-21
2861,Tiffany Ballard,melaniehall@example.net,2025-03-24
2862,Misty Jenkins,bpeters@example.org,2025-04-11
2863,James Smith,rebecca57@example.net,2025-08-10
2864,Erika Kelley,rachelpearson@example.net,2025-03-05
2865,Justin Miller,richardbarajas@example.org,2025-02-21
2866,Barbara Simmons,ariasjames@example.com,2025-08-19
2867,Gary Castro,ryanstone@example.org,2025-06-19
2868,Latoya Lopez,johnsoncurtis@example.com,2025-10-17
2869,Jo Sutton,dillon83@example.org,2025-08-21
2870,David Oconnell,adamslindsay@example.net,2025-03-21
2871,Tammy Todd,jennifer17@example.net,2026-01-07
2872,Ernest Gomez,raykelsey@example.com,2025-10-26
2873,Melissa Perez,mark32@example.org,2025-07-28
2874,Michele Vincent,ssingleton@example.org,2026-01-24
2875,George Haas,jonesmichael@example.net,2025-09-25
2876,Michele Green,nwalker@example.net,2025-10-07
2877,Kari Ross,zmartin@example.com,2025-06-07
2878,Christopher Alvarado,eric58@example.net,2025-03-06
2879,Allison Davis,pcopeland@example.com,2025-04-21
2880,Ms. Melanie Perez,martinezdavid@example.com,2026-01-02
2881,Gregory George,yangwilliam@example.org,2025-12-31
2882,Danielle Simmons,alexanderho@example.net,2025-07-11
2883,James Russell,woodsjohn@example.net,2025-11-29
2884,Jeffrey White,mason62@example.com,2025-11-25
2885,Maria Peterson,christopher36@example.net,2025-10-25
2886,Matthew Best,nelsonbradley@example.org,2026-01-17
2887,Michael Cooper,samuel90@example.com,2025-12-10
2888,Jennifer Bell,dean21@example.com,2025-02-10
2889,Jordan Mcdaniel,danieljones@example.com,2025-08-28
2890,Jesse Stephenson,cfrey@example.net,2026-01-23
2891,Joshua Keller,matthew97@example.org,2025-02-23
2892,Kyle Garza,alexis06@example.net,2025-11-19
2893,Mike Fischer,cmiller@example.com,2025-12-12
2894,Carol Vargas,cynthia02@example.org,2025-03-03
2895,Brooke Mcclain,jennifermiranda@example.org,2026-01-04
2896,Jasmine Singh,zlucero@example.org,2025-07-17
2897,David Hall,parkeroscar@example.net,2025-11-09
2898,Loretta Taylor,wandrews@example.org,2025-05-25
2899,Benjamin Cole,marycollins@example.com,2025-06-16
2900,Catherine Reid,ahebert@example.com,2025-02-28
2901,Brandon Collins,angela24@example.net,2025-03-29
2902,Karen Rodriguez,jonclark@example.com,2025-11-25
2903,Joe Johnson,gdavenport@example.org,2025-08-25
2904,Jeffrey Humphrey,andrewtucker@example.com,2025-07-17
2905,Ryan Boone,charlescook@example.org,2025-10-14
2906,Susan Cooper,zunigabrianna@example.net,2025-04-04
2907,Richard Bowers,plarson@example.org,2025-08-22
2908,Nicole Mcclain,ctownsend@example.net,2025-09-05
2909,Elizabeth Thomas,melissaweber@example.com,2025-11-02
2910,Martha Griffith,geraldmccann@example.com,2025-11-07
2911,Jason Collins,byrdcindy@example.com,2025-07-03
2912,Paul Allen,rhodescarol@example.org,2025-12-30
2913,Erica Nichols,mfranklin@example.net,2025-12-03
2914,Ethan Briggs,shahamy@example.org,2025-05-31
2915,Michael Mclean,michaelwilliams@example.org,2025-02-25
2916,Tina Jensen,rowewilliam@example.net,2025-07-15
2917,Thomas Fisher,shortsteven@example.com,2025-02-22
2918,Eric Tyler,barrymiller@example.net,2025-08-02
2919,Bradley Smith,dspencer@example.com,2025-04-05
2920,Robert Meyer,curtislamb@example.org,2025-09-25
2921,Kari Ward,jose89@example.com,2025-04-23
2922,Kenneth White,shannonstephen@example.net,2025-10-04
2923,Robert Thompson,trowe@example.net,2025-04-18
2924,Kathryn Gonzales,pricesharon@example.org,2025-11-04
2925,Karla Ferguson,staceyallen@example.net,2025-04-27
2926,Drew Anderson,mitchellmeghan@example.net,2025-04-05
2927,Shannon Watson,ngrant@example.org,2025-07-31
2928,Jimmy Santana,craiggallegos@example.net,2025-04-01
2929,Regina Parsons,james21@example.com,2025-11-27
2930,Jose Foley,garymclean@example.org,2026-01-31
2931,Frederick Harris,lance54@example.com,2025-10-24
2932,Brian Sanders,vmendoza@example.com,2025-08-11
2933,Lindsey White,mpineda@example.net,2025-09-16
2934,Anthony Singh,sierra62@example.com,2025-08-31
2935,David Jordan,gbryant@example.com,2025-04-05
2936,Paula Butler,mchapman@example.net,2025-08-24
2937,Trevor Petersen,seangordon@example.com,2026-02-03
2938,Michelle Montgomery,david82@example.net,2025-02-07
2939,Gregory Lynch MD,cassandra60@example.net,2025-11-16
2940,Stephanie Smith,barrjoshua@example.com,2025-05-14
2941,Daniel Cannon,john71@example.org,2026-02-03
2942,Susan Hernandez,smithronnie@example.com,2025-04-26
2943,Lisa Curtis,zellis@example.org,2025-12-27
2944,Kristen Richards,scott04@example.net,2025-06-27
2945,Ana Brown,jbell@example.org,2025-03-09
2946,Amanda Jacobs,wcurtis@example.org,2025-06-04
2947,Johnny Butler,maxsmith@example.com,2026-01-16
2948,Angela Martinez DVM,allisonsweeney@example.org,2025-05-01
2949,Kerry Cox,jhenry@example.net,2025-11-08
2950,Jennifer Beck,phyllismullins@example.org,2025-03-14
2951,Stephanie Mills,amandajackson@example.com,2025-09-09
2952,Ryan Gomez,cochranabigail@example.com,2025-07-02
2953,Michael Mccormick,nicholas46@example.net,2025-08-21
2954,Monica Lozano,sanchezlinda@example.org,2025-09-13
2955,Michael Young,jordanduncan@example.net,2026-01-08
2956,Heather Davis,pchaney@example.com,2025-11-18
2957,David West,jillwilliamson@example.net,2026-01-29
2958,Lauren Thompson,stephanie43@example.net,2025-11-03
2959,Regina Williams,elamb@example.com,2025-04-08
2960,Alexis Davis,stanley36@example.net,2025-10-15
2961,Kimberly Ramsey,madelinetorres@example.net,2025-05-03
2962,Megan Neal,vsmith@example.net,2025-02-06
2963,Katrina Maddox,rachel50@example.net,2025-03-02
2964,Raymond Contreras,westdavid@example.org,2025-12-10
2965,Bobby Fisher,danielle83@example.net,2025-09-10
2966,Christina Rollins,walkerrachel@example.net,2025-11-14
2967,Ronald Barton,jeffreymedina@example.org,2025-09-18
2968,Jeremy Beard,amanda00@example.com,2025-08-27
2969,Chad Bell,oliviasims@example.net,2026-01-10
2970,Hannah Sanchez,nrodriguez@example.net,2025-04-14
2971,Mrs. Haley Lewis MD,cgomez@example.org,2025-09-10
2972,Tamara Mitchell,longlawrence@example.org,2025-04-19
2973,Leslie King,torresteresa@example.org,2025-12-20
2974,Mr. Christopher Clark,hvaldez@example.org,2025-08-13
2975,Kevin Chandler,allison84@example.net,2025-10-16
2976,Jesse Williams,claudia35@example.net,2025-06-22
2977,Leslie Mcdonald,conleyjustin@example.org,2025-08-28
2978,Brenda Nguyen,bensontanya@example.com,2025-08-04
2979,Brandon Miller,reynoldsandrew@example.org,2025-11-24
2980,Veronica Blair,wcharles@example.com,2026-02-01
2981,Michael Wilson,castillolori@example.com,2025-05-16
2982,Jennifer Wright MD,george01@example.com,2025-09-19
2983,Michael Rose,kruegerjesus@example.com,2025-09-22
2984,Joan Perez,robert83@example.com,2025-05-28
2985,David Rivera,aaronhawkins@example.com,2025-02-26
2986,Cindy Lopez,thomasjohn@example.org,2025-09-13
2987,David Owen,zclark@example.net,2025-04-01
2988,Robert Rasmussen,tranvictoria@example.net,2025-05-19
2989,Donald Jenkins,maynardheather@example.com,2025-04-22
2990,John Gill,webbbrandon@example.com,2025-04-16
2991,Deanna Martin,petersonkimberly@example.org,2025-02-22
2992,Ryan Williams,roy02@example.net,2026-02-02
2993,Jeffrey Lang,richardsalexis@example.org,2026-01-30
2994,Becky Williams,fcalderon@example.org,2025-12-17
2995,Matthew Hunt,rodriguezcolin@example.org,2025-11-05
2996,Timothy Hodge,vsimpson@example.com,2025-11-28
2997,Courtney Bond,wallertiffany@example.org,2025-04-10
2998,Joseph Gentry,brose@example.net,2026-01-10
2999,April Lopez,mariahhoover@example.com,2025-08-12
3000,Stephanie Cobb,kiddkevin@example.com,2025-04-29
3001,Steven Johnson,michael65@example.com,2026-01-02
3002,Janet Lewis,abigail10@example.net,2025-04-14
3003,Anthony Li,simpsontimothy@example.com,2026-01-17
3004,Angela Fisher,hallcatherine@example.com,2025-06-04
3005,Richard Pugh,riverakevin@example.com,2025-11-02
3006,Joseph Gray,cruzcurtis@example.com,2025-09-28
3007,Brian Stanton,walkernathan@example.com,2025-10-14
3008,Daniel Hurst,virginia46@example.org,2025-08-20
3009,Kenneth Miller,briankramer@example.org,2025-09-04
3010,Heather Perkins,bergertracey@example.net,2025-05-11
3011,Alan Hill,lcrane@example.net,2026-01-05
3012,Meagan Smith,mmontoya@example.com,2025-04-02
3013,Thomas Hines,xgarcia@example.com,2025-07-07
3014,Sherri Pratt,lisa82@example.net,2025-02-21
3015,Ashley Hoffman,davidcooper@example.org,2025-10-19
3016,Melissa King,sparksnathan@example.net,2025-07-05
3017,Victoria Barr,brittany79@example.net,2025-07-12
3018,Raymond Jones,bradwilliams@example.org,2025-07-23
3019,Thomas Moreno,rachel66@example.org,2025-07-05
3020,Mallory Goodman,hartmandaniel@example.com,2025-09-14
3021,Chelsea Erickson,sedwards@example.com,2025-04-20
3022,Timothy Becker,millershelia@example.net,2025-12-29
3023,Troy Wright,sandra87@example.net,2025-07-30
3024,Julie Perez,carterfelicia@example.org,2025-03-06
3025,Paul Fisher,zramsey@example.org,2025-08-29
3026,Tracy Nichols,jeffreyhaas@example.com,2025-03-26
3027,Joseph Baird,johnsonrobert@example.com,2025-07-25
3028,Donna Hernandez,heatherhernandez@example.com,2025-08-20
3029,Erin Reynolds,bethpitts@example.com,2025-12-21
3030,Sherri Patrick,leahhansen@example.net,2025-10-02
3031,Jessica Lopez,qcarson@example.com,2025-08-15
3032,Judith Burns,okramer@example.com,2025-12-09
3033,Sean Andrews,rebeccahenry@example.com,2025-04-15
3034,Jonathan Smith,brian06@example.org,2025-05-26
3035,James Jones,melissaperez@example.org,2025-03-12
3036,Rebecca Gomez,erin32@example.com,2025-06-26
3037,Douglas Clark,mary33@example.com,2026-01-04
3038,Tracy Stewart,robertalvarez@example.net,2025-11-01
3039,Kelli Olson,pjohnson@example.com,2025-07-30
3040,Beth Martinez,rebekah09@example.com,2025-02-07
3041,Julie James,smithbrandy@example.net,2026-02-03
3042,Kelly Jackson,danielseric@example.net,2025-09-11
3043,Stephanie Martinez,jennifermccoy@example.com,2025-09-12
3044,Brett Martin,willieblake@example.net,2025-12-22
3045,Dale Ruiz,daniel41@example.net,2025-04-19
3046,Karen Ayers,robertschroeder@example.org,2025-12-17
3047,Edward Nichols,amy24@example.org,2025-04-07
3048,Jennifer Wright,franciswilliam@example.org,2025-10-12
3049,Chad Smith,scott81@example.org,2025-04-12
3050,Alicia Burgess,kevinsandoval@example.com,2025-07-02
3051,Christina Pena,sbaker@example.net,2025-12-05
3052,Amy Davis,shanna@example.org,2025-09-07
3053,Mr. Earl Fowler,ofowler@example.com,2025-03-10
3054,Timothy Bentley,zberry@example.org,2025-11-06
3055,Renee Mills,christina98@example.org,2025-03-09
3056,Dale Peterson,cwade@example.org,2025-08-03
3057,Erica Burns,ericcoleman@example.net,2025-12-26
3058,Patricia Butler,grayerika@example.com,2025-07-18
3059,Lisa Buck,lauren29@example.net,2025-04-22
3060,Robin Peters,emartinez@example.org,2025-11-11
3061,Dr. James Parks,tamaramaddox@example.com,2025-02-13
3062,Amy Glover,wrichardson@example.org,2025-10-10
3063,Joseph Wolfe,acaldwell@example.net,2025-06-10
3064,Thomas Henderson,jeffbrown@example.org,2025-09-25
3065,Jennifer Cantu,barkerjonathan@example.org,2025-06-19
3066,Robert Fisher MD,holmesscott@example.org,2025-02-25
3067,James Garcia,jessica73@example.net,2025-05-04
3068,Amy Rodriguez,irwinmelissa@example.org,2025-11-21
3069,Stephanie Fuller,smithadrian@example.org,2025-11-21
3070,Jordan Evans,omcdonald@example.net,2025-06-06
3071,Melanie Bartlett,michaelfranklin@example.com,2025-05-21
3072,Eric Shea,mwood@example.net,2025-04-19
3073,Steven Graham,dsnyder@example.org,2025-02-12
3074,Dr. Crystal Williams,aimeegarrett@example.com,2025-07-23
3075,Sean Reed,william95@example.org,2025-06-18
3076,Brian Ramirez,acostamason@example.com,2025-04-24
3077,Joseph King,webbcarlos@example.org,2026-01-17
3078,Jeremy Johnson,mariah37@example.net,2025-12-13
3079,Richard Hall,jcastillo@example.net,2025-04-30
3080,Elizabeth Ortiz,raydarren@example.com,2025-12-26
3081,Elizabeth Miller,blogan@example.net,2025-08-31
3082,Victoria White,lawsondustin@example.net,2026-02-03
3083,Christopher Conrad,christopherrowe@example.net,2025-03-29
3084,Luis Williams,jeremy43@example.net,2025-11-14
3085,Paul Garrison,williewood@example.com,2025-07-02
3086,Jacqueline Ho,lynnkenneth@example.com,2025-07-01
3087,George Edwards,jeffery37@example.net,2025-10-25
3088,Bethany Maldonado,ashleyhowe@example.org,2025-06-23
3089,Kyle Brown,wheelermark@example.org,2025-09-21
3090,Kristin Ross,milesevelyn@example.org,2025-07-07
3091,Destiny Kelly,ortizlisa@example.com,2025-03-19
3092,Angela Andrews,dmccarthy@example.org,2025-05-14
3093,Christopher White,zwebb@example.org,2025-04-25
3094,Lori Brewer,joshua45@example.org,2025-03-05
3095,Nicholas Parker,nabbott@example.net,2025-08-06
3096,Joshua Delgado,rsummers@example.org,2025-06-01
3097,William Lucas,awang@example.org,2025-05-13
3098,Deborah Gibson,ibrown@example.net,2026-02-02
3099,Rose Flores,rdickerson@example.org,2025-03-14
3100,Ashley Woodard,jamie67@example.com,2026-01-02
3101,Thomas Martinez,crogers@example.net,2025-05-12
3102,Jose Pena,kayla20@example.net,2025-11-29
3103,Daniel Silva,wbowers@example.org,2025-02-12
3104,Benjamin Morgan,jeffreyhill@example.net,2025-12-30
3105,Michael Turner II,jsmith@example.com,2025-09-04
3106,Jeremy King,dansmith@example.net,2025-04-17
3107,Harold White,rogerslisa@example.net,2025-05-30
3108,Gregory Holland,myerslaura@example.net,2025-03-15
3109,Laura Campos,mitchellashley@example.net,2025-06-13
3110,Joanna Wells,dmunoz@example.net,2025-04-12
3111,Mr. Robert Miller,kelsey38@example.org,2025-07-31
3112,Alejandro Bates,matthewhopkins@example.net,2025-05-20
3113,Debbie Ortiz,vyates@example.com,2025-06-20
3114,Joseph Perez,kross@example.com,2025-08-03
3115,Denise Faulkner,schmittraymond@example.org,2025-10-15
3116,Amy Leonard,nbanks@example.com,2025-07-24
3117,Mary Williams,gjohnson@example.com,2025-11-13
3118,Jennifer Duncan,padillajennifer@example.net,2025-10-08
3119,John Lee,bflynn@example.org,2025-11-02
3120,Meredith Sweeney,edwardscraig@example.org,2025-06-16
3121,Hector Miller,reyeslisa@example.net,2025-03-25
3122,Justin Owens,andrea20@example.com,2025-10-23
3123,John Luna,kenneth92@example.com,2025-07-08
3124,Bruce Smith,john55@example.org,2025-08-17
3125,Dean Smith,gonzalesmary@example.org,2025-09-20
3126,Jamie Martinez,bradymonica@example.com,2025-07-14
3127,David Richmond,clarknancy@example.com,2025-12-30
3128,Timothy Figueroa,smithjessica@example.net,2025-12-14
3129,Jason Berg,jamessmith@example.org,2025-09-19
3130,Ellen Richardson,tranmeredith@example.com,2025-02-11
3131,Deborah Roberts,wshort@example.com,2025-05-29
3132,Matthew Phillips,bryanfrench@example.org,2025-02-12
3133,Karen Garcia,gjohnson@example.com,2025-03-15
3134,Lisa Gordon,arroyocharles@example.org,2025-10-21
3135,Dr. Julie Garner,ybrooks@example.com,2025-09-21
3136,John Garcia,adrienneprice@example.net,2025-04-06
3137,James Jackson,lholloway@example.com,2025-11-08
3138,Michael Page,newmanapril@example.net,2025-03-13
3139,Christopher Stanley,wklein@example.org,2025-10-27
3140,Amanda Berg,jessicabenton@example.com,2025-07-18
3141,Raymond Berry,xedwards@example.org,2026-01-26
3142,Sydney Stone,englishwendy@example.net,2025-06-08
3143,Denise Long,lisa60@example.com,2025-09-25
3144,Erica Rios,aimee95@example.com,2025-05-08
3145,Jason Reid,cyoung@example.com,2025-07-20
3146,David Chambers,joseph02@example.net,2025-07-19
3147,Monique Morgan,ericksondanielle@example.net,2025-05-10
3148,Brian Robbins,steven08@example.com,2025-12-30
3149,Steve Jones,ivaldez@example.net,2025-07-04
3150,Scott Kane,turnerangela@example.com,2025-11-21
3151,Blake Roberts,pcook@example.com,2025-06-29
3152,Wesley Wells,jgonzalez@example.com,2025-04-11
3153,Brandon Parker,sharon40@example.net,2025-08-10
3154,Daniel White,owatkins@example.com,2025-04-08
3155,Rodney Rios,kelseyparrish@example.net,2025-08-30
3156,Monica Gonzalez,nthomas@example.net,2025-03-24
3157,Desiree Lowery,michael11@example.org,2025-11-20
3158,Steven Patterson,zmartin@example.org,2025-12-29
3159,Michele Palmer,thomas22@example.net,2025-05-09
3160,Robert Ward,bandersen@example.net,2026-01-28
3161,Timothy Hartman,nicholasgraham@example.com,2025-04-09
3162,Christopher Tran,seangeorge@example.net,2025-10-18
3163,Randy Gonzalez,williamsimpson@example.org,2025-03-19
3164,Alicia White,susan30@example.net,2026-01-21
3165,Joshua Liu,njohnson@example.org,2025-08-03
3166,Mark Byrd,fhobbs@example.net,2025-12-22
3167,Daniel Brown,shermanrobert@example.net,2025-11-30
3168,Daniel Mora,alejandrosampson@example.com,2025-07-09
3169,Robert Boyd,rbrown@example.com,2025-06-23
3170,Brandi Murphy,sfigueroa@example.net,2025-02-18
3171,Patrick Weiss,rcoffey@example.org,2025-08-06
3172,Brian Lawson,iboone@example.com,2025-08-21
3173,Caroline Wallace,guerramichael@example.net,2026-01-02
3174,Don Walter,skinnerjeremy@example.com,2025-08-23
3175,Ian Lewis,donaldturner@example.com,2025-04-23
3176,Michael Delgado,terrirocha@example.org,2025-03-27
3177,Donna Lucas,jhunter@example.net,2025-09-29
3178,Jennifer Marshall,bgarcia@example.net,2026-01-07
3179,Amanda Smith,jmorgan@example.org,2025-11-15
3180,Maria Shaw,veronica80@example.net,2025-03-26
3181,Tyler Houston,markbarber@example.org,2025-04-12
3182,Maureen Cooley,james46@example.org,2025-08-04
3183,Gerald Patterson,ritawright@example.net,2025-11-17
3184,Chelsea Caldwell,hrollins@example.org,2025-07-22
3185,Margaret Brown,cstewart@example.org,2025-05-21
3186,Mark Wright,cpatterson@example.com,2025-06-26
3187,Ernest Hickman,cmason@example.net,2025-05-10
3188,Melissa Yoder,jonesjeremy@example.org,2025-05-29
3189,Amanda Lewis,portega@example.net,2025-04-19
3190,Sydney Hernandez,bsmith@example.com,2025-07-04
3191,Richard Johnson,heathersingleton@example.org,2025-11-23
3192,Richard Walton,mckinneykristen@example.org,2025-06-08
3193,Troy Ruiz,wadejames@example.net,2025-08-24
3194,Latasha Key,matthew10@example.com,2025-08-18
3195,Peter Nunez,jessicaharris@example.com,2025-05-04
3196,Jennifer Scott,kevin51@example.org,2026-02-02
3197,Monica Miller,molinabrittany@example.com,2025-10-09
3198,Melissa Montoya,alanwhite@example.com,2026-01-03
3199,Savannah Mckay,skinnerjessica@example.net,2025-07-12
3200,Monique Wall,paulclark@example.com,2025-09-10
3201,Christina Velez,michael47@example.com,2026-01-30
3202,Patricia Joseph,webbleonard@example.net,2025-12-20
3203,John Chapman,lewisjonathan@example.com,2025-11-17
3204,Matthew Medina,jordanmelissa@example.net,2025-07-20
3205,Michaela Lozano,kaguilar@example.net,2025-03-01
3206,Mary Torres,thomas19@example.com,2025-06-16
3207,Ethan Downs,riverskevin@example.net,2025-12-14
3208,Robert Paul,langnathan@example.com,2025-11-26
3209,Robert Mathews,samanthahickman@example.com,2025-11-27
3210,Brenda Ray,ehaynes@example.net,2025-03-09
3211,Tricia Galloway,kevinperez@example.com,2025-03-13
3212,Carl Ramirez,bondmichael@example.net,2025-07-25
3213,Pamela Hubbard,grice@example.net,2026-01-01
3214,Christine Baker DVM,victorchapman@example.com,2025-03-26
3215,Janice Schneider,eestrada@example.org,2025-12-25
3216,Andrea Garrett,markcoleman@example.org,2025-12-17
3217,Andrew Owen,pjohnson@example.com,2025-12-26
3218,Raymond Garcia,burgessgregory@example.com,2025-12-15
3219,Cynthia Cooper,allenjudith@example.net,2025-02-09
3220,Stacey Nichols,amy40@example.net,2025-10-08
3221,Michael Petersen,longshannon@example.net,2026-01-21
3222,Benjamin Hardy,adam63@example.org,2025-02-16
3223,Lisa West,jordan33@example.com,2025-11-20
3224,Stephanie Nicholson,egraham@example.org,2025-10-24
3225,Paul Patterson DDS,millsbecky@example.com,2025-11-16
3226,Peggy Alvarez,margaret37@example.net,2025-06-20
3227,Meagan Rodriguez,tonyagriffith@example.org,2025-08-28
3228,Mark Trujillo,hintonashley@example.org,2025-07-07
3229,Scott Cruz,matthewsimon@example.org,2025-12-28
3230,Anthony Potts,brittanyreid@example.com,2025-04-22
3231,Corey Brown,hancockbryce@example.com,2025-12-03
3232,Joshua Morgan,stephanie37@example.net,2025-07-25
3233,Jessica Moran,stephaniecameron@example.org,2025-03-23
3234,Lindsay Hernandez,amandakidd@example.com,2025-05-14
3235,Brandi Ward,zmay@example.com,2025-12-24
3236,Joel Cunningham,nicholas86@example.net,2025-11-02
3237,John Zimmerman,hartvictoria@example.net,2025-09-03
3238,Darrell Love,whitedylan@example.net,2025-07-05
3239,Madison Bailey,debra23@example.net,2025-04-30
3240,Brandon Levine,matthewgarcia@example.net,2025-11-08
3241,Nicholas Lopez,hayesveronica@example.com,2025-07-17
3242,Elizabeth Wheeler,lucasallen@example.com,2025-12-21
3243,Philip Johnson,forbescraig@example.com,2025-03-26
3244,Brian Freeman,juliamurray@example.com,2026-01-04
3245,Scott Bennett,firwin@example.com,2025-09-03
3246,Kayla Taylor,rebeccathompson@example.com,2025-02-13
3247,Keith Schneider,mscott@example.org,2025-08-24
3248,Kathy Allen,hartjoyce@example.com,2025-05-10
3249,Frances Mckenzie,tbrown@example.org,2025-09-18
3250,John Soto,haleytaylor@example.net,2026-01-23
3251,Adrian Johnson,fmoore@example.net,2026-01-28
3252,Lisa Bender,scottwesley@example.com,2025-09-12
3253,Francis Avila,lisasoto@example.com,2025-04-10
3254,Kelly Williams,fmcgee@example.org,2025-07-21
3255,Stacy Cook,greenkatherine@example.com,2025-08-20
3256,Richard Harris,lesliefletcher@example.com,2026-01-30
3257,Xavier Cook,tina06@example.net,2025-03-05
3258,Diane Morales,brian06@example.org,2025-08-20
3259,Andrew Hall,carlybutler@example.com,2025-04-11
3260,Brooke Garcia,pross@example.org,2025-04-25
3261,Joel Navarro,ucox@example.org,2025-07-09
3262,Kelsey Allison,cheryl90@example.net,2025-04-15
3263,Kimberly Torres,margaretthomas@example.com,2025-09-28
3264,James Clark,hamptoncharles@example.com,2025-12-04
3265,Breanna Jones,anthonymoore@example.com,2025-11-04
3266,Linda Morrow,lozanoleonard@example.org,2025-10-11
3267,Eric Reynolds,ritanichols@example.org,2025-10-10
3268,Jason Davis,lopezpaul@example.net,2025-06-07
3269,Kenneth White,aclark@example.net,2025-06-30
3270,Fred Simpson,xhernandez@example.org,2026-01-23
3271,David Grant,tracyburns@example.org,2025-08-18
3272,Rachel Johnson,bryangriffith@example.com,2025-12-20
3273,Debra Guerra,brian53@example.net,2025-05-21
3274,Marcus Peterson,anthonywilkins@example.net,2025-07-19
3275,Jessica Porter,karenmatthews@example.com,2025-12-26
3276,Wendy Brown,adamssamantha@example.net,2025-05-28
3277,Jeffrey Martinez,tapiaerin@example.com,2025-11-04
3278,David Ward,lori88@example.org,2025-10-28
3279,William Joyce,cmaxwell@example.com,2025-03-09
3280,Nathan Martinez,christopher61@example.net,2025-04-08
3281,Abigail Watson MD,patrickwright@example.org,2025-07-07
3282,Stephanie Daugherty,juanclarke@example.com,2025-02-22
3283,Jeremy Hughes,markpeterson@example.com,2025-11-12
3284,Philip Harris,sthomas@example.org,2025-12-25
3285,Vincent Douglas,proctormichael@example.com,2025-07-31
3286,Warren Williams,alejandro76@example.net,2025-07-16
3287,Dalton Torres,gonzalessierra@example.net,2025-03-16
3288,Catherine Jones,cdavis@example.com,2025-06-10
3289,Brittany Tyler,brandonduran@example.com,2025-07-12
3290,Randy Smith,pharris@example.com,2025-04-24
3291,Raymond Jones,deborahhardin@example.com,2025-08-21
3292,Ashley Valenzuela,beth81@example.net,2025-10-20
3293,Justin Mcguire,kknox@example.org,2025-06-16
3294,Sarah Smith,lamchelsea@example.org,2025-06-23
3295,Stephanie Collins,hernandezpamela@example.net,2025-02-16
3296,Laura Griffin,arose@example.com,2025-10-18
3297,Jose Baker,angelberg@example.com,2025-04-22
3298,Melanie Green,frenchrachael@example.com,2025-08-12
3299,Joshua Wade,manningmatthew@example.org,2025-05-24
3300,Wesley Hale,adouglas@example.net,2025-06-07
3301,James Pena,zbrady@example.net,2025-10-15
3302,Jacqueline King,louis29@example.org,2025-07-10
3303,Samantha Mendez,brandy75@example.com,2025-05-08
3304,James Brown,denise75@example.net,2025-05-17
3305,Robert Hernandez,qprice@example.net,2025-04-30
3306,Christopher Sanchez,joshuahenson@example.org,2025-09-30
3307,Donna Gonzalez DDS,emily96@example.com,2025-03-15
3308,George Watkins,martinezscott@example.com,2025-07-18
3309,Jamie Morrison,erogers@example.org,2025-05-13
3310,Karen Woods,knightjoseph@example.com,2025-11-02
3311,Laura Smith,patriciaperkins@example.com,2025-03-10
3312,Anna White,morganayers@example.com,2025-10-09
3313,Joseph Cruz,moodyjoseph@example.net,2025-03-30
3314,Charles Johnson,delgadobrandy@example.com,2025-02-28
3315,Mark Moore,debra65@example.net,2026-01-01
3316,James Gomez,traci51@example.net,2025-08-05
3317,Brianna Beck,dale88@example.org,2025-02-08
3318,Aaron Cummings,maldonadolynn@example.net,2025-11-18
3319,Victor Smith,zvillarreal@example.com,2025-11-18
3320,Kenneth Wang,jtaylor@example.net,2025-04-23
3321,Jamie Burns,dpadilla@example.net,2025-05-08
3322,Shannon Castillo,lisamorris@example.com,2025-11-11
3323,Jerome Kelly,buckanita@example.net,2025-11-08
3324,Lori Smith,tina92@example.com,2025-04-21
3325,Teresa Colon,codymoore@example.net,2025-05-19
3326,Cindy Day,sarahcarey@example.org,2025-05-18
3327,Kaitlyn Edwards,mcdonaldmichael@example.net,2025-05-14
3328,Wendy Berg,angelataylor@example.net,2025-06-06
3329,Mary Alvarez,carlos98@example.com,2025-03-13
3330,Sheena Collier,collinsmatthew@example.net,2025-08-29
3331,Emily Hodges,uparker@example.com,2025-02-26
3332,Chelsea Phillips,fwilliams@example.net,2025-12-19
3333,Raymond Brown,shane18@example.com,2025-08-31
3334,Lindsey Baker,lcosta@example.net,2025-07-30
3335,Gerald Brooks,sharoncampos@example.com,2025-11-20
3336,Michael Johnson,kristina47@example.net,2025-03-24
3337,Darren Perkins,anitabarry@example.com,2025-05-22
3338,Sean Hernandez,gregorylawson@example.org,2026-02-05
3339,David White,meghan77@example.net,2025-05-07
3340,Sarah White,vmalone@example.org,2026-01-24
3341,Keith Gregory,ejefferson@example.com,2025-07-29
3342,John Williams,michael79@example.org,2025-07-11
3343,Kelly Weaver,ethanrice@example.org,2025-03-29
3344,Dr. Gloria George,zgeorge@example.org,2025-10-08
3345,George Washington,melissa69@example.org,2025-08-09
3346,Andrea Bennett,lzuniga@example.org,2026-01-15
3347,William Sanchez,sabrinadavid@example.org,2025-03-20
3348,Corey Robles,xscott@example.com,2025-05-24
3349,Catherine Jarvis,denisepatterson@example.org,2025-11-14
3350,James Bryant,vpace@example.org,2025-02-22
3351,Robert Ball,xrhodes@example.net,2025-09-15
3352,John Hill,normanelson@example.org,2025-08-12
3353,Matthew Rose,elizabeth47@example.com,2025-05-22
3354,Madison Becker,ilong@example.net,2025-12-16
3355,Dr. Betty Arnold,audrey61@example.com,2025-05-22
3356,Joseph Robinson,gatestracy@example.org,2025-05-14
3357,Brianna Romero,james96@example.net,2025-09-28
3358,Mr. David Chen,apetty@example.com,2025-12-12
3359,Raymond Bond,deanmolina@example.org,2025-09-02
3360,Tyler Morrison,laura41@example.com,2025-05-06
3361,Terry Meyer,samantha25@example.com,2025-10-01
3362,Mark Guzman,adrian54@example.org,2026-01-04
3363,Dylan Mccoy,diane98@example.net,2025-04-19
3364,Ryan Cooper,harrismichael@example.org,2025-09-22
3365,Carlos Baker,fernandezwillie@example.net,2025-10-08
3366,Angela Trujillo,foleyjulie@example.net,2025-02-10
3367,Lindsey Taylor,paul08@example.org,2025-06-05
3368,Caitlin Ford,ortizharold@example.net,2025-10-31
3369,James Smith,kimberly42@example.net,2025-10-12
3370,Jesse Pittman,qmartin@example.org,2025-11-26
3371,Ana Noble,ywilson@example.com,2025-05-23
3372,Brian Moran,goldenpaul@example.com,2025-09-17
3373,William Walton,dustinwright@example.org,2026-01-07
3374,Matthew Johnson,sallydaniel@example.org,2025-07-21
3375,Janet Lee,baldwinkathryn@example.com,2025-07-20
3376,Lisa Hamilton,vgamble@example.net,2025-12-07
3377,Zachary Galvan,lisaruiz@example.org,2025-03-20
3378,Sandra Jones,moonelizabeth@example.net,2025-04-25
3379,Dustin Compton,berryheather@example.net,2025-06-06
3380,Carolyn Alvarez,uspencer@example.org,2026-02-01
3381,Jacob Anderson,lowewilliam@example.org,2025-08-02
3382,Christopher Rogers,rsmith@example.net,2025-10-23
3383,Robert Gomez,sydney09@example.com,2025-11-07
3384,Jonathan Cain,ymurray@example.com,2026-01-18
3385,Lisa Flores,vlee@example.com,2025-07-16
3386,Amber Douglas,rogersjordan@example.org,2025-11-12
3387,Jennifer Nichols,opacheco@example.net,2025-03-21
3388,Dr. Gregory Sullivan,tammy24@example.net,2025-05-23
3389,Katherine Brown,collinsdonald@example.com,2025-05-23
3390,Diana Hines,mitchellrobinson@example.com,2025-06-25
3391,Teresa Norman,joshuamills@example.net,2025-02-17
3392,Michelle Snyder,davidcollins@example.net,2025-12-24
3393,Tonya Berry,tracie18@example.net,2025-07-26
3394,Nathaniel Cuevas,doriskennedy@example.net,2025-08-24
3395,Jesse Torres,patrickrivera@example.com,2025-03-22
3396,Kayla Martin MD,jasmine36@example.org,2025-11-11
3397,Gregory Parks,vyoung@example.com,2025-08-01
3398,Stephanie Gardner,rgrant@example.org,2025-09-01
3399,Melissa Parks,qjackson@example.org,2025-10-16
3400,Kevin Fletcher,adam69@example.org,2025-12-16
3401,Laura Adams,gibsonmatthew@example.com,2025-05-06
3402,Danielle Martin,fhunt@example.com,2025-09-22
3403,Chad Johnson,jenkinsalexander@example.net,2025-11-01
3404,John Santiago,nicolesanchez@example.com,2025-09-21
3405,Thomas Smith,kentgill@example.net,2025-03-02
3406,Travis Smith,jacqueline78@example.net,2025-06-14
3407,Troy Smith,alecdavidson@example.com,2025-08-19
3408,Ryan Hernandez,iflores@example.org,2025-02-20
3409,Krista Dorsey,autumn02@example.org,2025-03-09
3410,John Wang,nathan00@example.net,2025-07-21
3411,Jeffrey Vincent,iterry@example.org,2025-06-10
3412,Kathy Hunter,ybennett@example.org,2025-08-05
3413,Alec Bailey,davidkelly@example.org,2025-12-12
3414,Kyle Mclean,michaelnicholson@example.net,2025-09-17
3415,Billy Morris,gfloyd@example.net,2025-06-27
3416,Alexandria Meyers,qharrell@example.com,2026-02-01
3417,Kenneth Duarte,jonathan97@example.org,2025-08-30
3418,Duane Evans,qnewton@example.org,2025-03-09
3419,Stuart Ward,washingtonerik@example.net,2025-08-19
3420,Kelly Howard,ericmiddleton@example.org,2026-01-11
3421,Amy Butler,travis50@example.com,2025-04-30
3422,Sonia Hernandez,mariagrant@example.org,2025-09-20
3423,Emily Villegas,ryan85@example.com,2025-11-27
3424,Joshua Morgan,jason29@example.net,2026-01-13
3425,Dylan Smith,ftaylor@example.com,2025-07-19
3426,Heather Spencer,iwhite@example.com,2025-08-14
3427,Kelly Washington,ylewis@example.net,2025-05-17
3428,Beverly Bond,hernandezchristopher@example.net,2025-03-15
3429,Patricia Bailey,johnschultz@example.net,2025-03-11
3430,Theresa Mack,leejohn@example.com,2025-09-08
3431,Terry Higgins,sabrina82@example.org,2025-09-30
3432,Kelly Obrien,pjackson@example.org,2025-08-20
3433,Melissa Smith,ecarter@example.net,2025-06-06
3434,Jonathan Walton,kellybrown@example.net,2025-09-30
3435,Melissa Blanchard,yvonne27@example.net,2025-12-16
3436,Mark Michael,rharrison@example.org,2025-02-20
3437,Beth Cardenas,yknapp@example.net,2025-07-08
3438,Toni Garcia,angelica72@example.net,2025-03-09
3439,Kirk Salinas,kennedykristen@example.net,2025-06-26
3440,Tony Callahan,waynearellano@example.net,2025-12-14
3441,Michael Anderson,karenmayo@example.net,2025-12-04
3442,David Cooke,jessicahamilton@example.net,2025-09-23
3443,Gabriel Ali,darius33@example.org,2025-07-22
3444,Becky Webb,andreaarnold@example.org,2025-04-27
3445,Madeline Bernard,gallegoselizabeth@example.org,2025-06-25
3446,Michael Cunningham,amandawood@example.net,2025-07-19
3447,Daniel Clayton DDS,zmartinez@example.com,2025-03-29
3448,Stephanie Mills,lrobinson@example.com,2025-09-06
3449,Monique Stone,joshua68@example.org,2025-02-25
3450,Rickey Allen,andersonbrian@example.com,2025-12-23
3451,Christopher Dunn,benjamin71@example.org,2025-07-24
3452,Dana Petty,james70@example.com,2025-05-07
3453,David Gill,umedina@example.org,2025-05-12
3454,Billy Reed,woodwardkatherine@example.com,2025-10-06
3455,Isabel Edwards,susan08@example.net,2025-12-28
3456,Calvin Crawford,kellernorma@example.net,2025-10-15
3457,Cindy Taylor,kayla12@example.org,2025-08-11
3458,Marcus Gonzales,joserios@example.net,2025-12-14
3459,William Cannon,kennethkaiser@example.com,2026-01-27
3460,Elizabeth Carrillo,scottjulie@example.net,2025-10-02
3461,Shane Black,christiancampos@example.org,2025-10-10
3462,Tanya Miller,miguel69@example.org,2025-11-09
3463,Miranda Braun,benjaminvillanueva@example.net,2025-05-19
3464,Alexa Rodriguez,george28@example.org,2025-03-05
3465,Barbara Washington,isaac46@example.org,2025-02-26
3466,Brandon Evans,qbryant@example.org,2026-02-02
3467,Charles Martin,adamfritz@example.com,2025-08-16
3468,Sherry Edwards,thomaskathleen@example.net,2025-02-22
3469,Margaret Norris,bairdjerry@example.org,2025-05-17
3470,Jimmy Mata,bryanfreeman@example.net,2025-12-26
3471,Mr. Billy Ayers,htaylor@example.com,2025-05-23
3472,Jason Nguyen,carrollshelly@example.com,2025-10-09
3473,Cameron Edwards,david22@example.org,2025-03-23
3474,Kathleen Saunders,erogers@example.com,2025-07-16
3475,Austin Roy,aduncan@example.org,2025-10-29
3476,Jacqueline Morris,johnperez@example.org,2025-03-20
3477,Julie Wong,sjackson@example.net,2025-04-18
3478,Melissa Hogan,christina85@example.com,2025-07-21
3479,Ann Robertson,russellcasey@example.com,2025-05-22
3480,Amanda Pruitt,apowell@example.com,2025-07-18
3481,Belinda Garcia,christopher66@example.com,2025-03-10
3482,Crystal Abbott MD,fshelton@example.org,2025-04-12
3483,Sarah Walls,kyle07@example.org,2025-03-03
3484,Brooke Hanna,evanstiffany@example.com,2025-06-15
3485,Lauren Clark,darryl40@example.net,2025-03-23
3486,Jeffrey Cox,smithjason@example.net,2025-06-25
3487,Jessica Dominguez,udouglas@example.net,2025-10-12
3488,Brittany Parker,sherithompson@example.net,2025-06-14
3489,Erik Mclean,colemancraig@example.net,2025-09-15
3490,Sharon Burns,weaverclaudia@example.org,2025-05-23
3491,Brett Suarez,paulrivera@example.org,2025-03-30
3492,Ruth Davidson,edward30@example.org,2025-05-09
3493,Kimberly Wright,gregorysmith@example.net,2025-06-02
3494,Michele Thompson,rodriguezwilliam@example.com,2025-05-20
3495,Kerri Patel,bonniereid@example.com,2025-07-15
3496,Autumn West,mallory98@example.org,2025-12-17
3497,Angelica Spencer,garnerheather@example.net,2025-03-16
3498,Anthony Pitts,brianna66@example.org,2025-07-20
3499,Lindsay Mack,michelle36@example.org,2025-06-21
3500,Ryan Davies,belltracey@example.net,2025-07-18
3501,Jasmine Carter,guzmaneddie@example.net,2025-11-10
3502,Mark Stephens,kanderson@example.net,2025-12-01
3503,Dr. Jason Williams,mosleyandrew@example.com,2026-01-01
3504,Andrew Shannon,mitchellmartin@example.org,2026-01-14
3505,Julia King,clang@example.net,2025-08-16
3506,Kenneth Barnett DDS,robertyoung@example.org,2025-03-10
3507,Charles Chapman,castrodaniel@example.net,2025-12-15
3508,Lisa Tate,katrina18@example.net,2025-10-04
3509,Monica Parker,rbennett@example.org,2025-04-17
3510,Joshua Tucker,lisawilliams@example.net,2025-09-29
3511,Donald Adams,johnthomas@example.org,2025-07-07
3512,Melanie Gonzales,hatfieldeugene@example.net,2025-09-07
3513,Sheena Taylor,gdiaz@example.net,2025-09-26
3514,Rebecca Ballard,amoreno@example.org,2026-02-04
3515,Christopher Flores,vlam@example.org,2025-05-17
3516,Mackenzie Tran,cparker@example.org,2025-03-21
3517,Adam Brown,cedwards@example.net,2025-08-16
3518,Wanda Hanson,hjimenez@example.com,2025-09-23
3519,Mark Clark,victor06@example.com,2025-12-16
3520,Dr. Lisa Douglas,james66@example.net,2026-02-04
3521,Darius Meyers,cconley@example.com,2025-11-29
3522,John Curtis,gporter@example.com,2025-02-22
3523,Randy Dickson,mwaters@example.com,2025-10-14
3524,Samantha Garcia,shannonjacob@example.org,2025-08-25
3525,Seth Mercado,smithpaul@example.net,2026-01-06
3526,Lisa Jordan,smithjohn@example.com,2025-03-19
3527,Nicole Hernandez,melissa63@example.org,2026-01-05
3528,Stephanie Patton,kayla70@example.org,2025-07-07
3529,Bruce Smith,conniebishop@example.org,2025-07-22
3530,Jessica Miller,robertmichael@example.com,2025-03-30
3531,Chelsea Tucker,rodriguezjames@example.com,2025-03-27
3532,Ryan Sandoval,aliciawagner@example.com,2025-07-23
3533,Thomas Taylor,cassidybailey@example.com,2025-11-28
3534,Jennifer Hall,kennethblackwell@example.net,2026-01-22
3535,Justin Petersen,branchjustin@example.net,2025-03-24
3536,Jennifer Macias,willismegan@example.com,2025-12-08
3537,Philip Robinson,petersongloria@example.com,2025-06-03
3538,Michael Garcia,susanroberts@example.org,2025-11-21
3539,Lindsay Singleton,floresrebecca@example.org,2025-05-26
3540,Bridget Anderson,elizabethjennings@example.org,2025-04-02
3541,Sarah Wilson,karenbates@example.org,2025-04-05
3542,Heather Velazquez,timothy45@example.net,2025-12-31
3543,Bradley Harris,jacksonsarah@example.com,2025-12-04
3544,Richard Gibson,melissa80@example.net,2025-11-29
3545,Jeffery George,paulmiller@example.org,2025-06-18
3546,Joshua Foster,eric77@example.net,2025-08-30
3547,Kayla Norris,gregory62@example.com,2025-05-27
3548,Walter Burns,sandra80@example.net,2025-10-09
3549,Kyle Fisher,dkirby@example.com,2025-05-18
3550,Amanda Lambert,wangbrittany@example.org,2025-11-28
3551,Emma Aguirre DVM,ihayes@example.net,2026-01-14
3552,Alexis Holden,mary62@example.com,2025-08-15
3553,Mark King,howarddana@example.com,2025-09-03
3554,Megan Powell,sbooker@example.com,2025-06-19
3555,Tammy Dougherty,alexandermichael@example.org,2026-01-14
3556,Megan Greer,mholland@example.net,2025-12-31
3557,Michelle Miller,kellygriffin@example.net,2025-03-30
3558,David Garcia,iscott@example.net,2025-07-24
3559,Cynthia Mack,tiffany94@example.com,2025-11-07
3560,Elizabeth Martinez,jflores@example.net,2025-07-28
3561,Joseph Valencia,iburns@example.org,2025-08-21
3562,Cathy Warner,jeffery82@example.com,2025-03-29
3563,Clayton Johnson,ynovak@example.com,2025-06-07
3564,Chris Stevens,uhernandez@example.org,2025-05-06
3565,Jack Bradley,mmcdonald@example.com,2025-08-21
3566,Michael Wolfe,hendersonbrian@example.com,2026-01-20
3567,Tammy Spence,eperry@example.net,2025-05-19
3568,David Williams,oelliott@example.com,2025-05-04
3569,Bryan Young,daniellewalker@example.org,2025-07-21
3570,Barbara Phillips,daniel92@example.net,2025-09-05
3571,Keith Martinez,brian49@example.com,2025-07-13
3572,Jason Edwards,timothycastro@example.net,2025-03-31
3573,Michael Ellis,amiller@example.com,2025-07-31
3574,Danielle Davidson,jefferyberry@example.com,2026-01-07
3575,Brittany Davis,nhernandez@example.org,2025-04-07
3576,Anthony Graves,paulescobar@example.net,2025-08-01
3577,Lisa Beck,vmcgee@example.net,2025-08-12
3578,Melanie Hopkins,vazquezkristi@example.com,2025-03-17
3579,Carl Reynolds,wstevens@example.net,2025-11-13
3580,Colleen Horne,timothyduncan@example.com,2025-07-13
3581,Kevin Jones,danieljohnson@example.com,2026-01-01
3582,Morgan Brown,udavis@example.com,2025-03-18
3583,Travis Terrell,michaelguerra@example.net,2025-12-03
3584,Adam Waters,norma38@example.net,2025-08-28
3585,Brett Cruz,brittany76@example.org,2025-11-07
3586,David Ray,amysimpson@example.org,2025-06-27
3587,James Bennett,david74@example.org,2025-05-26
3588,Sherry Jimenez,dhinton@example.org,2025-04-17
3589,Raymond Figueroa,melissa80@example.com,2025-07-14
3590,Justin Jackson,gharper@example.net,2026-01-03
3591,Christopher Anderson,spencerwu@example.com,2025-04-28
3592,James Thomas,moorepreston@example.org,2025-08-21
3593,Kelly Garrison,ncharles@example.net,2025-12-17
3594,Amanda Mullins,amber07@example.net,2025-10-28
3595,Rodney Dickson,christopher49@example.com,2025-03-13
3596,Christine Steele,dominic49@example.com,2025-03-27
3597,Reginald Lane,bondangela@example.org,2025-12-28
3598,Kenneth Hunt,gjoyce@example.org,2025-04-13
3599,Sara Edwards,jamie58@example.com,2025-11-20
3600,Wendy Clarke,dwayneerickson@example.com,2025-11-13
3601,Hannah Tanner,hdaniels@example.net,2025-02-25
3602,Zachary Thompson,carlmcconnell@example.org,2025-11-13
3603,John Sullivan,blambert@example.com,2025-08-20
3604,Paul Carter,pcook@example.com,2025-09-02
3605,Dana Collins,cbush@example.com,2025-10-17
3606,Margaret Williams,porterdominique@example.com,2025-10-18
3607,Lynn Owens,pricesean@example.net,2025-10-16
3608,Michael White,shannon05@example.net,2025-10-26
3609,William Watson,boltonsamuel@example.com,2025-08-21
3610,Jennifer Chase,jackknox@example.com,2025-07-05
3611,Joshua Padilla,joshua52@example.com,2025-06-30
3612,Andrew Romero,steven54@example.org,2025-07-07
3613,Katrina Gibson,pooledeanna@example.org,2026-01-18
3614,Thomas Vincent,benjamin81@example.net,2025-10-19
3615,Mercedes Young,gregoryrodriguez@example.org,2025-02-13
3616,Nancy Benton,wmoran@example.net,2025-11-23
3617,Crystal Thomas,kimberly09@example.com,2025-03-29
3618,Mason Carroll,fischersarah@example.net,2025-10-27
3619,Antonio Gonzales,cwilliams@example.org,2025-04-28
3620,Casey Bell,johnnypark@example.com,2025-11-09
3621,Mr. Erik Allen,sandrarodriguez@example.com,2025-03-20
3622,Kelli Thompson,joshua69@example.org,2025-11-04
3623,Haley Houston,imartinez@example.net,2025-06-17
3624,Lindsey Moore,uhowell@example.org,2025-09-02
3625,Olivia Taylor,angela42@example.org,2025-12-10
3626,Rebecca Logan,jacquelineeverett@example.net,2025-03-06
3627,Larry Lewis,tramsey@example.net,2025-09-01
3628,Justin Robinson,hallmichael@example.net,2025-03-30
3629,Dan Green,randallcarlos@example.net,2025-05-27
3630,Lance Adams,renee65@example.com,2025-09-29
3631,Jason Lin,sarahreyes@example.com,2026-01-10
3632,Sara Bailey,roberthicks@example.com,2025-12-01
3633,Brenda Mendoza,bgonzalez@example.net,2025-04-06
3634,Ryan Martinez,garciajoel@example.com,2025-10-01
3635,Sandra Hansen,paul67@example.com,2025-02-16
3636,Emily Carpenter,prestonrobin@example.net,2026-01-13
3637,Mark Allen,griffithamanda@example.org,2025-11-13
3638,Sherry Padilla,gramirez@example.net,2025-09-10
3639,Dennis Smith,rebeccasoto@example.net,2025-05-26
3640,Duane Ferguson,christinachristian@example.net,2025-07-15
3641,Sherry Garcia,ryanmartin@example.org,2025-09-11
3642,Adam Smith,jennifer15@example.com,2025-02-25
3643,Eric Foster,kimberly53@example.com,2025-05-31
3644,Kyle Romero,cookeruth@example.org,2025-02-18
3645,Kenneth Schultz Jr.,desireewilliams@example.org,2025-12-30
3646,Joshua Preston,iford@example.org,2025-02-20
3647,William Douglas,amanda90@example.org,2026-01-08
3648,Kevin Hernandez,qlewis@example.net,2025-07-06
3649,Mr. Keith Armstrong,campbelljennifer@example.com,2025-08-20
3650,Alexander Wilson,rebeccahernandez@example.com,2025-09-09
3651,Jeremy Simon,jolsen@example.com,2025-10-21
3652,Amy Lee,wardkimberly@example.org,2025-11-12
3653,Vincent Ruiz,andreahowe@example.net,2026-01-15
3654,Carl Olson,mannjennifer@example.org,2025-03-27
3655,Chad Jackson,christinaayala@example.org,2025-08-24
3656,Scott Ellis,ibarraryan@example.org,2025-06-21
3657,Jessica Rivera,ftyler@example.com,2025-09-15
3658,Sonya Smith,brett87@example.net,2025-04-28
3659,Jennifer Jefferson,jeanne13@example.org,2026-01-11
3660,Christina Miller,holderjeremy@example.com,2025-02-10
3661,Nancy Nicholson,bsmith@example.net,2025-09-25
3662,Kaitlin Scott,jasonmcgee@example.net,2025-12-02
3663,Kimberly Bernard,xrodriguez@example.org,2026-02-03
3664,John Howard,tiffanyperez@example.com,2025-09-20
3665,Katie Johnson,steven44@example.org,2025-05-12
3666,Cindy Brown,carl20@example.com,2025-09-18
3667,Jennifer Alvarez,michael25@example.org,2025-03-12
3668,Anthony Estes,elizabeth73@example.com,2026-01-02
3669,Anthony Glover,jeremy29@example.net,2025-10-07
3670,Michaela Robinson,melissalloyd@example.com,2025-08-25
3671,Jacob Williams,michaeldevin@example.org,2025-09-23
3672,Keith Madden,michaelwarren@example.com,2025-05-10
3673,Larry Hart,wtucker@example.org,2026-01-27
3674,Elizabeth Doyle,joshua03@example.net,2025-12-18
3675,Ashley Mann,npayne@example.com,2025-04-13
3676,Katherine Gomez,joshua67@example.com,2025-07-21
3677,Edward Webster,szuniga@example.com,2025-09-28
3678,Alejandro Aguilar,lharding@example.net,2025-10-12
3679,Justin Case,thomasedward@example.com,2025-06-03
3680,Joshua Sims,dorseybonnie@example.net,2025-05-30
3681,Michael Munoz,beverlywilliams@example.org,2026-01-18
3682,Randall Zimmerman,hollyjohnson@example.com,2025-07-06
3683,Sandra Blankenship,davisangie@example.org,2025-12-03
3684,Christopher Robinson,cynthiajohnson@example.net,2025-03-23
3685,William Fernandez,jefferybeard@example.net,2025-12-11
3686,William Chandler,richardsonkara@example.net,2025-11-18
3687,Heather Barnett,qandrews@example.net,2026-01-20
3688,John Hodge,christopher31@example.com,2025-02-16
3689,Elizabeth Young,krystalperry@example.com,2025-07-17
3690,Kelly Wilkinson,lisa85@example.com,2025-04-07
3691,Eric Schaefer,lnewman@example.net,2025-10-26
3692,Brenda Clark,deborah48@example.com,2025-10-12
3693,Melissa Rodriguez,paulafrench@example.org,2025-03-21
3694,Joshua Heath,tiffanymiller@example.net,2025-06-09
3695,Tanya Hammond,brandonsullivan@example.org,2025-04-06
3696,Rebecca Hensley,colonmaureen@example.org,2025-04-12
3697,Alejandro Goodman,michaelrodriguez@example.com,2026-01-08
3698,William Donovan,rogersstephanie@example.net,2025-10-11
3699,Daniel Randall,michael22@example.com,2025-11-24
3700,Lisa Smith,richardjones@example.net,2025-12-07
3701,Seth Trevino,ubell@example.org,2025-10-11
3702,Anthony Morgan,vwest@example.org,2025-09-25
3703,Grant Buchanan,wilsondeanna@example.net,2026-02-01
3704,Jason Ibarra,inelson@example.net,2025-04-20
3705,Katrina Johnson,matthew67@example.net,2025-10-26
3706,Nicole James,vbarry@example.com,2025-02-20
3707,Carl Mclaughlin,robertdavis@example.com,2026-01-31
3708,Lauren Becker,douglasweber@example.com,2025-11-13
3709,David Morris,pkelly@example.org,2025-05-06
3710,Joseph Prince,atorres@example.com,2025-08-18
3711,Austin Smith,barronemily@example.com,2025-05-10
3712,Jessica Molina,eric30@example.org,2025-11-20
3713,Steven Morales,phillipstara@example.net,2025-08-15
3714,Brian Neal,teresarodgers@example.net,2025-06-03
3715,Scott Arroyo,johngibson@example.com,2025-12-29
3716,Andrew Berg,vpatterson@example.org,2025-11-12
3717,Kimberly Hogan,carl85@example.net,2025-09-11
3718,Dillon Gaines,rgonzalez@example.com,2025-04-18
3719,Ms. Joanna Torres,michelegraham@example.net,2025-07-27
3720,Melanie Smith,fieldsharry@example.org,2025-11-12
3721,Christine Clarke,adrianagarcia@example.net,2025-12-22
3722,Valerie Chavez,rkrueger@example.net,2025-02-28
3723,Joseph Valdez,rhondajohnson@example.net,2025-07-30
3724,Thomas Wilkerson,sharpchristopher@example.com,2026-01-26
3725,Francisco Gomez Jr.,bakertracey@example.org,2025-06-06
3726,Erik Patel,katherine90@example.com,2025-02-10
3727,Roy Turner,brookenguyen@example.org,2026-01-23
3728,Denise Aguirre,ryanyoung@example.org,2025-09-07
3729,Kayla Liu,zsullivan@example.org,2025-08-11
3730,Paul Pearson,theresajohnson@example.org,2025-05-30
3731,Blake Beltran,cjohnson@example.net,2025-12-17
3732,Matthew Hernandez,barkerlinda@example.com,2025-11-20
3733,Cynthia Garcia,thomas42@example.net,2025-07-23
3734,Jack Moore,jose11@example.com,2026-01-24
3735,Alexander Rodriguez,gomezsandra@example.org,2025-09-03
3736,Dr. Erin Anderson,lpeters@example.net,2025-10-16
3737,Heather Bush,curtisjuan@example.org,2025-10-18
3738,Tyler Quinn,wallen@example.org,2025-09-24
3739,Ronald Obrien,lanecynthia@example.org,2025-03-12
3740,Michelle Johnson,carmenbradley@example.org,2025-07-15
3741,Jacqueline Lester,bryanamanda@example.org,2025-11-27
3742,Sharon Horton,robertsyvette@example.net,2025-07-06
3743,Sharon Contreras,olivialawson@example.com,2025-06-18
3744,Mark Norris,qsmith@example.org,2025-11-02
3745,Justin Velez,lcrane@example.org,2025-06-11
3746,Courtney Hughes,krista78@example.net,2026-01-23
3747,Heather Levine,angelicacook@example.com,2025-07-17
3748,Yvonne Keith,sheila33@example.net,2025-02-15
3749,David Ramos,icastillo@example.net,2025-12-10
3750,Ian Smith,michaelmercer@example.net,2025-04-23
3751,Heather Baker,baileyalison@example.org,2025-06-03
3752,Ethan Martinez,davisjimmy@example.org,2026-01-13
3753,Mrs. Tabitha Garcia,wattsdavid@example.net,2025-04-28
3754,David Douglas,kellyyoung@example.net,2025-05-28
3755,Kim Wright,brandonrichard@example.com,2025-03-05
3756,Kelli Braun,justin52@example.net,2025-11-24
3757,Amanda Chambers,ryan58@example.net,2026-01-19
3758,Dr. Paul Meyers MD,jacobstanley@example.org,2026-01-29
3759,Melissa Jackson,medinarobert@example.com,2025-06-26
3760,Linda Moore,tonya34@example.org,2025-08-30
3761,Nicole Miller,gregory00@example.com,2025-07-21
3762,Jeffrey Gordon,sadams@example.org,2025-05-19
3763,Jose Hudson,christopher16@example.org,2026-01-19
3764,Morgan Roberts,ramirezcrystal@example.net,2026-01-26
3765,Jennifer Knight,qkirby@example.net,2025-06-04
3766,Melissa Lane,andrea87@example.com,2025-12-11
3767,Eric Rodriguez,gonzalesjennifer@example.net,2025-12-21
3768,Richard Farrell,leah92@example.com,2025-06-21
3769,Chris Cohen,angela02@example.com,2026-02-04
3770,Melinda Mcgee,wrighteric@example.net,2025-03-29
3771,Jacob Kennedy,travisjones@example.com,2025-10-12
3772,Steven Hall,sanchezmary@example.com,2025-02-19
3773,Julie Harris,david92@example.com,2025-06-25
3774,Christopher Goodman,kimberly86@example.net,2025-10-06
3775,Bryan Wilson,berrystephen@example.org,2025-11-05
3776,Nicole Simmons,gomezmary@example.org,2025-04-17
3777,Christopher Moore,zhodges@example.net,2025-11-02
3778,Anthony Martinez,davidthomas@example.net,2025-08-16
3779,Raymond Berry,ngarza@example.org,2025-11-22
3780,Anthony Steele,andrewsbrooke@example.net,2025-07-16
3781,Maria Rodriguez,eyu@example.org,2025-02-26
3782,Renee Richard,kristen20@example.org,2026-01-26
3783,Paul Harris,kurt86@example.org,2025-06-05
3784,Sarah Blake,huffmaria@example.net,2026-01-05
3785,Brandon Turner,bthomas@example.net,2025-06-14
3786,Nicholas Joseph,christophergonzalez@example.net,2026-01-12
3787,Danielle Sweeney,austin09@example.com,2025-06-25
3788,David Wright,michael24@example.net,2025-03-04
3789,Vicki Riddle,woodsmichael@example.com,2025-06-21
3790,Kristen Leonard,eharrison@example.net,2025-10-03
3791,Laura Sherman,andrewhansen@example.net,2025-12-03
3792,Adrian Greer,brian75@example.org,2026-01-12
3793,Stephanie Jones,fordmadeline@example.com,2025-06-10
3794,Guy Houston,fmccall@example.org,2025-12-21
3795,Frank Washington,kellerjoanna@example.net,2025-12-03
3796,Heather Gregory,ronaldbowman@example.com,2025-04-22
3797,Mariah Jackson,rodriguezpeter@example.com,2025-09-10
3798,Jeffrey Graves,april30@example.com,2025-06-23
3799,Gregory Cunningham,angelica48@example.org,2025-05-13
3800,Benjamin Shaffer,kimberly55@example.net,2025-11-20
3801,Amber Sullivan,joseph02@example.org,2025-03-13
3802,Martha Richard,birdmichael@example.com,2025-05-28
3803,Michael Cardenas,milleranne@example.org,2025-05-12
3804,Stephanie Burton,roseamber@example.org,2026-01-22
3805,Jorge Sanchez,ebrady@example.net,2025-09-22
3806,Cole Ramirez,mooreryan@example.com,2025-07-08
3807,Linda Rodriguez,christopherhayes@example.com,2025-09-22
3808,Melissa Lopez,kristin82@example.org,2025-08-18
3809,Kathleen Meyer,xblack@example.com,2026-01-05
3810,Brandy Sims,janetmason@example.net,2025-04-06
3811,Kayla Page,vdavis@example.net,2025-05-27
3812,Steven Lucas,tammytaylor@example.org,2025-04-30
3813,Justin Henderson,anthony39@example.org,2025-08-03
3814,Kim Estrada,griffithderek@example.net,2025-03-30
3815,Joshua Morton,tylerwest@example.net,2025-03-14
3816,Kim Lopez,stevenlong@example.com,2025-04-22
3817,Elizabeth Richards,trujillonicholas@example.org,2025-02-11
3818,Robert Blake,bennettmelissa@example.com,2025-02-13
3819,Gabrielle Holmes,bridgetcummings@example.com,2025-09-27
3820,Susan Gutierrez,gutierrezdawn@example.net,2025-02-05
3821,Russell Robertson,arthurvelazquez@example.org,2025-05-23
3822,Lisa Charles,bradleybailey@example.net,2025-07-01
3823,Jesse Barton,mark04@example.org,2025-04-12
3824,Christopher Griffin,michael92@example.org,2025-11-13
3825,Stephanie Cunningham,samuel44@example.net,2025-07-12
3826,Jacob Anderson,smithkayla@example.org,2025-09-05
3827,Courtney Allen,hicksryan@example.net,2025-04-09
3828,Robert Skinner,craig08@example.org,2025-04-07
3829,Becky Callahan,aaron69@example.org,2025-08-09
3830,Shannon Mata,nsims@example.net,2025-12-04
3831,Sandra King,adkinsamy@example.net,2025-06-10
3832,Meghan Brady,osmith@example.net,2026-02-02
3833,Bonnie Kelly,lewisdavid@example.net,2025-08-27
3834,Sara Horn,mary13@example.org,2025-12-03
3835,Diana Robinson,duanekhan@example.com,2025-09-10
3836,Juan Rivera,mendozaandrew@example.net,2025-05-08
3837,Sara Villanueva,paula07@example.com,2025-04-01
3838,Catherine Franco,jordanjose@example.org,2025-02-10
3839,Mark Young,robert22@example.com,2025-10-17
3840,Michael Patrick,zsexton@example.net,2025-09-29
3841,Amy Coleman,tgriffin@example.com,2025-03-13
3842,Michael Gardner,tammymorton@example.net,2025-04-08
3843,Andrew Moore,johnshah@example.net,2025-11-01
3844,Zachary Berger,clarkwendy@example.org,2025-07-07
3845,Jason Fuller,ycarr@example.net,2025-05-30
3846,Angela Chung,amy37@example.net,2026-01-20
3847,Jacob Duncan,dennisbrenda@example.org,2025-04-06
3848,Elizabeth Bender,richardroberts@example.org,2025-05-21
3849,Nicole Vang,dennisshannon@example.com,2025-11-18
3850,Neil Donovan,tarabass@example.net,2025-07-27
3851,Tara Benton,donnamclaughlin@example.com,2025-12-22
3852,Mr. Todd Garza,alicia70@example.com,2025-12-05
3853,Mrs. Katherine Holmes,michelle54@example.net,2025-08-02
3854,Jamie Taylor,bookermelissa@example.org,2025-08-09
3855,Brittney Ortega,matthewbaker@example.com,2025-03-01
3856,Mary Reese,andrew81@example.com,2025-09-20
3857,Matthew Fox,patricia26@example.org,2025-09-25
3858,Erika Freeman,onealglenn@example.org,2025-11-12
3859,Caitlin Knight,donna76@example.com,2025-10-14
3860,Rachel Hernandez,angela49@example.net,2025-04-10
3861,Gabrielle Thomas,kramertravis@example.com,2025-12-20
3862,Michael Padilla,nicole34@example.org,2025-05-25
3863,Jennifer Phillips,flee@example.net,2025-10-02
3864,Roberto Carter,nicholasperez@example.net,2025-04-18
3865,Leah Thompson,crawfordkaren@example.net,2025-02-23
3866,John Anderson,nmorales@example.net,2025-06-08
3867,Kenneth Johnson,johndavis@example.net,2025-11-02
3868,Richard Pearson,maureennelson@example.org,2025-04-22
3869,Yolanda Mercado,karensteele@example.net,2025-02-09
3870,Jennifer Brock,lisa28@example.net,2025-06-07
3871,Michael Lopez,emilyberry@example.org,2025-11-13
3872,Kelli Beard,whiteandrew@example.net,2025-11-02
3873,Matthew Soto,susan83@example.net,2025-05-06
3874,Anna Martinez,reneemartin@example.net,2025-02-06
3875,Michael Mcintosh,sylvia26@example.org,2025-04-02
3876,Amanda Daugherty,mnunez@example.com,2026-01-10
3877,Casey Preston,adam52@example.com,2025-04-14
3878,Kevin Farrell,mhernandez@example.com,2025-04-13
3879,Maria Davis,kaitlynshaw@example.com,2025-02-20
3880,Angela Cook,katiefuentes@example.net,2025-06-04
3881,Jose Maldonado,alleneric@example.com,2025-05-22
3882,David Bush,brucedavis@example.net,2025-06-09
3883,Wendy Jenkins,sarahmoody@example.net,2025-05-11
3884,Daniel Sullivan,heatherhall@example.net,2025-08-31
3885,Ashley Harris,myersstephanie@example.net,2026-02-01
3886,Christopher Bradley,kimberlystone@example.net,2025-09-24
3887,Pamela Smith,kennedyjerry@example.com,2025-04-05
3888,Whitney Gibson,meyerelizabeth@example.net,2025-03-30
3889,Hannah Davis,levinematthew@example.com,2025-07-11
3890,Shelly Morris,sjones@example.com,2025-02-06
3891,Kathleen Barker,leebrooks@example.net,2025-08-12
3892,Pamela Davis,vpittman@example.net,2025-10-29
3893,Victoria Kim,goodcarol@example.org,2025-11-19
3894,Philip Lee,sharoncantrell@example.org,2026-01-10
3895,Linda Ramirez,angelagill@example.net,2025-11-08
3896,Allison Ashley,ismith@example.net,2025-12-15
3897,Christopher Garcia,ivasquez@example.org,2026-01-17
3898,Daniel Hicks,kennethbennett@example.com,2025-03-08
3899,Christina Chan,whitakerkelly@example.org,2026-01-11
3900,Tracy Shelton,kevin23@example.net,2026-01-04
3901,Susan Ellis,jasonjones@example.org,2025-02-06
3902,Lindsey Hanson,ostephenson@example.net,2025-03-27
3903,Rebecca Young,marksalinas@example.org,2025-12-10
3904,Sally Morris,paul79@example.net,2025-02-06
3905,Timothy Dyer,kara18@example.org,2025-12-13
3906,Nathan White,marshallkimberly@example.com,2025-04-28
3907,Matthew Clark,stevennichols@example.net,2025-06-04
3908,Stacie Harrison,burnsdavid@example.com,2025-11-09
3909,Kristen Roth,xhendricks@example.com,2025-02-07
3910,Jeffrey Robinson,michaelreyes@example.net,2025-05-07
3911,Antonio Tyler,peterschristopher@example.net,2025-06-03
3912,Devin Wagner,gardneralyssa@example.net,2025-06-24
3913,Marissa Wagner,millerjessica@example.com,2025-07-21
3914,Hannah Torres,craigjohnson@example.net,2025-03-18
3915,Laura Mitchell,thomashall@example.net,2025-07-20
3916,Monica Evans,hollyharmon@example.net,2025-04-13
3917,Melanie Mccarty,samantha82@example.com,2025-11-22
3918,Elizabeth Solomon,robertmartinez@example.com,2025-06-14
3919,Brittany Hunter,oross@example.com,2025-06-16
3920,Jeffrey Brewer,danielle99@example.org,2025-05-12
3921,Chelsea Bennett,robert43@example.org,2025-09-13
3922,Brandon Flowers,dianejones@example.com,2025-08-11
3923,Aaron Garcia,katrinafarley@example.com,2025-12-26
3924,Janice Ware,joshua32@example.org,2025-07-31
3925,Wesley Ward,fostertiffany@example.org,2025-05-29
3926,Robert Robinson,jason61@example.net,2025-08-21
3927,Dustin Collins,ystrong@example.com,2025-09-24
3928,Pamela Ramos,rfigueroa@example.com,2025-10-07
3929,Todd Ware,hollandjoseph@example.net,2025-09-07
3930,Lisa Greene,lauragomez@example.org,2025-03-31
3931,Wanda Brooks,okelly@example.com,2025-08-17
3932,Preston Watson,schandler@example.org,2025-02-09
3933,Amanda Mccormick,gregory50@example.net,2026-01-26
3934,Marvin Mcdowell,jennifer41@example.org,2025-06-29
3935,Diane Morris,james03@example.com,2025-05-15
3936,Tamara Bell,turnersusan@example.org,2025-08-20
3937,Diana Lopez,joshuagutierrez@example.org,2026-01-16
3938,Carl Elliott,jfrazier@example.net,2025-06-15
3939,Paul Beltran,brittany76@example.net,2025-05-14
3940,Courtney Vaughan,marioballard@example.net,2025-03-18
3941,Jennifer Davies,stevensmiranda@example.net,2025-07-19
3942,Daniel Clark,npatrick@example.org,2025-10-03
3943,Brian Marquez,wattsjohn@example.com,2025-07-04
3944,Nancy Moore,sanchezmartha@example.com,2025-04-06
3945,Morgan Anderson,brittany69@example.com,2025-09-01
3946,Dr. Robert Hendricks,benjamingarcia@example.org,2025-12-09
3947,Amanda Lindsey,cthomas@example.org,2025-08-01
3948,Juan Cruz,stacy66@example.org,2025-06-07
3949,Jason Graves,gregory89@example.org,2025-10-22
3950,Carol Mccoy,townsenderin@example.org,2025-10-25
3951,Sydney Harmon,vhull@example.com,2026-01-07
3952,Christina Thomas,allenrobert@example.com,2025-08-01
3953,Troy Johnson,vthompson@example.org,2026-01-28
3954,Joshua Perry,ethanharris@example.net,2025-10-07
3955,Donald Cherry,crystaloliver@example.org,2025-10-04
3956,Crystal Thomas,jessicalivingston@example.org,2025-10-08
3957,Maureen Morgan,reneereed@example.com,2025-10-19
3958,Jennifer Ball,johnny24@example.org,2025-06-09
3959,Tina Bass,wpalmer@example.org,2025-09-20
3960,Ryan Best,lisa29@example.com,2025-03-27
3961,Angel Sheppard,alvarezheather@example.org,2025-09-23
3962,Kristi Williams,smithricky@example.org,2026-02-01
3963,Eric Knox,johnhenry@example.com,2025-08-09
3964,Alex Holland,victorhuang@example.net,2025-10-07
3965,Dennis Gonzalez,barberdebra@example.org,2025-10-10
3966,Andre Hughes,taylorlawson@example.com,2025-08-25
3967,Rebecca Miller,horncarla@example.org,2025-07-27
3968,Pamela Jordan,davidhardy@example.org,2025-09-10
3969,Ashley Powell,vrobinson@example.org,2025-12-20
3970,Sarah Barker,jamesjacob@example.org,2025-05-11
3971,Robert Pugh DDS,humphreycaitlin@example.com,2025-04-27
3972,Paul Evans,mooremark@example.com,2026-02-02
3973,Jorge Fox,phurst@example.com,2025-05-01
3974,Bob Grant,richcheyenne@example.net,2026-01-31
3975,Elizabeth Gonzales,omiller@example.net,2025-12-08
3976,Anthony Parrish,lauramoreno@example.net,2025-09-19
3977,Mr. Joseph Ho DVM,etrevino@example.org,2025-11-15
3978,Phyllis Tapia,deckerrussell@example.net,2025-10-19
3979,Marissa Campbell,smithwhitney@example.net,2025-12-08
3980,Michael Powell,powersjonathan@example.net,2025-06-16
3981,Joseph Hancock,randy07@example.net,2025-06-21
3982,Jordan Smith,ngreen@example.net,2025-03-01
3983,Debra Cooper,trivera@example.com,2025-05-26
3984,Jason Turner,jeremy64@example.net,2025-10-20
3985,Kathy Mitchell,agarcia@example.com,2025-04-24
3986,Bobby Hanson,yangchristopher@example.com,2025-08-10
3987,Brandon Levy,masonrachael@example.org,2025-09-05
3988,Jon Harris,hmurphy@example.net,2025-10-02
3989,Tristan Morgan,woodshannon@example.net,2025-12-11
3990,Alexandra Ramirez,kmoss@example.org,2025-07-03
3991,Cindy Leblanc,jenkinsautumn@example.net,2025-08-15
3992,Kenneth Gaines,ihernandez@example.net,2026-01-27
3993,Steven Owens,carolinehoover@example.org,2025-09-21
3994,Andrew Smith,alexis21@example.net,2025-03-31
3995,Michelle Sanders,paul20@example.com,2026-01-28
3996,Thomas Tucker,robertandrews@example.net,2025-11-27
3997,James Perez,kevin88@example.org,2025-02-06
3998,Jeffrey Smith,taylorsharon@example.com,2025-03-17
3999,Laura Lee,ybutler@example.org,2025-04-13
4000,Christina Reed,brenda02@example.com,2025-04-26
4001,Kevin Harper,abaker@example.com,2025-04-30
4002,Teresa Acosta,johnsonian@example.net,2025-07-13
4003,Richard Lindsey,nathanielkelly@example.net,2025-08-18
4004,Timothy Smith,kyleerickson@example.net,2025-02-16
4005,Jennifer Moore,heatherpratt@example.net,2025-12-01
4006,Willie Peterson,cookvictor@example.org,2025-04-28
4007,Mark Williams,bauerantonio@example.net,2025-09-02
4008,Krystal Morris,taylorrachel@example.net,2025-12-14
4009,Steven Ingram,fowlerjason@example.net,2025-09-24
4010,Tracy Baker,laura59@example.com,2025-03-27
4011,Sarah Lindsey,jamie68@example.net,2025-10-25
4012,Preston Adams,courtneyball@example.org,2025-02-25
4013,Rebecca Wiggins,ebanks@example.net,2025-09-16
4014,Lisa Santos,taylorzachary@example.com,2025-11-08
4015,Lisa Middleton,julierobinson@example.com,2025-11-28
4016,Eric Rhodes,tinashort@example.com,2025-11-08
4017,Heather Villegas,johnathan33@example.org,2026-01-08
4018,Bradley Pittman,pvasquez@example.com,2025-11-05
4019,Elizabeth Roberts,alyssa72@example.net,2025-07-20
4020,Connie Morton,lawrence47@example.net,2026-01-29
4021,Erik Landry,uellison@example.org,2025-10-08
4022,Tim Palmer,patrick39@example.net,2025-03-20
4023,Emily Johnson,gonzalezhayley@example.com,2025-12-22
4024,Sophia Brooks,richardsonbobby@example.com,2025-12-26
4025,Catherine Curtis,tyler41@example.com,2025-09-04
4026,Vincent Hawkins,seanmeadows@example.net,2025-02-06
4027,Haley Gutierrez,williammitchell@example.org,2025-05-04
4028,Michelle Salinas,danny33@example.net,2025-06-19
4029,Dillon Mendez,melissa24@example.net,2025-09-07
4030,Denise Ramos,cberg@example.org,2025-04-30
4031,Jennifer Stewart,ostone@example.org,2025-06-16
4032,Timothy Brown,derekwilliams@example.org,2025-03-26
4033,Colleen Pearson,mccormickwilliam@example.com,2025-08-28
4034,Michaela Baker,candacehawkins@example.com,2025-06-13
4035,Nicholas Thompson,adamzavala@example.org,2025-05-07
4036,Brittney James,ashleychambers@example.net,2025-03-21
4037,Laura Hammond,gary16@example.com,2025-02-18
4038,Jessica Nelson,seanwilliams@example.net,2025-09-04
4039,Rachel Phillips,nicole51@example.net,2025-08-10
4040,Anna Kim,ramosjonathon@example.org,2025-06-03
4041,Joseph Collins,amanda73@example.net,2025-09-08
4042,Jeffrey Carroll,martinezjacob@example.org,2025-05-28
4043,Jacob Logan,margaretwright@example.com,2025-12-18
4044,Kevin Li,georgebarnett@example.com,2025-04-18
4045,Michelle Davis,chadfernandez@example.net,2025-07-28
4046,Judith Williams,martinjoy@example.org,2025-04-28
4047,Timothy White,lhodge@example.org,2026-01-02
4048,Pamela Hamilton,wrightrobert@example.org,2025-05-07
4049,Ashley Davis,nfowler@example.net,2026-02-05
4050,James Barrera Jr.,michaelkelli@example.org,2025-08-03
4051,David King,carsonmelissa@example.org,2025-11-07
4052,Kylie Perry,saramorrison@example.com,2025-02-13
4053,David Mills,berrymichael@example.net,2025-03-20
4054,Vanessa Hansen,jeremy44@example.net,2025-09-03
4055,Dawn Ayala,bryantjoseph@example.org,2025-12-07
4056,Jenna Gonzalez,sandra46@example.org,2025-07-29
4057,Ellen Perez,tabitha58@example.net,2025-03-07
4058,Jessica Singleton,james97@example.com,2025-08-23
4059,Benjamin Rose,williamsjoel@example.org,2025-10-02
4060,Patricia Walker,fisherlauren@example.org,2025-09-13
4061,Samantha White,cwilson@example.com,2025-06-09
4062,Ryan Wells,gmontgomery@example.org,2025-03-13
4063,Thomas Vega,matthewramirez@example.net,2025-11-02
4064,Amanda Hess,drakewayne@example.net,2026-01-23
4065,Mrs. Brittney Ruiz DVM,taylorsherman@example.com,2025-11-24
4066,Deborah Wright,holmespamela@example.org,2026-02-02
4067,Jessica Greene,zacharygraves@example.com,2025-07-22
4068,Kristin Rasmussen,ucooley@example.com,2025-07-08
4069,Nicholas Conrad,mharper@example.net,2025-12-05
4070,Frances Turner,hannah28@example.net,2025-12-13
4071,Christopher Foster,robinsondonna@example.org,2025-02-25
4072,Deanna Parker,natalie93@example.org,2025-02-10
4073,William Munoz,nicole30@example.net,2026-01-03
4074,Caitlin Benitez,jacquelinethomas@example.org,2025-07-25
4075,Carolyn Gonzalez,jennifer24@example.org,2025-03-20
4076,Mrs. Cindy Gomez,michelle22@example.net,2025-12-20
4077,Kevin Knight,paulnorris@example.org,2026-01-17
4078,Aaron Moore,robertstark@example.org,2025-05-07
4079,Sherri Johnson,zdiaz@example.com,2025-12-04
4080,Kevin Espinoza,wesley58@example.net,2025-12-30
4081,Kevin Lopez,karen38@example.org,2025-05-13
4082,Cassandra Martinez,iwilliams@example.net,2025-04-07
4083,Hunter Garza MD,youngwhitney@example.net,2025-06-17
4084,Justin Cochran,deniseyoung@example.org,2026-01-22
4085,James Rogers,iriggs@example.org,2025-07-10
4086,Michael Hunt,jacob66@example.net,2025-10-31
4087,Terry Allen,frederick44@example.net,2025-08-03
4088,Mary Mcfarland,duncandeborah@example.com,2025-07-30
4089,Jordan Morris,morandonna@example.org,2025-09-23
4090,Brandon Singh,lauriesimmons@example.com,2025-08-16
4091,Richard Castro,qlee@example.net,2025-07-15
4092,Mitchell Stephens,davisjeremy@example.org,2025-09-09
4093,William Hull,barbaravasquez@example.com,2025-09-10
4094,Gavin Sanchez,mbryan@example.net,2025-06-04
4095,Mrs. Melissa Jacobson,gwebb@example.net,2025-04-29
4096,Michael Logan,keithrhodes@example.org,2025-03-12
4097,Richard Martin,shannondavid@example.org,2025-10-09
4098,Susan Bradley,fcaldwell@example.org,2025-08-13
4099,Timothy Ball,robertbarnett@example.net,2025-03-18
4100,Michelle Williams,jerryleon@example.com,2025-04-14
4101,David Rojas,murphykevin@example.org,2025-08-12
4102,Rebecca Cain,marcus60@example.net,2025-12-24
4103,Scott Parker,huntkatrina@example.net,2026-02-04
4104,Charles Donaldson,kathryn17@example.com,2025-10-12
4105,Shannon Jones,clarkmichael@example.net,2025-04-09
4106,Robert Dennis,markramirez@example.net,2025-12-19
4107,Christopher Shah,smithkevin@example.com,2025-11-15
4108,Caleb Knight,diane92@example.net,2025-09-20
4109,Greg White,zbradford@example.net,2025-03-29
4110,Zachary Taylor,lori07@example.com,2025-09-10
4111,Kenneth Gamble,stevensonmadison@example.net,2025-07-27
4112,Jackson Torres,adavis@example.com,2025-06-14
4113,Kendra Wilson,jay12@example.org,2025-11-28
4114,Andrew James,ptaylor@example.net,2025-03-21
4115,Theresa Neal,gabriellemcguire@example.net,2025-09-18
4116,Sarah Adams,michelle84@example.net,2025-05-05
4117,Tyler Walker,marklewis@example.org,2026-01-19
4118,Alec Dean,hansensamantha@example.net,2025-10-16
4119,Samantha Brown,chelseaoconnell@example.com,2025-05-17
4120,Cathy Ball,michele44@example.net,2025-04-25
4121,Cheryl Patterson,angela87@example.com,2025-10-24
4122,Neil Moore,amber87@example.com,2025-07-22
4123,Caitlin Carter,ybush@example.net,2025-04-21
4124,Hannah Barton,carolyn11@example.com,2025-07-26
4125,Alan Landry,kimberlysmith@example.org,2026-01-26
4126,Leah Jones,rebecca12@example.net,2025-11-18
4127,Robert Beard,matthewcollins@example.org,2025-03-23
4128,Michael Brown,gregfoster@example.com,2025-10-17
4129,Michael Adams,linda97@example.net,2025-10-09
4130,Kellie Stewart,keith60@example.org,2025-03-14
4131,Cindy Warner,vhenderson@example.net,2026-01-30
4132,Kimberly Wilson,cody40@example.net,2025-08-30
4133,Tara Parrish,hollowayjeremiah@example.com,2025-08-23
4134,Haley Moore,mary40@example.net,2025-12-26
4135,Richard Martin,johnstonchristine@example.org,2025-09-13
4136,Erica Smith,nataliebrock@example.org,2025-10-03
4137,Dale Clark,acarr@example.org,2025-05-26
4138,Mr. Glen Schroeder,rowedavid@example.net,2025-08-09
4139,Michele Watkins,castillochristopher@example.org,2025-09-19
4140,Michael Saunders,mwu@example.org,2025-11-29
4141,Sara Brown,joanne59@example.net,2025-10-27
4142,Megan Bush,jmartinez@example.net,2025-05-23
4143,Christopher Strong,swilliamson@example.org,2025-08-02
4144,Cameron Mayo,alexis11@example.org,2025-12-26
4145,Jonathan Booth,thomassmith@example.org,2025-04-21
4146,David Anderson,estanley@example.org,2025-02-22
4147,Michael Clark,david64@example.com,2025-02-18
4148,Sarah Watts,johnsondorothy@example.org,2025-11-22
4149,Devin Hardin,michaelhawkins@example.org,2025-08-25
4150,Maria Taylor,smithdana@example.net,2026-01-25
4151,Jasmine Perry,xferguson@example.com,2025-07-07
4152,Jasmine Rush,ywhite@example.com,2025-05-16
4153,Daniel Downs,david63@example.com,2026-01-14
4154,Krystal Nichols,myersricardo@example.com,2025-10-12
4155,Katherine Reed DVM,rmercado@example.org,2025-04-16
4156,Linda Ortiz,lsmith@example.com,2025-08-22
4157,Emily Johnson,ipowell@example.net,2026-02-03
4158,Bradley Jackson,robertthomas@example.net,2025-10-22
4159,Johnathan Green,michaeljohnson@example.com,2025-02-25
4160,David Hernandez,pricechristina@example.com,2025-04-17
4161,Laura Fowler,alexanderberg@example.com,2025-04-22
4162,John Taylor,jonathonlewis@example.com,2025-08-14
4163,Mr. Tony Contreras,srobinson@example.org,2025-12-08
4164,Taylor Haas,howardwilliam@example.com,2025-09-01
4165,Richard Farrell,harperbrett@example.org,2025-05-11
4166,Matthew Johnson,ddavis@example.org,2025-03-06
4167,Spencer Cook,shawbrandon@example.org,2025-12-13
4168,Michael White,tmurphy@example.com,2025-05-07
4169,Tanya Owens,debrajohnson@example.net,2025-02-19
4170,Alexis Kelley,mullenrobert@example.com,2025-02-20
4171,Anthony Lyons,cassandra95@example.net,2025-05-06
4172,Samuel Jacobs,loganking@example.net,2025-12-14
4173,Stephanie Smith,robert35@example.net,2025-08-02
4174,Jeffery Johnson,hannah43@example.net,2025-11-10
4175,Alicia Mcdaniel,matthew95@example.net,2025-08-27
4176,Jeremy Robinson,jamessutton@example.org,2026-02-02
4177,Michael Green,colejohn@example.com,2025-04-25
4178,Kayla Bright,hclark@example.org,2025-02-17
4179,Kathryn Velez,djohnson@example.net,2025-11-04
4180,Robert Ross,syoder@example.com,2026-01-11
4181,Luis Harris,sanderstheresa@example.org,2025-06-27
4182,Jeremy Quinn,jenniferjohnston@example.com,2025-02-17
4183,Jason Gomez,stewartvanessa@example.org,2025-04-04
4184,Christina Craig,evaughan@example.net,2025-10-26
4185,Robert Gallagher,shanehardy@example.org,2025-06-08
4186,Nathan Bennett,william89@example.com,2025-02-24
4187,Joseph Bell,vmontoya@example.com,2026-01-18
4188,Kerri Lewis,irwinpatricia@example.org,2025-06-28
4189,Diane Taylor,qlawson@example.org,2025-09-07
4190,Richard Hernandez,larsenjasmine@example.org,2025-05-31
4191,Howard Miller,john84@example.net,2025-03-21
4192,Donald Horn,rebekah14@example.org,2025-10-30
4193,Joshua Patel,ashley20@example.org,2025-04-01
4194,Scott Zhang,richholly@example.org,2025-11-15
4195,Anthony Lopez,janderson@example.com,2025-07-20
4196,Adrian Brown,sheila32@example.com,2025-10-31
4197,Andrew Myers,davislinda@example.net,2025-04-04
4198,Ethan York,itorres@example.net,2025-04-10
4199,Stanley Roth,cynthia62@example.com,2026-01-05
4200,Michaela Neal,jmartin@example.net,2026-01-11
4201,Adrian Williams,yallen@example.org,2025-03-23
4202,Corey Stewart,ashley22@example.net,2025-10-17
4203,Joshua Smith,ypatel@example.org,2025-08-05
4204,Michael Ortiz,marissa86@example.net,2025-11-01
4205,Maria Galvan,andreafarley@example.com,2025-06-04
4206,Lee Mcdonald,pperry@example.com,2025-11-26
4207,Stephanie Andrews,lawrencedavid@example.net,2026-02-01
4208,Lauren Baldwin,adampowell@example.com,2025-10-24
4209,Christine Smith,davidchurch@example.org,2025-05-05
4210,Taylor Coleman,woodsdavid@example.org,2025-05-22
4211,Lindsay Cooke,murillobrenda@example.com,2025-08-29
4212,Tracey Kelly,mendozajames@example.com,2025-07-04
4213,Barbara Martin,eellis@example.com,2025-02-17
4214,Richard Sanchez,nicole78@example.net,2025-02-13
4215,Wendy Campbell,stevenskatherine@example.net,2025-09-18
4216,Daniel Butler,matthew76@example.org,2025-06-11
4217,Ryan Ayers,rpowell@example.org,2025-10-24
4218,Alyssa Lawrence,emily24@example.com,2025-06-06
4219,James Lee,sarah75@example.net,2026-01-01
4220,David Roberts,dmartinez@example.org,2025-09-07
4221,Michael Peters,zpennington@example.net,2025-03-18
4222,Mary Black,llarsen@example.org,2026-01-02
4223,Brenda Garcia,kimdenise@example.org,2025-10-07
4224,Timothy Henry,autumnhumphrey@example.com,2026-01-10
4225,Lisa Williams,bakergregory@example.org,2025-09-17
4226,Corey Bailey,mrichardson@example.com,2025-10-08
4227,Tyler Holden,cookmaureen@example.com,2025-03-07
4228,Stephanie Valenzuela,jamesbrown@example.net,2025-07-11
4229,Peter Davidson,michaelguzman@example.org,2026-01-12
4230,Robert Herrera,lhoward@example.net,2025-03-16
4231,Rachel Flynn,rquinn@example.org,2025-08-10
4232,Angela Lewis,jimenezarthur@example.com,2025-12-04
4233,Jennifer Holder,kfreeman@example.net,2025-04-27
4234,Melissa Shah,sschmidt@example.net,2025-07-10
4235,Andrew Terry,whitney88@example.net,2025-07-20
4236,Nicholas Zimmerman,tjones@example.org,2025-12-03
4237,Phillip Serrano,toddmcneil@example.net,2026-01-16
4238,Chad Davis,syu@example.org,2025-02-17
4239,Dustin Holmes,bradleylisa@example.net,2025-04-22
4240,Kimberly Lee,eric88@example.net,2026-01-09
4241,Stephen Shaw,cruzjay@example.net,2025-02-21
4242,Laura Smith,williamsstephanie@example.com,2025-09-08
4243,Laura Munoz,aaronjimenez@example.com,2025-08-01
4244,Mark Tyler,joycedavis@example.com,2025-11-11
4245,Gregory Brown,peggydavis@example.org,2025-03-30
4246,Dawn George,danapena@example.org,2025-03-31
4247,Vanessa Silva,harrissara@example.com,2026-01-17
4248,Christina White,elliottjamie@example.org,2025-12-02
4249,Christopher Morgan Jr.,jonathanwalters@example.org,2025-11-24
4250,Christina Carroll,fullerlindsay@example.com,2025-11-03
4251,Harry Smith,wilsonrussell@example.com,2025-02-12
4252,Kyle Nolan,dellis@example.net,2026-01-19
4253,Christopher Dickson,dakota10@example.net,2025-03-12
4254,Jamie Serrano,danny81@example.net,2025-08-12
4255,Sean Brown,williamsrobert@example.com,2025-06-25
4256,Elizabeth Newman,staceyjones@example.net,2025-07-20
4257,Stephanie Johnson,philliplawrence@example.org,2025-08-20
4258,Misty Mcdonald,becky04@example.net,2025-09-24
4259,Alicia Ashley,jeffreybrown@example.com,2025-04-12
4260,Tara Nielsen,zstein@example.org,2025-08-16
4261,Kevin Joseph,moorejulia@example.net,2025-06-16
4262,Jeffrey Rogers,oliviabrown@example.org,2025-07-16
4263,Marilyn Lowery,egraves@example.net,2025-08-12
4264,Jeremy Valdez,graydean@example.org,2025-06-14
4265,Zachary Becker,justincalderon@example.net,2025-08-02
4266,Brian Fox,julieayers@example.org,2025-03-03
4267,Nathan Bell,odean@example.com,2025-12-23
4268,Danny Pierce,tracy80@example.com,2026-02-03
4269,Stephen Smith,robinsonvictoria@example.com,2025-06-11
4270,Carrie Henderson,randywilliams@example.net,2025-06-09
4271,Jose Ortiz,yhartman@example.net,2025-09-27
4272,Michael Hoffman,caitlin24@example.org,2025-08-18
4273,Ronald Peters,belljustin@example.net,2025-10-28
4274,Isaac Montes,adecker@example.com,2025-12-31
4275,Andrea Joseph,ywatkins@example.com,2025-02-16
4276,Amber Wells,craig71@example.org,2025-04-11
4277,Maria Morgan,ewilkins@example.org,2025-07-27
4278,Christina Garcia MD,tthompson@example.org,2025-03-10
4279,Jesse Perez,xbrown@example.net,2025-05-13
4280,Gregory Washington,dustin56@example.net,2025-08-22
4281,Jon Rosario,hannahmartinez@example.org,2026-01-14
4282,Wendy Maxwell,james00@example.net,2026-01-10
4283,Mitchell Murray,patricia54@example.com,2026-01-30
4284,Diane Pham,matthew94@example.com,2025-10-02
4285,Melanie Hughes,cabrerasusan@example.net,2025-05-20
4286,Diane Smith,robinflowers@example.net,2025-12-31
4287,Jeff Kelly,spencerherrera@example.net,2025-08-05
4288,Derrick Collins,wprice@example.org,2025-11-08
4289,Patrick Frederick,rosariothomas@example.org,2025-06-24
4290,Penny Palmer,nashjamie@example.net,2025-03-30
4291,Jaime Livingston,joseph33@example.com,2025-09-11
4292,Rachel Little,mackadrian@example.org,2025-10-14
4293,Shannon Smith,nancy22@example.org,2026-01-13
4294,Kelsey Whitehead,kennethstevens@example.org,2025-02-15
4295,Robert Nelson,qfernandez@example.com,2025-08-30
4296,Travis Bowers,damon53@example.net,2025-10-17
4297,Kayla Bradley,hullashlee@example.org,2025-08-18
4298,Nicholas Perez,samuel37@example.com,2025-06-24
4299,Gene Evans,bryanwilliams@example.net,2025-02-21
4300,Laura Mcdonald,yrichardson@example.org,2026-01-28
4301,Jennifer Allen,xlewis@example.net,2025-12-20
4302,Laura Williams,vmartin@example.com,2025-12-01
4303,Richard Hill,cfitzgerald@example.net,2025-07-29
4304,Cathy Olsen,walterrichard@example.org,2025-02-12
4305,Luis Brown,tristan43@example.net,2025-08-25
4306,Christine Miller,fostertina@example.net,2026-02-05
4307,Jeremy Macdonald,hroy@example.net,2025-03-14
4308,Brenda Escobar,macdonaldjennifer@example.net,2025-08-23
4309,Taylor Waller,connorgoodman@example.net,2025-03-01
4310,James Johnson,ramseytodd@example.org,2025-04-28
4311,Sean Waters,kevinschmidt@example.com,2025-08-09
4312,Lori Sparks,churchlarry@example.net,2025-06-02
4313,Jermaine Montgomery,jon86@example.com,2025-07-12
4314,James Rios,william88@example.org,2025-04-05
4315,Susan Fuller MD,lisabarrett@example.net,2025-10-27
4316,Frank Whitney,cesar72@example.net,2025-08-25
4317,Katherine Perez,allentimothy@example.org,2025-04-30
4318,Sharon Newman,jrodriguez@example.net,2026-01-05
4319,Albert Mendez,mendozajohnny@example.org,2025-02-16
4320,Evelyn Garza,seanwilson@example.org,2025-07-28
4321,Geoffrey Nelson,katieross@example.net,2025-12-07
4322,Madison King,rachael27@example.org,2025-08-03
4323,Diana Clark,leemichael@example.org,2025-12-03
4324,James Hogan,lindaolson@example.org,2025-11-27
4325,Jeffrey Odonnell,aferguson@example.org,2025-07-24
4326,Dylan Sullivan,edward35@example.net,2025-12-16
4327,Andrew Nguyen,williamsanchez@example.com,2025-03-24
4328,Paul Fischer,ndiaz@example.org,2025-06-06
4329,Emily Kirby,amy88@example.org,2025-07-03
4330,Jeremy Spence,smithshawn@example.org,2025-10-25
4331,Meagan Snow,jwall@example.org,2025-09-28
4332,James Liu,sbradley@example.org,2025-11-30
4333,Nicole Lewis,heather95@example.net,2025-04-02
4334,Kristin Garner DVM,cisnerosandrew@example.net,2026-01-12
4335,David Castro,usmith@example.net,2025-04-01
4336,Matthew Payne,edonovan@example.org,2025-07-10
4337,Katherine Doyle,cwilkerson@example.org,2025-12-08
4338,Kevin Stewart,stacypetersen@example.org,2025-11-15
4339,Oscar Keith,scottbenjamin@example.net,2025-07-25
4340,Daniel Payne,tonya53@example.org,2025-07-02
4341,David Frederick,aaron88@example.org,2025-05-18
4342,Glenda Foster,lauraaustin@example.com,2025-07-11
4343,Courtney Brown,joseph91@example.org,2025-05-06
4344,Ebony Garcia,fhill@example.org,2025-04-26
4345,Christopher Chase,zacharywatson@example.org,2025-05-20
4346,Evan Patterson,alexandermoore@example.com,2025-11-22
4347,Jonathan Rodgers,baileycheryl@example.net,2025-10-05
4348,Tina Carter MD,zscott@example.org,2025-12-24
4349,Donna Taylor,walter80@example.org,2025-09-22
4350,Susan Miller,jessica00@example.com,2025-07-04
4351,Michael Torres,eholt@example.com,2025-10-10
4352,Suzanne Parker,rowekimberly@example.com,2025-09-16
4353,Joseph Robinson,donald30@example.org,2026-01-30
4354,Janet Castaneda,snyderjoshua@example.net,2025-07-29
4355,Christine Rodriguez,michele18@example.com,2025-10-20
4356,Adam Vargas,janetmoore@example.org,2025-02-26
4357,Mary Moore,navarromisty@example.net,2025-08-05
4358,Heidi Wagner,seanescobar@example.com,2025-12-16
4359,Kevin Miller,christopher98@example.com,2025-06-20
4360,Jeffery Day,edwardssean@example.net,2025-11-04
4361,Shawn Hardin,phamkristen@example.org,2025-06-24
4362,Katherine Haynes,michael61@example.org,2025-06-25
4363,Aaron Willis,carrie10@example.net,2025-09-14
4364,Bethany Zimmerman,grantelizabeth@example.org,2025-06-11
4365,Kristen Reeves,adkinsjerry@example.com,2025-08-04
4366,Michelle Reed,roseangie@example.org,2025-12-14
4367,Jacob Haas,stevensonlinda@example.net,2025-03-16
4368,Dawn Harris,lpowers@example.com,2025-08-26
4369,Duane Lara,scott51@example.org,2025-02-18
4370,Kyle Holland,krystal41@example.com,2025-09-19
4371,Patrick Bright,hchambers@example.org,2025-07-28
4372,Aaron Fitzgerald,wyattmartin@example.org,2025-02-26
4373,Michelle Best,cathy95@example.net,2025-07-29
4374,Robert Cole,ljacobs@example.net,2025-08-03
4375,Francisco Jones,jamesvasquez@example.net,2025-09-18
4376,Donald Carey,annette22@example.net,2025-10-06
4377,Jessica Torres,nicole70@example.org,2025-12-20
4378,Betty Avery,larry89@example.net,2025-04-13
4379,Julie Roman,xmyers@example.com,2025-09-30
4380,Ashley Velez,nicoleryan@example.org,2025-05-14
4381,Mary Bean MD,skaiser@example.org,2025-04-10
4382,Joseph Goodman,tina46@example.org,2025-12-02
4383,Anthony Pugh,christophervincent@example.org,2025-07-20
4384,Barbara Jimenez,chandlerkelsey@example.com,2025-11-20
4385,Allison Long,lesliesummers@example.net,2025-04-30
4386,Deborah Lee,smorris@example.net,2025-05-24
4387,William Jones,benjaminrobertson@example.org,2025-04-26
4388,James Riddle,seanhill@example.net,2025-09-29
4389,Brenda Rodriguez,floresandrew@example.net,2026-01-25
4390,Maria Murphy,paulsmith@example.com,2025-09-04
4391,Megan Jackson,beckeramber@example.com,2025-11-04
4392,Emily Pearson,kimberlynovak@example.com,2025-10-15
4393,Melissa Schmidt,josephgreen@example.com,2025-06-02
4394,Cynthia Washington,oshannon@example.com,2025-07-02
4395,Christopher Webb,fergusondavid@example.org,2026-01-01
4396,Joseph Smith,iholmes@example.org,2025-08-13
4397,Melissa Mills,othomas@example.org,2025-10-08
4398,Christopher Mitchell,yvance@example.com,2025-07-26
4399,Anne Weaver,bcampos@example.com,2026-01-04
4400,Kayla Rios,solomondavid@example.org,2025-04-09
4401,Cathy Zuniga,davidgarcia@example.org,2025-07-30
4402,Margaret Wolf,eric05@example.net,2025-03-01
4403,Selena Allen,julie55@example.com,2025-10-30
4404,Sheri Watson,gonzalezjimmy@example.com,2025-12-03
4405,Christopher Petersen,sonyamurphy@example.org,2025-07-18
4406,David Spears,michaellawrence@example.net,2025-02-10
4407,Amy Campbell,glenda71@example.org,2026-01-06
4408,Leah Wright,kimjulie@example.net,2025-06-14
4409,Michele Carey,lisa57@example.org,2025-07-28
4410,Brianna Reed,jeffburgess@example.com,2025-02-20
4411,Marc Pearson,trandaniel@example.com,2025-09-14
4412,Mrs. Tammy Sweeney,jose60@example.net,2026-01-11
4413,Tasha Ballard,garrett23@example.com,2025-02-18
4414,Paul Kent,elizabeth74@example.org,2025-03-16
4415,Steven Werner,smeyer@example.net,2025-02-22
4416,Zachary Campbell,cobbrachel@example.com,2026-01-07
4417,Jason Smith,leahfranklin@example.com,2025-04-18
4418,Carlos Ortiz,gbradford@example.net,2025-08-25
4419,Keith Maldonado,perkinsjessica@example.net,2025-09-18
4420,Corey Anderson,sarahchristian@example.net,2025-04-17
4421,Stacy Pennington,nicolesmith@example.net,2026-01-04
4422,Mrs. Lisa Wood,cmartin@example.org,2025-06-08
4423,Brian Martin,yhill@example.net,2025-08-12
4424,Jessica Dickerson,lisabutler@example.net,2025-03-17
4425,Gregory Chen,jennifer58@example.net,2025-10-14
4426,Andrew Maddox,cramos@example.org,2025-06-08
4427,Wendy Lopez,jillmoore@example.org,2025-10-02
4428,Jesse Bell,reyeslaura@example.net,2025-05-08
4429,Robert Woods,richardsonraymond@example.com,2025-07-31
4430,Tracy Thompson,julie36@example.net,2025-03-01
4431,Michael Wu,timothy10@example.com,2025-06-09
4432,Charles May,anthonymitchell@example.net,2025-09-05
4433,Scott Horton,maria95@example.net,2025-03-27
4434,James Woodard,rodneyreyes@example.net,2025-11-14
4435,Jonathan Bowman,michaelfrancis@example.org,2025-09-30
4436,Mariah Wheeler,williamford@example.com,2025-07-21
4437,Gregory Jimenez,john60@example.net,2025-12-12
4438,Haley Watts,cruzcrystal@example.org,2025-05-31
4439,Tammy Ward,pcervantes@example.org,2025-07-29
4440,Manuel Hayes,fvance@example.com,2025-08-28
4441,Diana Moses,melissa16@example.org,2025-09-20
4442,Ebony Harris,lmarshall@example.net,2025-10-26
4443,Michael Reed,ktrujillo@example.net,2025-10-11
4444,Eugene Miller,sarahjohnson@example.net,2025-06-27
4445,Sara Bates,samantha81@example.net,2025-09-23
4446,Kerri Branch,hannah20@example.org,2025-03-05
4447,Kimberly Parsons,hallkatherine@example.com,2025-08-10
4448,Lynn Woodward,jeremygonzalez@example.com,2026-01-26
4449,Rebecca Cox,kathleen90@example.com,2025-02-15
4450,Daniel Jensen,stephenlamb@example.com,2025-06-22
4451,Mrs. Rachael Wheeler,williamsbrett@example.org,2025-08-11
4452,Martin Wilson,cjames@example.com,2025-06-28
4453,Francisco Martinez,stephaniewilliams@example.com,2026-01-31
4454,Kayla Wang,vernon32@example.net,2025-05-21
4455,Marie Reynolds,ljohnson@example.org,2025-07-21
4456,Shelley Washington,qwheeler@example.com,2025-03-30
4457,Lucas Williams,ashleyriggs@example.net,2025-10-08
4458,Patrick Reyes,cjones@example.net,2025-12-10
4459,Mrs. Martha Gomez MD,wallacejames@example.net,2025-07-30
4460,David Combs,tsilva@example.com,2025-12-17
4461,Ryan Jimenez,garyperez@example.com,2025-03-01
4462,Patricia Campos,joshuapage@example.org,2025-10-08
4463,Virginia Flowers,hreid@example.com,2025-12-16
4464,William Douglas,sheila41@example.net,2025-09-09
4465,Tammy Jarvis,johnsonkimberly@example.org,2025-05-31
4466,Katrina Ball PhD,christopherwoods@example.org,2025-04-08
4467,Christopher Lewis,dickersonkathy@example.org,2026-02-02
4468,Sharon Stewart,ghayes@example.org,2025-04-25
4469,Natalie Campbell,fletcheramber@example.net,2026-01-20
4470,Monica Goodwin,harrellvanessa@example.org,2025-03-28
4471,Seth Camacho,sotokathryn@example.org,2025-04-04
4472,Nicole Avila,lambertcrystal@example.org,2026-02-04
4473,Adam Mullins,robert37@example.net,2025-08-04
4474,Carol Moses,monique83@example.net,2025-03-25
4475,Charles Young,johnsontaylor@example.org,2025-09-25
4476,Susan Bird,jenkinsangela@example.net,2025-09-22
4477,Deborah Shepherd,nlong@example.com,2025-08-30
4478,Alex Garcia,tsandoval@example.org,2025-02-12
4479,Fred Coleman,justinstewart@example.net,2025-03-31
4480,Amy Tate,nixonkenneth@example.org,2026-01-03
4481,Matthew Williams,contrerasbreanna@example.org,2025-10-31
4482,Michelle Lara,jacksontimothy@example.org,2025-10-31
4483,Mr. Christopher Harvey,denise61@example.net,2025-04-01
4484,Jordan Boyer,matthewandrews@example.net,2025-04-22
4485,Craig Hahn,jennifer84@example.org,2026-01-12
4486,Lisa Smith,halebrandy@example.net,2025-07-09
4487,Shawn Austin,jimmyware@example.org,2025-02-11
4488,Randall Glass,daniellenguyen@example.net,2025-06-04
4489,Joshua Campbell,browndavid@example.com,2025-08-07
4490,Christian Walker,mphillips@example.org,2025-12-22
4491,Rebecca Stafford,waltondonald@example.com,2025-08-12
4492,Christopher Gonzalez,fboyle@example.net,2025-06-27
4493,Sara Mayer,cunninghamsusan@example.org,2025-08-13
4494,Angela Banks,abutler@example.com,2025-06-11
4495,Elizabeth Ashley,campbellamy@example.com,2025-10-06
4496,Scott Russell,sfox@example.org,2026-01-14
4497,Angela Price DVM,brucejones@example.com,2025-03-18
4498,Cody Dunn,ashleygardner@example.net,2025-12-31
4499,Darrell Kirby,xreed@example.com,2025-06-23
4500,Jeffrey Rowland,williamsbarbara@example.com,2025-05-05
4501,Jocelyn Moore,breanna69@example.net,2025-10-02
4502,Jill Cline,qoneal@example.net,2025-07-14
4503,Caleb Collins,christianwilliams@example.org,2025-09-23
4504,Gregory Cook II,zhenry@example.com,2025-07-19
4505,Jessica Dunn,benjamin08@example.net,2025-09-18
4506,Rebecca Mejia,xmartinez@example.net,2025-03-25
4507,Marc Lee,ryanedwards@example.net,2025-07-30
4508,Jamie Gill PhD,nicholasarnold@example.com,2025-12-03
4509,Eric Campbell,andrew06@example.org,2025-11-07
4510,Eric Ayers,travis24@example.com,2025-11-05
4511,Jonathan Leblanc,kcasey@example.com,2025-09-11
4512,Jason Williams,bianca57@example.net,2026-02-03
4513,Ronald Roberts,butlerwhitney@example.org,2025-04-02
4514,Charles Thompson,barronrhonda@example.org,2025-11-13
4515,Christopher Estes,sherijames@example.org,2025-09-20
4516,Linda Bowers,tanthony@example.net,2025-05-15
4517,Sean Oconnor,carla60@example.org,2025-02-22
4518,Alec Davis,tedwards@example.org,2025-07-25
4519,Kristi Soto,stephaniesmith@example.com,2025-05-13
4520,Rachael Barrett,mramirez@example.org,2025-11-30
4521,Franklin Griffin,halethomas@example.com,2025-05-02
4522,Christopher Pace,davidwang@example.net,2025-02-24
4523,Brian Reed,april31@example.org,2025-06-24
4524,Janice Murray,alexandra23@example.com,2025-12-29
4525,Susan Miller,smithlisa@example.com,2025-11-12
4526,Becky Valenzuela,laceymorgan@example.org,2025-05-14
4527,Kaitlyn Hull,linda13@example.com,2026-01-20
4528,Deanna Bartlett,kerrtamara@example.com,2026-01-15
4529,Dennis Bryant,rogerscaitlin@example.org,2025-03-27
4530,Erin Lynch,linda08@example.net,2025-05-21
4531,Barry White,matthew27@example.net,2026-01-13
4532,Ronnie Taylor,kelly12@example.com,2025-04-23
4533,Alison Moore,stephanie91@example.com,2025-10-13
4534,Melissa Yang,ftaylor@example.net,2025-10-01
4535,Joseph Nelson,michaelflores@example.net,2025-06-01
4536,Megan Swanson,misty50@example.com,2025-10-05
4537,Patricia Blanchard,lauracobb@example.org,2025-03-22
4538,Lauren Cunningham,amandastevens@example.com,2025-10-11
4539,Gina Clark,dwagner@example.org,2025-11-30
4540,Brooke Mcclure,david71@example.net,2025-06-06
4541,Tiffany Smith,xwheeler@example.com,2025-10-21
4542,Timothy Cox,christopherjohnson@example.net,2025-12-06
4543,Charlotte Huff,jenniferfrederick@example.org,2025-08-10
4544,Cole Wilson,gmorrison@example.org,2025-06-02
4545,Joseph Jacobs,lynchelizabeth@example.org,2025-11-16
4546,Amanda Thompson,shannon74@example.com,2025-06-08
4547,Janice Robinson,eddieramirez@example.net,2025-03-22
4548,Evelyn Martinez,emilyadams@example.net,2025-08-18
4549,Thomas Richards,ntran@example.org,2025-07-10
4550,Stacie Morris,dpeters@example.net,2025-06-26
4551,Joshua Bell,rhunter@example.org,2025-09-25
4552,Harold Espinoza,mwyatt@example.org,2026-01-25
4553,Kara Mcbride,morrowheidi@example.com,2026-01-09
4554,Nicholas Johnson,ewalton@example.org,2025-12-16
4555,Michelle Jenkins,dennistucker@example.net,2025-04-27
4556,Travis Page,amy29@example.com,2025-07-13
4557,Rebecca Hall,gharrington@example.net,2025-06-19
4558,Patricia Johnson,garciajohn@example.com,2025-10-31
4559,Rebecca Quinn,vduncan@example.net,2025-03-15
4560,James Peters,morrisonchelsea@example.com,2025-09-04
4561,Ryan Schmitt,alyssa01@example.com,2026-01-16
4562,Heidi Pena,cindy54@example.org,2025-11-20
4563,Michael Key,youngdavid@example.net,2025-07-04
4564,Michelle Lindsey,mcabrera@example.net,2025-09-03
4565,Hailey Martinez,sara22@example.com,2025-06-17
4566,Dr. Aimee Bennett,john76@example.org,2025-11-13
4567,Wesley Conley,eileenhenderson@example.com,2025-02-27
4568,Gwendolyn Smith,ssmith@example.net,2025-05-01
4569,Shelly Powers,carolbrown@example.com,2025-04-14
4570,Christopher Jackson,meltonerica@example.net,2025-07-16
4571,Jonathan Mcbride,scott01@example.net,2025-05-29
4572,Kyle Walker,wjohnson@example.net,2026-01-01
4573,Denise Spencer,stephenmacdonald@example.net,2026-01-02
4574,Debbie Stone,bakerchristian@example.org,2025-07-20
4575,Mary Ryan,bailey26@example.com,2025-12-26
4576,Mark Castillo,allenoneill@example.net,2025-03-01
4577,Nathaniel Ortiz,lindsey69@example.net,2025-06-26
4578,Matthew Sanchez,burnssarah@example.com,2025-10-21
4579,Michelle Waters,ymitchell@example.net,2025-02-22
4580,Michael Roach,gwright@example.net,2025-11-27
4581,Alexandra Simpson,crystal32@example.net,2025-11-24
4582,Kelly Garcia,lori24@example.org,2025-09-14
4583,Mrs. Ruth Shaffer MD,vsalas@example.net,2025-08-16
4584,Mariah Armstrong,jennifer03@example.com,2025-08-10
4585,Angela Johnson,connor40@example.org,2025-10-27
4586,Brittany Washington,fjoseph@example.com,2026-01-14
4587,Michael Gray,lisa13@example.net,2025-12-18
4588,Joshua Snyder,kristenfranco@example.net,2025-04-22
4589,Monica Frazier MD,owenskyle@example.com,2025-03-25
4590,Tonya Day,nwood@example.net,2025-02-16
4591,Dr. Christine Cameron,barronjeremiah@example.net,2025-09-29
4592,Angela Johnson,tiffanyrosario@example.net,2025-03-19
4593,Jessica Henry,jberry@example.org,2025-05-08
4594,Hannah Harrison,julie54@example.net,2025-02-09
4595,Nicholas Hall,sotowilliam@example.org,2025-03-03
4596,Laura Hayes,heidilopez@example.com,2025-02-16
4597,Lindsey Frazier,daniel60@example.org,2025-05-27
4598,Brenda Williams,mark43@example.org,2025-09-28
4599,Laurie Fernandez,qwoods@example.net,2025-10-29
4600,Lisa Clark,ecurry@example.com,2025-05-04
4601,John Meadows,amanda33@example.org,2025-02-15
4602,Vanessa Williams,codyclark@example.com,2025-04-12
4603,Tamara Stevenson DDS,ambersmith@example.com,2026-01-11
4604,Gary Brown,brandi91@example.net,2025-12-24
4605,Amy Smith,lindseykristina@example.com,2025-12-08
4606,Tracy Bentley,rnguyen@example.org,2025-04-16
4607,Denise Rivas,lawrencetony@example.org,2025-02-25
4608,James Bass,andersonrichard@example.org,2025-04-01
4609,Scott Collins,andrewscynthia@example.net,2025-03-19
4610,Jesse Martinez,martineztara@example.org,2026-01-01
4611,Blake Dudley,sthomas@example.org,2025-11-30
4612,Janet Graham,nancykramer@example.org,2025-06-12
4613,Cynthia Martinez,noahrice@example.org,2025-02-07
4614,Lori Hodges,elizabeth74@example.com,2025-12-18
4615,Justin Mcguire,urichard@example.net,2025-03-22
4616,Danielle Ramsey,kellilane@example.com,2026-01-13
4617,Heather Livingston,robertgarcia@example.org,2025-03-30
4618,Robert Mitchell,amy84@example.com,2025-06-30
4619,Sarah Clay,meyercharlotte@example.com,2025-08-18
4620,Richard Moore,manningnancy@example.com,2025-08-02
4621,Nicholas Watson,pamelamalone@example.com,2025-02-07
4622,Dylan Thompson,choward@example.org,2025-04-14
4623,Vanessa Byrd,christinamartin@example.net,2025-03-03
4624,Michael Porter,gail46@example.net,2025-08-05
4625,Angela Morris MD,ryan56@example.net,2025-10-18
4626,Jessica Patterson,holmesrachel@example.net,2025-12-15
4627,Victoria Byrd,juliangomez@example.com,2025-05-13
4628,Heather Byrd,charles45@example.net,2025-10-09
4629,Gregory Smith MD,fischerdominique@example.com,2025-04-08
4630,Angela Vazquez,ehammond@example.org,2026-01-12
4631,Frank Jackson,riveraheather@example.net,2025-03-25
4632,Michael Anderson,greensharon@example.net,2025-09-28
4633,Nancy Michael,jessica91@example.com,2025-07-14
4634,Edward Marquez,pricekelly@example.org,2025-11-06
4635,Alexandra Griffin,tracyruiz@example.com,2026-01-22
4636,Robert Robertson,josephanderson@example.com,2025-07-20
4637,Valerie Dyer,christinemiller@example.com,2025-02-25
4638,Shelly Anderson,roger28@example.com,2025-07-18
4639,Terry Wallace,jlee@example.net,2025-05-30
4640,Daniel Wilson,mrichardson@example.org,2025-11-21
4641,Brian Foster,margaretmurray@example.com,2026-01-26
4642,Chelsea Miles,mmendoza@example.net,2025-03-02
4643,Noah Lynn,daniel16@example.net,2025-06-12
4644,Valerie Chen,mvaughn@example.com,2025-10-20
4645,Suzanne Roberson,hbishop@example.net,2025-11-19
4646,Tara Perez,sandra44@example.net,2025-08-09
4647,Melissa Mason,rrivera@example.org,2025-12-27
4648,Louis Martinez,jennifer08@example.org,2025-04-04
4649,Allen Dixon,ballmichele@example.com,2025-11-09
4650,Savannah Daniel,wperez@example.net,2025-10-13
4651,Jessica Robles,mwang@example.net,2025-11-03
4652,Cynthia Hart,karen77@example.com,2025-12-27
4653,Kevin Kramer,baileyjessica@example.com,2025-10-12
4654,Theresa Davidson,yromero@example.com,2025-11-12
4655,Christopher Young,moralesjessica@example.net,2025-05-03
4656,Kimberly Higgins,penajacob@example.org,2025-08-10
4657,Mrs. Angela Walker MD,max79@example.org,2025-03-17
4658,Ian Kim,elizabethroberts@example.net,2026-01-20
4659,Deborah Richardson,heidi35@example.org,2025-07-04
4660,Amanda Sutton DDS,fdillon@example.org,2026-01-07
4661,Alan Brown,jessicaramsey@example.org,2026-01-06
4662,Susan Forbes,matthew90@example.com,2025-08-03
4663,Dennis Roberts,fgarcia@example.org,2025-06-11
4664,Chase Robbins,unavarro@example.com,2025-08-26
4665,Joseph Vasquez,sabrinamartinez@example.com,2025-10-02
4666,Michele Leblanc,kayla89@example.org,2025-07-01
4667,Brian Jones,jonathan12@example.com,2026-01-06
4668,Victor Evans,barnettrobert@example.net,2026-01-23
4669,Leah Caldwell,xjones@example.com,2025-10-18
4670,Jose Gibson,rclark@example.net,2025-12-18
4671,Jacqueline Jackson,lisa24@example.net,2025-07-17
4672,Gregory Evans,sloannicholas@example.org,2025-04-29
4673,Tina Bridges,patricia75@example.com,2025-11-21
4674,Michael Lopez,mcdowellgary@example.net,2025-04-08
4675,Tamara Miller MD,barrettmarc@example.com,2025-08-20
4676,Kara Bowman,melendezryan@example.org,2025-03-24
4677,Katelyn Camacho,susan05@example.net,2026-01-31
4678,James Francis,virginia34@example.org,2025-03-17
4679,Kathryn Perez,alexandersusan@example.com,2025-11-29
4680,Logan Lambert,goldenrebecca@example.org,2025-07-16
4681,Felicia Morgan,brenda59@example.org,2025-08-14
4682,John Miles,stacyhartman@example.net,2025-12-10
4683,Robin Miller,bethanymiller@example.com,2025-07-22
4684,Ashley Morgan DDS,jerome90@example.com,2025-10-22
4685,Charles Hahn,woodcarla@example.org,2025-10-31
4686,Dawn Rodriguez,frybrendan@example.org,2026-01-24
4687,Kimberly Garcia,woodardmary@example.com,2025-11-03
4688,James Kent,bwillis@example.com,2025-08-22
4689,Andrea Mckinney,riverakim@example.net,2026-01-25
4690,Kenneth Lyons,jasonjenkins@example.com,2026-01-04
4691,Bonnie King,kennethwright@example.net,2025-06-05
4692,Laura Wilson,shawshawn@example.org,2025-04-17
4693,Michael Ramos,ericanderson@example.org,2025-11-08
4694,Gary Kaiser,leslie91@example.net,2025-02-16
4695,Susan Perkins,smithshari@example.net,2025-07-28
4696,Jason Ray,stephaniesmith@example.org,2025-07-07
4697,Catherine Sanchez,keithlucas@example.net,2026-02-02
4698,Julie Cook DVM,lmartinez@example.org,2025-07-18
4699,Arthur Abbott,jeremy94@example.net,2025-05-08
4700,Justin Aguirre,conwaychris@example.org,2025-11-14
4701,Joanne Parker,xobrien@example.net,2025-04-18
4702,Charles Harrell,gardnersherri@example.org,2025-03-20
4703,Amanda Richardson,wrightjennifer@example.org,2025-12-10
4704,Matthew Peterson,garypittman@example.com,2025-10-20
4705,John Mendoza,jordanmary@example.com,2025-03-27
4706,Robin Gutierrez,garciaholly@example.net,2025-10-22
4707,Stephanie Daniels DDS,youngnancy@example.org,2025-02-05
4708,William Rodriguez,rodriguezmike@example.net,2026-01-16
4709,Dean Fritz,durhamnathaniel@example.net,2026-01-05
4710,Rebecca Palmer,marcus17@example.net,2025-04-14
4711,Matthew Smith,sophia51@example.com,2025-10-10
4712,David Cortez,tamara55@example.net,2025-10-12
4713,Kevin Burke,whitejohn@example.com,2025-03-23
4714,Tanner Adams,dawsonmichael@example.net,2025-06-20
4715,Francisco Thompson,arobles@example.com,2025-03-20
4716,Michael Nixon,williamfoster@example.com,2025-11-02
4717,Katie Chen,dbennett@example.org,2025-02-27
4718,Linda Miller,callahantodd@example.net,2025-10-05
4719,Mark Henderson,pvasquez@example.net,2025-02-20
4720,Kerri Aguirre,bfox@example.net,2025-05-21
4721,Christopher Miller,beckermaurice@example.com,2026-02-01
4722,Jamie Stevens,andreanewman@example.net,2025-12-10
4723,Erik Sutton,barrypope@example.com,2025-03-24
4724,James Leblanc,bradley34@example.com,2025-08-11
4725,Brittany Fitzgerald MD,nicholas24@example.com,2025-08-17
4726,Heather Oconnor,tkeith@example.net,2025-12-03
4727,Eric Harris,joshua90@example.net,2026-01-24
4728,Angela Morgan,imelton@example.org,2025-10-16
4729,Andrea Escobar,steven38@example.org,2025-12-18
4730,Nicole Moody,xreed@example.net,2025-03-20
4731,Alison Obrien,danielharper@example.org,2025-07-02
4732,Christina Smith,benjamin21@example.net,2025-02-25
4733,Kristy Ramos,garciabrian@example.org,2025-05-20
4734,Stacy Briggs,ortizmary@example.com,2026-01-10
4735,Cynthia Romero,devonolson@example.net,2025-10-06
4736,Janet Williams,ssilva@example.net,2026-01-10
4737,Michelle Ramos,robertmorris@example.com,2025-02-08
4738,William Johnson,ashleyvaughn@example.net,2025-06-02
4739,Leslie Jackson,james11@example.org,2025-05-14
4740,Mariah Huynh,lindsay17@example.com,2025-04-12
4741,Lauren Carrillo,christopher67@example.org,2025-04-14
4742,Robert Keller,sydney94@example.net,2025-05-05
4743,Gina Kennedy,lewisbrian@example.org,2025-03-30
4744,Michael Dean,patriciajames@example.net,2026-01-17
4745,Lisa Marshall,edward93@example.net,2025-09-17
4746,Stacey Rangel,youngglen@example.com,2025-06-21
4747,Kayla Smith,ajohnston@example.com,2025-04-14
4748,Paul Arnold,chad21@example.org,2025-03-07
4749,Carolyn Martinez,sgay@example.org,2025-05-22
4750,Jacob Orr,james51@example.net,2025-06-20
4751,Heidi Morris,peggyrichardson@example.org,2025-06-17
4752,Thomas Barron,alexander78@example.net,2025-10-23
4753,Eric Harris,rebecca52@example.org,2025-12-01
4754,Susan Ferguson,cynthia84@example.org,2025-11-09
4755,Joel Miller,rbrown@example.org,2025-04-03
4756,Lynn Hawkins,parker50@example.net,2025-08-19
4757,Kimberly Hunter,gdean@example.net,2025-05-03
4758,Cheryl Marshall,jerry13@example.net,2025-08-08
4759,Dawn Haas,kellyjohn@example.com,2025-05-31
4760,Tommy Anderson,christina08@example.com,2025-12-23
4761,Kirk Moore,billy04@example.org,2025-10-12
4762,Jerry Mullins,spencer85@example.com,2025-04-26
4763,Kimberly Jackson,robinwilson@example.com,2025-09-05
4764,Lauren Roman,fwilliams@example.net,2025-04-10
4765,Michael Lara Jr.,torresjoel@example.org,2025-11-05
4766,Annette Salas,petersenmicheal@example.org,2025-06-02
4767,Hunter Edwards,jeffrey20@example.net,2025-11-18
4768,Todd Martinez,wesleygray@example.net,2025-05-17
4769,Mary Chavez MD,kimberlylutz@example.org,2025-04-26
4770,Hector Miller,franklinmichelle@example.net,2025-04-30
4771,Jill Collins,nweber@example.org,2025-07-16
4772,Sheri Bell,derek31@example.org,2025-07-09
4773,Luis Kemp,brittanyramsey@example.com,2025-06-01
4774,Brent Holland,lolson@example.net,2026-01-12
4775,Sheri Mitchell,robertmorris@example.org,2025-03-28
4776,Jasmine Flores,umoore@example.org,2025-09-03
4777,Cameron Sullivan,anthony94@example.org,2025-08-14
4778,Terry Rice,tiffany26@example.net,2025-09-02
4779,Calvin Trevino,jeffrey14@example.org,2026-01-03
4780,Vanessa Smith,paulmoses@example.net,2025-11-20
4781,Leah Bond,andrewcontreras@example.org,2025-04-12
4782,Julia Collins,barberjoel@example.net,2025-10-17
4783,Alejandro Reynolds,markjohnson@example.net,2025-04-17
4784,Christopher Andersen,bullockann@example.org,2025-07-11
4785,Victoria Vaughan,nallen@example.com,2025-02-05
4786,David Myers MD,lindsey51@example.com,2025-03-28
4787,Cassie Dunn,jonkaiser@example.net,2025-06-01
4788,John Stewart,david87@example.org,2025-06-02
4789,Michelle Aguilar,kara57@example.org,2025-06-20
4790,Chad Baird,juarezmichael@example.com,2026-01-24
4791,Sarah Fischer,hollandjulia@example.net,2026-01-28
4792,Andre Mitchell,emcgee@example.com,2025-12-06
4793,Daniel Williamson,rogersosa@example.net,2026-01-08
4794,Jennifer Chung,bakerrobert@example.org,2025-06-18
4795,David Rowe,cindysmith@example.com,2025-03-14
4796,Karen Young,isabel60@example.org,2025-06-25
4797,Michelle Reese,clarkamanda@example.net,2025-07-01
4798,Emily Hernandez,courtneythornton@example.net,2025-12-18
4799,Richard Gordon,rjones@example.com,2025-05-16
4800,Andrew Smith,nataliebradley@example.net,2025-10-28
4801,John Morgan,lpowell@example.org,2025-09-12
4802,Tracy Pierce,shellyosborn@example.com,2025-09-19
4803,Thomas Hensley,harrisashley@example.com,2025-08-14
4804,Nichole Holmes,william08@example.net,2025-07-16
4805,Mark Brown,amber26@example.com,2026-01-23
4806,Scott Mosley,perryangela@example.net,2025-09-08
4807,Marc Rivera,jilliantorres@example.org,2025-07-30
4808,Patricia Riley,josephmosley@example.org,2025-07-14
4809,Amy Brown,gary51@example.net,2025-12-12
4810,Jessica Rodriguez,lipatrick@example.com,2026-02-04
4811,Danielle Cooper,wobrien@example.com,2025-06-23
4812,Kimberly Lang,debrafranklin@example.com,2026-01-07
4813,Ashley Howard,william67@example.com,2025-08-13
4814,Beverly Grimes,townsendelizabeth@example.net,2025-07-28
4815,Denise Boyer,dsmith@example.com,2025-09-20
4816,David Delgado,dedwards@example.net,2025-03-07
4817,Shane Lara,smithvalerie@example.net,2025-11-02
4818,Brandy Owens,jessica61@example.net,2025-12-06
4819,Dr. Kathy Rocha,jessica21@example.org,2025-12-21
4820,Joel Brooks,mary45@example.net,2025-03-24
4821,Cody Harris,kkrause@example.net,2025-08-21
4822,David Howard,chaveztrevor@example.net,2025-09-05
4823,Nicole Scott,jefferyturner@example.com,2025-02-16
4824,Linda Thomas,obrown@example.org,2025-03-29
4825,Jorge King,christopherwilliams@example.org,2025-04-17
4826,Joshua Duarte,jody57@example.net,2025-05-16
4827,Lauren Knox,whitecatherine@example.net,2025-08-17
4828,Scott Patterson,uruiz@example.com,2025-11-01
4829,Kevin Singh,sue25@example.com,2025-07-05
4830,Wesley Walker,connormckinney@example.net,2025-04-18
4831,Paul Stewart,nperez@example.org,2025-08-05
4832,Evan Gonzalez,tracyowens@example.net,2025-04-26
4833,Cynthia Cox,mayslarry@example.com,2025-03-14
4834,Tonya Soto,catherine13@example.net,2025-10-28
4835,Melissa Garcia,daniel94@example.com,2025-11-08
4836,Megan Dean,barnescharles@example.com,2025-12-24
4837,Sara Vega,potterlouis@example.net,2025-08-31
4838,Kirk Freeman,michael19@example.com,2025-11-04
4839,Jennifer Shaw,sierra38@example.org,2026-01-25
4840,Brandon Pena,hendersonscott@example.com,2025-04-14
4841,Jimmy Salazar,katherineandrade@example.com,2025-08-16
4842,Grace Jackson,vmorse@example.org,2025-07-29
4843,James Flores,simmonstodd@example.com,2025-05-07
4844,Bryan Mooney,ihill@example.com,2025-10-02
4845,Candace Pacheco,jonesdaniel@example.com,2025-08-31
4846,Donna Blair,andreareyes@example.net,2025-06-14
4847,Donald Whitehead,gutierrezstacy@example.org,2025-05-02
4848,Cassandra Brock,smithnorma@example.org,2025-09-25
4849,Seth Taylor,catherineshields@example.net,2025-08-15
4850,Frank Diaz,williamcooper@example.net,2025-07-29
4851,Jennifer Becker,janetrivera@example.com,2025-07-18
4852,Judy Monroe,yeseniamcclure@example.net,2025-12-12
4853,Darrell Robinson,uhale@example.com,2025-12-21
4854,Robert Stout,hannakaitlyn@example.org,2025-08-31
4855,Tara Murphy,rogerchapman@example.org,2025-04-25
4856,Nicole Robinson,ppowell@example.org,2025-04-27
4857,Matthew Robinson,rebecca59@example.com,2025-02-22
4858,Howard Wilson,pauljohnson@example.org,2026-02-03
4859,Gina Long,aryan@example.net,2025-12-24
4860,Victoria Nguyen,tguzman@example.com,2025-12-30
4861,Janet Stevenson,murraybradley@example.org,2025-09-01
4862,Judith French,melissabernard@example.com,2026-01-15
4863,Jessica Elliott,ortizroy@example.net,2026-02-01
4864,Frank King,gharris@example.com,2025-03-12
4865,Julian Brown,rebekahgamble@example.net,2025-06-06
4866,Cole Mcdonald,adrianlowe@example.org,2025-12-13
4867,Joseph Jordan,shannon94@example.org,2025-03-23
4868,Ricardo Roberts,hamiltontaylor@example.com,2025-05-08
4869,Ashley Taylor,mullinsanne@example.com,2025-12-21
4870,John Wilkins,harrisheidi@example.net,2026-02-05
4871,James Young,bgrant@example.net,2025-02-23
4872,Patricia Ortega,chapmanjasmine@example.com,2025-08-25
4873,Brian Dean,justin30@example.net,2025-08-26
4874,Samantha Rogers,kevin77@example.org,2025-08-20
4875,Alvin Patterson,thomastaylor@example.net,2025-04-03
4876,Joshua Medina,tiffany65@example.net,2025-10-11
4877,James Wilson,karenlopez@example.com,2026-01-17
4878,Daniel Sanford,joshua93@example.org,2025-05-07
4879,Charles Garcia,aimeesmith@example.com,2025-09-16
4880,Edward Keith,copelandjason@example.net,2025-09-25
4881,Samantha May,acastro@example.net,2025-12-27
4882,Catherine Lee,mccormickvictor@example.net,2025-10-15
4883,Jon Reyes,evansmike@example.org,2025-12-09
4884,Jesse Johnson,jermaine27@example.com,2025-08-10
4885,Jason Taylor,daniel98@example.org,2025-02-08
4886,Jonathan Smith,carrie31@example.com,2025-04-28
4887,Danielle Jones,gblack@example.net,2025-12-15
4888,Jennifer Jones,joseblevins@example.net,2026-01-13
4889,Kathleen Miller,martinezcrystal@example.org,2025-12-16
4890,Jamie Cole,robertcarroll@example.org,2025-05-22
4891,Derek Sandoval,julianeaton@example.com,2025-09-03
4892,Brianna Powell,ucampbell@example.org,2025-11-20
4893,Regina Wade,deannarodriguez@example.org,2025-03-09
4894,John Gallagher,piercekelsey@example.net,2025-06-18
4895,David Mcgee,seanwalker@example.org,2025-02-09
4896,Melanie Berger,gregory37@example.org,2025-06-20
4897,Valerie Duncan,jeremypace@example.org,2026-02-03
4898,Sheila Thompson,jasonhorn@example.net,2026-01-09
4899,Denise Jones,haydenrobert@example.net,2025-08-02
4900,Sarah Beard,savagefelicia@example.com,2025-11-17
4901,Stacey Gallegos,williamschristine@example.com,2025-06-06
4902,Gina Padilla,craigalexander@example.net,2025-06-02
4903,Terrance Smith,iryan@example.org,2025-07-09
4904,Jacob Shaw,thomassarah@example.net,2025-12-18
4905,Thomas Flores,samanthasimmons@example.org,2025-10-03
4906,Kevin Simpson,wbooth@example.net,2025-11-24
4907,Scott Mitchell,philiphendrix@example.com,2025-02-15
4908,Andrea Osborn,whitemary@example.org,2025-09-27
4909,Timothy Brown,kathrynhartman@example.com,2025-02-19
4910,Maria Evans,sarah31@example.net,2025-10-10
4911,Amanda Baldwin,lferguson@example.org,2025-08-16
4912,Taylor Thomas,kaitlin32@example.com,2025-06-02
4913,Michael Dudley,patriciamiller@example.org,2025-07-30
4914,Carlos Kirby,woodsbrian@example.com,2025-04-23
4915,Stacie Cervantes,ohardy@example.net,2026-01-11
4916,Jacob Orr,gerald45@example.org,2025-06-03
4917,Shawn Ryan,pwatts@example.org,2025-03-29
4918,Laura Craig,goodmandana@example.com,2025-05-07
4919,Natalie Wood,dblackwell@example.net,2025-05-14
4920,Richard Mendez,rachael85@example.com,2025-05-16
4921,Deborah Chavez,william24@example.net,2025-03-21
4922,Tracy Mayo,michael50@example.net,2025-04-24
4923,Sandra Bradshaw,fgallegos@example.org,2025-06-02
4924,Hannah Rivas,cguzman@example.com,2025-05-26
4925,Jill Woods,scott89@example.org,2025-08-13
4926,Russell Shaw,kyle36@example.com,2025-08-28
4927,Kimberly Wang,ilane@example.org,2025-09-11
4928,Anthony Lewis,istrong@example.net,2025-05-20
4929,Cody Aguilar,pittsrobert@example.net,2025-04-24
4930,Erica Cannon,joshua52@example.net,2025-02-19
4931,Vanessa Downs,contreraskaren@example.com,2025-05-17
4932,Debra Kennedy,nicholas09@example.com,2025-09-17
4933,Ryan Davies,victoriawilson@example.net,2026-02-05
4934,Kelly Mckinney,diazrichard@example.org,2025-04-01
4935,Justin Salinas,thomasmartin@example.org,2025-03-15
4936,Jonathan Thomas,weberalison@example.org,2026-01-10
4937,Donna Brown,barnessteven@example.org,2025-07-17
4938,Theresa Carroll,elizabethgomez@example.org,2025-03-13
4939,Timothy Hensley,slewis@example.com,2025-09-26
4940,Michelle Brown,michelle82@example.com,2025-12-16
4941,Timothy Holder,longchad@example.org,2025-05-28
4942,Denise Perez,sarahmcguire@example.net,2025-04-05
4943,Kelly Peterson,jonathanyoung@example.net,2025-11-26
4944,Christina Ferguson,ericcochran@example.com,2026-01-15
4945,Ian Peterson,kaufmananthony@example.net,2025-10-12
4946,Rachel Griffin,natalie76@example.net,2025-12-11
4947,David Moore,adamlane@example.net,2025-08-13
4948,Michelle Vasquez,vgeorge@example.org,2025-07-22
4949,Tonya Sullivan,kaitlindavies@example.com,2025-04-22
4950,Jessica Griffin,lewiskristina@example.org,2025-12-22
4951,David Johnson,jillgarcia@example.net,2026-02-05
4952,Whitney Cooper,banksrobert@example.org,2025-09-26
4953,Heather Cook,harperkristen@example.net,2025-02-23
4954,Eric Brooks,annahood@example.net,2025-12-21
4955,Isaac Morgan,edward64@example.com,2025-05-16
4956,Kimberly Beck,qfuentes@example.com,2025-08-02
4957,Stephanie Kaufman,uharrison@example.org,2025-07-27
4958,Riley Valdez,haynesryan@example.com,2025-09-20
4959,Matthew Haynes,thudson@example.com,2025-10-20
4960,Mark Meyer,elizabeth73@example.com,2025-04-23
4961,Margaret Wright,robertsmith@example.net,2025-04-14
4962,Franklin Keith,ryan84@example.net,2025-09-29
4963,Kylie Barnes,tcannon@example.com,2025-03-08
4964,George Baker,leejocelyn@example.com,2025-12-09
4965,Brooke Spencer,tabbott@example.net,2025-12-19
4966,Courtney Perry,spark@example.net,2025-12-01
4967,Andrew Taylor,vblanchard@example.com,2025-03-16
4968,Donald Harris,christopher59@example.org,2025-04-04
4969,Heidi Burke,johnsonlinda@example.net,2025-10-16
4970,Melissa Mack,kristin23@example.com,2025-03-21
4971,Tracy Mcdowell,rosskarla@example.net,2025-04-02
4972,Luke Johnson,michellewatson@example.com,2025-12-12
4973,Julian Williams,ulong@example.org,2025-11-26
4974,Rebecca Henderson,ashleypham@example.com,2025-06-14
4975,Michael Mitchell,boydnorma@example.com,2025-12-01
4976,Kaitlyn Barnes,arogers@example.com,2025-04-07
4977,Beverly Jacobson,johnsonashley@example.org,2025-02-11
4978,Scott Brown,josephharrison@example.net,2025-03-24
4979,Tammy Craig,carol53@example.net,2025-10-17
4980,Michael Williams,wturner@example.org,2025-10-21
4981,Kevin Martin,jimmy85@example.net,2025-10-29
4982,Henry Carpenter,fwest@example.net,2025-04-26
4983,Alison Nguyen,charlenewalton@example.net,2025-04-07
4984,Shannon Wise,josephwalters@example.org,2025-07-27
4985,Joseph Daniel,higginslinda@example.com,2025-05-04
4986,Stephanie Briggs,flopez@example.com,2025-04-08
4987,Alexa Williams,barkerashley@example.net,2025-06-08
4988,Brian Scott,cgaines@example.net,2025-09-04
4989,Eduardo Adkins,timothy68@example.org,2025-03-07
4990,Cindy Rosario,davidpeters@example.com,2026-02-05
4991,William Stark,stephanie65@example.com,2025-03-15
4992,Rachel Walter,ylee@example.com,2025-05-14
4993,Michael Tran,benjamin87@example.org,2026-01-24
4994,Jessica Mendez,emilywatson@example.com,2025-02-23
4995,Debra Wu,oconnellwilliam@example.org,2025-09-18
4996,Kimberly Levine,kelsey28@example.org,2025-08-24
4997,Kenneth Patterson,janetaylor@example.com,2025-07-30
4998,Joshua Hayes,josephburgess@example.net,2025-09-28
4999,David Thomas,clarkeapril@example.com,2025-08-13
5000,Thomas Palmer,tina81@example.org,2025-08-05
5001,Amanda Lynch,qbaldwin@example.net,2025-12-05
5002,Anthony Adams,lewischristina@example.net,2025-06-02
5003,Stephanie Dominguez,robert96@example.com,2025-12-19
5004,Travis Schmidt,bennettlisa@example.net,2025-03-12
5005,Rebecca Rodriguez,crystalrivera@example.net,2025-08-31
5006,David Hicks,joelwallace@example.org,2025-03-03
5007,Aaron Sullivan,erin52@example.org,2025-10-14
5008,Timothy Foster,michelle68@example.org,2025-11-30
5009,David Olson,ortizmichael@example.com,2025-04-27
5010,Pamela Lewis,anthony57@example.net,2025-09-28
5011,Shawn Gonzalez,hobbswilliam@example.net,2026-01-06
5012,Alexis Wilson,mcculloughalbert@example.com,2025-11-27
5013,Tyler Olson,roger81@example.org,2025-08-27
5014,Leslie Edwards,jamesobrien@example.org,2025-08-11
5015,Linda Munoz,mandy25@example.net,2025-07-07
5016,Amy Wilson,gacevedo@example.org,2025-04-04
5017,Larry Wallace,rwheeler@example.org,2026-01-31
5018,Kim Strickland,fowlerelizabeth@example.com,2025-09-21
5019,Brandi Russo,alexandersheppard@example.org,2025-12-20
5020,Nathan Cox,acortez@example.com,2025-07-17
5021,Christy Hart,mossshannon@example.com,2026-01-26
5022,Johnny Ryan,john55@example.net,2025-08-08
5023,Jesse Arias,jamesdeleon@example.org,2025-09-30
5024,James Smith,flin@example.net,2025-03-12
5025,Linda Gregory,wilsonkeith@example.org,2025-06-17
5026,Morgan Middleton,fmcintosh@example.org,2025-12-27
5027,Timothy Gonzales,jamesbrown@example.net,2025-07-07
5028,Carrie Haney,eric76@example.org,2025-12-24
5029,Audrey Sanders,weavermatthew@example.org,2025-08-21
5030,Alexis Johnson,norma05@example.org,2025-09-20
5031,Joshua Hernandez,debra04@example.org,2025-11-17
5032,Matthew Houston,deanerin@example.com,2026-01-08
5033,Duane Dunn,wesleycastro@example.com,2025-06-29
5034,Mr. Mike Miller MD,jaimewright@example.com,2025-04-27
5035,Mrs. Hannah Avila MD,egregory@example.com,2025-08-22
5036,Alicia Pacheco,kellydickerson@example.org,2025-03-24
5037,Andrew Clay,ericagarcia@example.net,2025-08-24
5038,Jason Stevens,diane26@example.com,2025-12-09
5039,Leah Holmes,megangibson@example.net,2025-06-22
5040,Russell Williams,brandiballard@example.net,2025-07-05
5041,Kelsey Dickerson,csnow@example.net,2025-05-24
5042,Frederick Cantrell,cristianholland@example.net,2025-07-01
5043,Austin Wade,angelamoore@example.org,2025-06-15
5044,Sarah Pugh,michael33@example.com,2025-03-06
5045,Emily Garza,howardmelissa@example.com,2025-02-11
5046,Elijah Spears,lflores@example.org,2026-01-06
5047,Troy Hunter,swong@example.org,2025-03-24
5048,Christine Matthews,bwilkinson@example.com,2025-07-10
5049,Jennifer Crane,nsingleton@example.org,2025-04-30
5050,Bethany Riley,reginaldbuck@example.com,2025-09-14
5051,Fernando Jacobs,codydean@example.org,2025-10-02
5052,Sandra Carroll,miguelholloway@example.net,2025-03-06
5053,Richard Jackson,aperez@example.com,2025-10-09
5054,Patricia Benson,thomasjoshua@example.net,2025-07-04
5055,Susan Smith,carlos03@example.com,2025-02-16
5056,Curtis Smith,mallory79@example.net,2025-08-09
5057,Eric King,jjackson@example.com,2025-04-05
5058,Lisa Martin,kimberlyhoffman@example.com,2025-08-23
5059,Taylor Smith,kellernatasha@example.org,2025-02-27
5060,James Mathis,marksamanda@example.org,2025-04-11
5061,Nicole Johnson,mark93@example.com,2025-02-25
5062,Robert Johnson,washingtonmolly@example.net,2025-07-18
5063,Eric Diaz,carlos67@example.com,2025-08-29
5064,Anthony Berry,hansonjoseph@example.com,2025-11-03
5065,Joseph Cantu,martha27@example.com,2025-09-07
5066,Laura Jackson,qmorrison@example.org,2025-02-24
5067,Jillian Robbins,nwong@example.net,2025-11-28
5068,Jennifer Christensen,raymondhouse@example.org,2025-08-09
5069,Michael Fitzpatrick,melissawalker@example.com,2025-11-20
5070,Yolanda Wood,cknox@example.org,2025-04-27
5071,Theresa Williams,ann89@example.org,2025-02-19
5072,Brittney Arias,whuynh@example.com,2025-08-19
5073,Stephanie Mccormick,mcclainbrian@example.org,2025-03-06
5074,Diana Lindsey,qwatkins@example.net,2025-12-31
5075,Tiffany Moon,rhudson@example.org,2025-11-10
5076,Allison Warren,melissa22@example.com,2025-05-13
5077,James Li,tbrock@example.net,2025-08-25
5078,Patrick Hernandez,qowens@example.org,2025-05-15
5079,Katherine Edwards,delgadokatelyn@example.net,2025-12-11
5080,Regina Rodriguez,meghansims@example.com,2025-10-24
5081,Nathan Lambert,jessicacarter@example.com,2025-02-08
5082,Marcia Dean,timothyacosta@example.com,2025-05-05
5083,Mrs. Jennifer Carter,daniel22@example.org,2026-01-19
5084,Jessica Mendez,raustin@example.org,2025-06-15
5085,Kristina Mccoy,taylorraymond@example.net,2025-09-13
5086,Sally Sandoval,carrsharon@example.net,2025-06-24
5087,Michael Henson,andrewmills@example.org,2025-03-29
5088,Stanley Smith,bwest@example.org,2025-03-11
5089,Kyle Madden,paulsmith@example.com,2025-04-24
5090,Mitchell Pearson,russellalexis@example.net,2025-04-27
5091,Jeffery Peters,armstrongjoseph@example.com,2025-07-25
5092,Catherine Vance,mitchelljessica@example.net,2025-12-26
5093,Mary Smith,ophillips@example.net,2025-03-05
5094,Dawn Garcia,vcoffey@example.com,2025-06-03
5095,Dean Lowe,elliskatrina@example.com,2026-01-02
5096,Maria Green,rsparks@example.net,2025-05-03
5097,Laura Castaneda,shaunsmith@example.org,2025-10-18
5098,Joshua Rodriguez,blee@example.com,2025-11-13
5099,Carlos Jones,martinezmegan@example.net,2025-06-28
5100,Michael Johnson,jacksonpaul@example.com,2025-06-29
5101,John Harper,zwalters@example.org,2025-09-09
5102,Debra Werner,bwu@example.org,2025-10-16
5103,Kimberly Mccormick,ryandaniel@example.com,2025-12-11
5104,Melissa Phelps,amyhenderson@example.org,2025-11-12
5105,Jasmine Reeves,christopherbrown@example.org,2025-04-24
5106,Alan Williams,catherine50@example.org,2025-07-26
5107,Joan Gray,steven54@example.com,2025-12-25
5108,Eric Stout,brandon33@example.net,2025-10-29
5109,Timothy Lindsey,elizabethodom@example.com,2025-11-18
5110,Adam Carrillo,rogersmary@example.net,2025-05-15
5111,Lisa Rivera,kristi68@example.net,2025-06-04
5112,Brittany Martin,rubengonzalez@example.com,2025-02-28
5113,Angela Gutierrez,michaellewis@example.org,2025-10-26
5114,Amy Trevino,awilliams@example.net,2026-01-14
5115,Scott Franklin,samuel95@example.net,2025-02-23
5116,Adrian Garcia,robertsgary@example.org,2025-08-12
5117,Joseph Clark,christopher36@example.net,2025-03-17
5118,Stacy Raymond,florestammy@example.org,2025-06-11
5119,Kenneth Clark,hrobinson@example.net,2025-08-01
5120,Robert Farmer,chad78@example.net,2025-09-21
5121,Steven Tran,cantrellleslie@example.net,2025-02-06
5122,Jason Odonnell,karen15@example.com,2025-07-08
5123,Alexandra Vincent,austinreginald@example.org,2025-04-30
5124,Ronald Watts,leekristie@example.net,2025-10-24
5125,Alexa Wood,probertson@example.org,2025-07-22
5126,Lisa Soto,aliciabrowning@example.com,2025-02-26
5127,Jacqueline Webster,michelle03@example.org,2025-04-17
5128,Anthony Fisher,pparker@example.org,2025-12-28
5129,Jamie Clark,kristiemartin@example.net,2025-04-17
5130,Randy Torres,lallen@example.net,2025-02-21
5131,Andrew Douglas,clarkjeffrey@example.org,2025-08-28
5132,Margaret Knight DVM,cookwanda@example.org,2025-08-07
5133,Stephanie Joseph,lisa32@example.com,2025-09-28
5134,Jason Mejia,xbuchanan@example.com,2025-10-17
5135,Michael Chavez,huntercruz@example.org,2025-08-11
5136,Steven Reyes,tmoreno@example.net,2025-04-14
5137,Kayla Reeves,smithkendra@example.com,2025-02-17
5138,April Gonzalez,jbrown@example.net,2025-05-08
5139,Joshua Thomas,ecarson@example.net,2025-08-27
5140,Zachary Herman,maria61@example.com,2025-06-03
5141,Andrew Williams,morrisonchristopher@example.com,2025-05-10
5142,Anna Marshall,nrobinson@example.org,2025-09-23
5143,Garrett Scott,rodriguezchristina@example.net,2025-04-25
5144,Jesse Harris,xwarren@example.net,2025-11-10
5145,Julie Cook,rachel50@example.net,2025-06-05
5146,Jill Friedman,christopher40@example.com,2025-07-20
5147,Walter Johnson,cindyvaughan@example.com,2025-04-22
5148,Tara Wright,baldwinwilliam@example.net,2025-06-25
5149,Brian Lopez,pfrye@example.com,2025-03-17
5150,Patricia Johnson,hmendoza@example.org,2025-11-23
5151,Chris Wiggins,janetfreeman@example.net,2025-04-26
5152,Susan Hart,dlowe@example.net,2026-01-19
5153,Todd Mercer,kyleprice@example.org,2026-01-30
5154,Thomas Ford,nicholasnelson@example.org,2025-03-18
5155,William Richards,robert34@example.net,2025-09-10
5156,Russell Smith,oball@example.org,2026-02-05
5157,Shannon Diaz,christopher64@example.com,2025-07-21
5158,Emily Pierce,hartmandeborah@example.org,2026-01-08
5159,Eric Bryant,vhale@example.org,2025-12-08
5160,Steve Powell,jessica75@example.com,2025-03-10
5161,Kimberly Hays,nelsonalexandra@example.net,2025-06-30
5162,Robert Hill,davidsonnatasha@example.net,2025-05-19
5163,Christina Andrews,hollandterri@example.com,2025-08-20
5164,Natalie Sanders,johnsonmichael@example.net,2026-01-21
5165,Kathleen White,stephaniestevens@example.com,2025-10-02
5166,Jacqueline Moore,rodriguezkristin@example.org,2025-09-22
5167,Daniel Stanley,jason57@example.org,2025-08-30
5168,Daniel Snow,lisamedina@example.com,2025-07-25
5169,Ashley Hardy,shanelynn@example.org,2025-07-21
5170,Kimberly Wells,madisonwilliams@example.com,2025-08-25
5171,Christopher Strickland,mccoydavid@example.com,2025-04-08
5172,Victoria Williams,jacob89@example.net,2025-11-26
5173,Amanda Pruitt,samuel80@example.org,2025-08-09
5174,Zachary West,christina58@example.com,2025-09-16
5175,Lisa Davila,timothyscott@example.net,2025-11-15
5176,Amy Harris,lstone@example.com,2025-09-22
5177,Gabriel Hinton,owensgabriel@example.com,2025-03-29
5178,Melissa Barnes,amandajackson@example.com,2025-05-03
5179,Duane Rodriguez,tcoleman@example.com,2025-02-10
5180,Dustin Gonzalez,acevedoronald@example.com,2025-12-29
5181,Brian Lewis,kennethrios@example.org,2025-03-03
5182,James Brooks,crystal45@example.org,2025-07-06
5183,Laurie Brown,courtney26@example.com,2026-01-20
5184,Sara Johnson,kendra93@example.com,2025-06-24
5185,Brett Dean,jacobrichardson@example.com,2025-12-31
5186,Dr. Tony Morrow,hornscott@example.net,2025-04-25
5187,Michelle Holland,ytucker@example.org,2025-07-18
5188,John Guzman,alewis@example.org,2025-09-30
5189,John Poole,cberry@example.org,2025-07-27
5190,Jennifer Orr,glam@example.net,2025-10-27
5191,Lisa Baker,jessica46@example.net,2025-06-15
5192,Valerie Gutierrez,garybowman@example.net,2025-11-05
5193,Herbert Howell MD,jefferythompson@example.com,2025-06-02
5194,Joseph Jones,kennedydanielle@example.net,2025-06-14
5195,Kristina Wyatt,stephenwilliams@example.org,2025-06-02
5196,Jonathan Ramirez,eric81@example.org,2025-03-31
5197,David Jones DDS,qlopez@example.org,2025-09-07
5198,Theresa Brandt,rodriguezkatherine@example.net,2025-02-22
5199,Brenda Berry,peter98@example.net,2026-01-14
5200,Christina Mckinney,gonzalezricky@example.net,2026-01-11
5201,Michael May,richardsmegan@example.com,2025-03-30
5202,Denise Compton,lsnyder@example.org,2025-08-16
5203,Mrs. Linda Davis,williamrobinson@example.net,2025-05-14
5204,Samantha Richmond,popeemily@example.com,2025-04-30
5205,Jacqueline Cruz,masondeleon@example.com,2025-09-08
5206,Kelly Huff,sarah22@example.net,2025-11-12
5207,Joanna Green,zbishop@example.org,2025-08-19
5208,Matthew Brown,njordan@example.org,2025-12-25
5209,Ashley Edwards,mccoycatherine@example.net,2025-08-02
5210,Jennifer Little,john57@example.org,2025-06-19
5211,Aaron Martinez,smithtina@example.net,2026-01-16
5212,Sarah Barnes,danielledickson@example.com,2025-06-12
5213,Anthony Williams,jcastro@example.net,2025-03-10
5214,Belinda Erickson,chelseafoster@example.net,2025-12-19
5215,Sandra Webb,ambershaw@example.com,2025-02-17
5216,Phillip Lopez,kevin50@example.org,2025-04-19
5217,Stephanie Anderson,jmason@example.org,2025-07-21
5218,Jerry Perkins,pstephenson@example.org,2025-12-24
5219,Donald Duncan,xwright@example.org,2025-03-20
5220,Glenn Obrien,greeralex@example.com,2025-08-24
5221,Emily Turner,jamie36@example.net,2025-07-04
5222,Ryan Bowman,vanderson@example.org,2025-03-11
5223,Jennifer Beltran,andrew84@example.com,2025-08-13
5224,Mason Church,johnsonmario@example.net,2025-12-30
5225,Anthony Gutierrez,thompsoncarrie@example.com,2025-04-30
5226,Mr. Terry Brown,suzannehester@example.com,2025-09-02
5227,Patrick Chambers,usmith@example.org,2025-09-18
5228,Heather Burch,obryan@example.com,2025-04-24
5229,Alexander Sexton,kelsey27@example.net,2025-12-18
5230,Kara Calderon,emilymoore@example.org,2025-06-06
5231,William Fisher,sgibson@example.net,2026-01-10
5232,Megan Perry,jwhite@example.org,2025-03-25
5233,Jennifer Wright,samantha40@example.net,2026-01-19
5234,Lisa Bowman,ebenton@example.net,2025-03-11
5235,Mark Stewart,brownrichard@example.org,2025-04-17
5236,Devin Harris,robinlewis@example.org,2025-07-07
5237,Laura Tapia,jamestaylor@example.net,2025-11-21
5238,Lauren Thomas,olivia08@example.com,2025-08-18
5239,Caitlin Bowman,sancheztiffany@example.com,2025-06-23
5240,Alexis Williams,christian19@example.com,2025-07-08
5241,Monica Brown,christopher97@example.net,2025-10-25
5242,Jeff Kennedy,charles23@example.net,2025-08-07
5243,Anita Barry,michael93@example.org,2026-01-21
5244,Travis Anderson PhD,thomasfrench@example.org,2025-09-02
5245,Melissa Butler,carla74@example.org,2026-01-11
5246,Katherine Hull,angelica18@example.net,2025-02-22
5247,Jonathan Miller,bushsteven@example.com,2025-09-19
5248,Melissa Fisher,stewartlisa@example.net,2025-07-10
5249,Amy Lewis,emilyturner@example.org,2025-12-12
5250,Robert Mendez,jenniferbarr@example.org,2025-04-19
5251,Mark White,cunderwood@example.org,2025-05-26
5252,Mercedes Douglas,bhuerta@example.net,2025-12-09
5253,William Manning,angelabrady@example.org,2025-12-02
5254,Victor Stuart,ustewart@example.org,2025-12-01
5255,Mario Davis MD,butlerroger@example.org,2025-05-08
5256,Nicole Sandoval,david31@example.org,2025-12-16
5257,Bryan Walker,allentiffany@example.net,2025-05-18
5258,Charles Huang,mendezdavid@example.net,2025-04-18
5259,Timothy Ellis,erikablackburn@example.org,2025-09-04
5260,Kevin Hart,lanemichelle@example.net,2025-03-21
5261,Carolyn Thompson,christinamoore@example.org,2026-01-21
5262,Maria Erickson,lauriemason@example.net,2025-08-11
5263,Parker Porter,sellerswilliam@example.com,2025-11-04
5264,Heather Warren,chloemann@example.net,2025-10-04
5265,Sean Johnson,rita80@example.org,2025-10-09
5266,Valerie Bray,barrettchelsea@example.com,2026-01-27
5267,April Camacho,kwest@example.net,2025-09-09
5268,Helen Elliott DDS,palmeranthony@example.org,2025-06-14
5269,Sarah Kelley,tnash@example.org,2026-01-21
5270,Megan Myers,carolyn21@example.net,2025-02-21
5271,Daniel Diaz,jmiller@example.com,2025-02-07
5272,Regina Brown,cindy68@example.net,2025-08-29
5273,Shirley Brandt,bryanamy@example.org,2025-11-04
5274,Nathan Jones,mia49@example.org,2025-09-18
5275,Melinda Welch,steven34@example.org,2025-06-21
5276,Tina Lee,tara78@example.org,2025-05-21
5277,Jennifer Robles,victoriahall@example.com,2025-03-05
5278,Billy Rogers,nancyjohnson@example.com,2025-04-09
5279,Sarah Colon,thicks@example.net,2025-09-30
5280,Patricia Parker,danielmyers@example.org,2025-12-14
5281,Michael Miller,sarah90@example.com,2025-02-09
5282,Kimberly Diaz,maria16@example.com,2025-12-06
5283,Mr. Aaron Johnson PhD,browncody@example.org,2025-11-03
5284,Christian Fischer,michael77@example.com,2025-07-17
5285,Jesus Garrett,anthonybrock@example.com,2025-08-26
5286,Suzanne Christian,dthornton@example.org,2025-12-20
5287,Tammy Jenkins,amandashepard@example.net,2025-07-29
5288,Tony Payne,petersbrianna@example.net,2025-05-13
5289,Mark Gates,jennifer69@example.org,2025-04-23
5290,Emily Grimes,btrevino@example.org,2025-06-27
5291,Julie Simon,jonathanhamilton@example.net,2025-05-19
5292,Pamela Reynolds,hamptontimothy@example.net,2025-10-21
5293,Nicholas Sutton,robincrawford@example.net,2025-04-08
5294,David Clark,whitakerjoseph@example.org,2025-11-22
5295,Mario Jones,hli@example.com,2025-09-09
5296,Nancy Ibarra,dmassey@example.org,2025-04-08
5297,David Cooley,ashley84@example.org,2026-01-08
5298,Brittany King,nguyenamber@example.net,2025-06-13
5299,Cynthia Morris,johnsonjeremy@example.net,2025-05-06
5300,Catherine Brown,tyoung@example.org,2025-11-08
5301,Sandra Foster,vthompson@example.org,2025-08-02
5302,Martha Garrison,michele99@example.net,2025-02-21
5303,Andrew Sosa,jeremybaker@example.org,2025-12-09
5304,Kevin Harmon,hansonjose@example.com,2025-03-12
5305,Benjamin Walsh,mary55@example.net,2025-04-12
5306,Joseph Hunt,tkhan@example.org,2026-01-19
5307,Russell Smith,nlarson@example.com,2025-11-04
5308,Kendra Johnson,mindy96@example.com,2025-03-21
5309,Cynthia Adams,kle@example.net,2025-08-09
5310,David Mcguire,wagnerjoann@example.org,2025-02-23
5311,Jacob Aguilar,racheldavis@example.org,2025-08-19
5312,Grace Thomas,andrew27@example.org,2025-05-08
5313,Nicole Hawkins,tayloreric@example.net,2025-02-27
5314,Roberto Smith,erika68@example.com,2025-02-12
5315,Allison Andrews,lhull@example.com,2025-07-02
5316,Maria Boyd,austin56@example.net,2025-07-02
5317,Michael Frost,lshaw@example.net,2025-12-28
5318,Diamond Smith,ronald80@example.com,2025-04-12
5319,Mark Frank,brandydiaz@example.com,2025-11-15
5320,Steven Pratt,pmartinez@example.org,2025-02-12
5321,Natalie Coleman,jperry@example.com,2025-05-25
5322,Phillip Jones,david24@example.com,2025-11-26
5323,Courtney Coffey,tuckercarmen@example.org,2025-11-08
5324,Henry West,ggarcia@example.com,2025-08-26
5325,Alison Shah,trobinson@example.com,2025-09-19
5326,Ashley White,hoffmandonald@example.org,2025-05-31
5327,Michael Martin,dianagallagher@example.net,2026-01-03
5328,Brittany Ross,everettjoshua@example.com,2025-08-27
5329,Ashley Palmer,oho@example.org,2025-04-05
5330,Malik Scott,zreed@example.net,2025-05-28
5331,Meghan Coleman,kyle09@example.net,2025-09-15
5332,Kristin Sandoval,coconnor@example.com,2025-10-30
5333,Anthony Owens,tsalinas@example.com,2025-05-30
5334,Andrew Moore,johnboyd@example.net,2025-02-11
5335,Brianna Petersen,josephlee@example.org,2026-01-01
5336,Brian Donovan,ystone@example.com,2025-08-30
5337,Benjamin Rodriguez,jessica52@example.com,2025-03-18
5338,Austin Wright,parkerwolf@example.org,2025-10-09
5339,Lawrence Johnson,richardsonsarah@example.net,2025-06-24
5340,Ronnie Maldonado,jfields@example.net,2025-05-18
5341,Tammy Olson,bjackson@example.net,2025-02-28
5342,Jessica Solis,kgardner@example.com,2025-03-27
5343,Robert Mccullough,cmitchell@example.net,2025-07-06
5344,Gary Wilson,jason01@example.org,2025-06-22
5345,Beth Wood,othomas@example.org,2025-06-18
5346,Katherine Collins,bryantbenjamin@example.com,2025-10-26
5347,Katrina Mccoy,reedgary@example.org,2025-12-27
5348,Teresa Jordan,kelly70@example.com,2025-10-30
5349,Jordan Chase,tthomas@example.net,2025-07-07
5350,Richard Murray,lauraclark@example.net,2025-11-06
5351,Stephanie Lopez,nelsonronald@example.com,2025-10-08
5352,Christopher Phillips,samanthagray@example.com,2025-07-17
5353,Christine Parrish,zrodriguez@example.net,2025-06-07
5354,Jacob Figueroa,obush@example.org,2025-08-31
5355,Sharon Molina,evanskathleen@example.com,2025-09-14
5356,Emily Miller,pattyclements@example.org,2025-04-07
5357,Sherry Cantrell DDS,millerwilliam@example.net,2025-10-30
5358,Kim Cruz,davidclark@example.org,2025-04-30
5359,Morgan Odom,ericcrawford@example.com,2025-08-25
5360,David Ramos,geraldhoffman@example.org,2025-08-16
5361,Peter Patterson,chavezdaniel@example.org,2026-01-03
5362,Dustin Clark,matthew62@example.org,2025-06-23
5363,Amy Bullock,tperry@example.org,2025-08-30
5364,Emily Bell,parkernicholas@example.org,2025-05-16
5365,Stephanie Jones,kathrynmorales@example.org,2025-12-17
5366,Donna Jensen,crichards@example.net,2025-02-17
5367,Jeffrey Snyder,ericawhite@example.com,2025-09-20
5368,John Brown,cassandrasmith@example.com,2026-01-07
5369,Connor Jones,jennifer52@example.com,2025-05-30
5370,Michelle Owens,juarezmelissa@example.net,2025-07-20
5371,Caitlin Aguilar,josephaaron@example.net,2026-01-03
5372,Steven Little,rebecca67@example.org,2025-03-30
5373,Mr. Eric Schmidt,petersonholly@example.org,2025-11-28
5374,Andrea Dean,eharper@example.com,2025-08-20
5375,John Simpson,nortonmelissa@example.com,2026-02-01
5376,James Curry,jmarquez@example.org,2025-03-16
5377,James Hayes,nicholasevans@example.com,2025-05-01
5378,Ashley Duran,johnsonjohn@example.net,2026-01-01
5379,Aaron Martin,gomezandrea@example.com,2025-09-22
5380,Maria Key,loritravis@example.com,2025-08-07
5381,Todd Day,megan70@example.org,2026-01-11
5382,Kevin Drake,stephensanchez@example.net,2025-08-11
5383,Ronald Juarez,williamsbenjamin@example.com,2025-04-09
5384,Douglas Huerta,david02@example.net,2025-10-13
5385,Lisa Smith,robert44@example.com,2025-04-21
5386,Kenneth Davis,jschultz@example.org,2025-02-23
5387,Scott Forbes,charles20@example.net,2025-05-27
5388,Ashley Young,lauren48@example.org,2025-03-09
5389,Nicole Rose,csmith@example.com,2025-09-19
5390,Tammy Burgess,braunnatasha@example.org,2025-11-12
5391,David Reynolds,sarahturner@example.com,2025-09-08
5392,Joe Mitchell,tamarapowell@example.org,2025-07-12
5393,David Gomez MD,angelalewis@example.net,2025-07-01
5394,Mrs. Morgan Harris MD,nnelson@example.com,2025-07-18
5395,Brittany Turner,uduncan@example.net,2025-11-04
5396,Danny Davenport,joneszachary@example.net,2025-06-08
5397,Steven Garcia,millerdavid@example.net,2025-05-16
5398,Keith Wall,sjohnson@example.org,2025-03-27
5399,Austin Park,bking@example.org,2025-10-29
5400,Charles Williams,jessicathompson@example.org,2026-02-02
5401,Alexander Herman,nrogers@example.org,2025-09-01
5402,James Welch,amber78@example.net,2025-07-30
5403,Amanda Patterson,pyoung@example.org,2025-05-29
5404,Taylor Jones,briannewton@example.org,2025-12-09
5405,Jimmy Park,efisher@example.com,2025-08-30
5406,Stephanie Brown,adixon@example.org,2025-06-19
5407,Daniel Short,blucas@example.net,2025-06-08
5408,Miranda Mendoza,shannon06@example.com,2025-02-22
5409,Joseph Hill,kristin16@example.org,2025-03-09
5410,Anthony Stevenson,hollylarson@example.net,2025-03-10
5411,Sara Davis,marypeters@example.org,2025-04-05
5412,Cynthia Lee,camerontaylor@example.org,2025-02-08
5413,Michael Jones,louisguerrero@example.org,2026-01-24
5414,Emily Armstrong,ymcbride@example.net,2025-10-21
5415,Taylor Davis,clarknicole@example.org,2025-11-12
5416,Tara Martinez MD,wsanchez@example.com,2026-01-16
5417,Kathleen Washington,susan70@example.net,2025-05-30
5418,Pamela Richards,qvang@example.net,2025-05-13
5419,Robert Bates,robertholt@example.org,2025-11-02
5420,Michael Barry,brandon16@example.com,2025-12-18
5421,Gabriel Garcia,michaelgarcia@example.org,2026-01-09
5422,Madison Ingram,hannah52@example.org,2025-07-23
5423,Patrick Coleman,sarahbowers@example.com,2025-11-28
5424,Jeremy Tucker,seanbond@example.org,2025-06-09
5425,Deanna Riley,sergio33@example.org,2026-01-06
5426,Sheila Vasquez,ureynolds@example.com,2025-03-23
5427,Joanne Case,littleaustin@example.com,2025-07-02
5428,Darren Gonzalez,michaelkrueger@example.org,2025-11-29
5429,Robert Terrell,jamesduran@example.net,2025-07-18
5430,Meghan Young,owenslaura@example.com,2025-09-26
5431,Brian Jones,rubiomatthew@example.org,2025-10-20
5432,Thomas Williamson,ericarubio@example.org,2025-07-27
5433,Christopher Manning,jason94@example.com,2025-03-14
5434,Patrick Diaz,devinsims@example.net,2025-08-04
5435,Kendra Hess,fheath@example.net,2025-05-21
5436,Cynthia Berg,daniel81@example.net,2025-06-09
5437,Cory Huang,zross@example.org,2025-12-10
5438,Maria Rodriguez,gonzaleschristopher@example.org,2025-04-15
5439,Kelly Snow,yatescarly@example.net,2026-01-15
5440,Jennifer Clark,zimmermanamy@example.net,2026-01-24
5441,Jason Garcia,sotozachary@example.com,2025-05-11
5442,Emma Griffin,vgreer@example.org,2025-04-14
5443,Barbara Garcia,caseymcdowell@example.net,2025-03-17
5444,Jasmine Villegas,robert61@example.org,2025-04-09
5445,Terry Patel,sgentry@example.net,2025-11-30
5446,Michael Thomas,timothyriley@example.com,2025-11-25
5447,Pamela Dawson,andersonrobert@example.net,2025-08-23
5448,Douglas Rodriguez,fhansen@example.org,2025-04-21
5449,Kristen Perez,greenpatrick@example.com,2025-02-28
5450,Larry Long,melissadiaz@example.net,2025-02-15
5451,Natasha Mckee,sharonsmith@example.org,2025-06-28
5452,Jason Wheeler,princegregory@example.com,2025-06-26
5453,Jared Anderson,ywarren@example.net,2025-06-15
5454,Diane Barrett,wwoods@example.org,2025-06-10
5455,Susan Boyd,brandy91@example.org,2025-07-03
5456,William Jones,ihoward@example.com,2025-04-06
5457,Nicole Davis DDS,michaelglenn@example.org,2025-09-04
5458,Robert Taylor,qnguyen@example.org,2025-10-04
5459,Jacqueline Powell,yjohnson@example.net,2025-11-26
5460,Leslie Wyatt,zkelly@example.net,2025-07-14
5461,Nicole Schaefer,marymartin@example.net,2025-04-20
5462,Michelle Wolfe,gmendoza@example.org,2025-12-08
5463,Julie Ramirez,egarcia@example.com,2025-04-22
5464,Anthony Clark,steven16@example.com,2025-06-13
5465,Brandon Jones,alexanderdavis@example.org,2025-11-19
5466,Sara Simon,tmitchell@example.com,2026-02-05
5467,Thomas Willis,brentgonzalez@example.org,2025-06-21
5468,Edward Mitchell,oellis@example.org,2025-11-13
5469,Corey Schwartz,jonesmelissa@example.net,2025-06-23
5470,Zachary Mayer,brandon89@example.org,2025-09-16
5471,Rachel Norton,crystal91@example.org,2025-06-15
5472,Debra Cox,kevinobrien@example.net,2025-09-21
5473,Robert Galvan,robert29@example.net,2025-09-30
5474,Joseph Mckinney,parkerjonathan@example.net,2025-10-02
5475,Deborah Johnson,patricia34@example.org,2025-12-11
5476,Michelle Phillips,bpeterson@example.org,2025-09-09
5477,Christopher Patrick,jonesnatalie@example.net,2025-09-30
5478,Heidi Gentry,douglasgutierrez@example.net,2026-02-02
5479,Charles Elliott,froth@example.com,2025-10-26
5480,Joshua Atkins DVM,glenwatson@example.net,2025-08-14
5481,Linda Lopez,srodriguez@example.org,2025-11-30
5482,Dean Fischer,sandrahernandez@example.net,2025-06-24
5483,Bradley Swanson,slee@example.org,2025-06-13
5484,Adriana Roach,anthony49@example.org,2025-05-04
5485,Amy Brown,camposmary@example.net,2025-05-16
5486,Hannah Baxter,gmorris@example.com,2025-07-09
5487,John Sanders,johnsonsue@example.com,2025-09-02
5488,Phillip Lewis,pgriffin@example.net,2025-02-05
5489,Edward Cain,cgonzalez@example.org,2025-10-18
5490,Joshua Graham,staceynguyen@example.org,2025-07-25
5491,Ashley Brewer,shanewalters@example.org,2025-12-09
5492,Amy Coleman,marshalljames@example.net,2025-03-01
5493,Michelle Sexton,wford@example.com,2025-06-17
5494,Jennifer Kelley,vmedina@example.com,2025-06-29
5495,Holly Rogers,smallsarah@example.org,2025-06-07
5496,Darren Nielsen,anna07@example.org,2025-05-04
5497,Steven Kline,lawrence93@example.org,2025-10-28
5498,Timothy Davis,qritter@example.org,2026-01-09
5499,Joseph Hoffman,matthew92@example.com,2025-06-16
5500,Bruce Garza,mpope@example.net,2025-12-08
5501,Shannon Hines,zachary68@example.org,2026-01-18
5502,Jacqueline Boyd,ebrown@example.net,2026-01-24
5503,Bradley Johnson,ashley98@example.net,2025-04-21
5504,Hector Day,tthompson@example.com,2025-03-11
5505,James Andrews,diana63@example.net,2025-04-13
5506,Lori Washington,mason47@example.org,2025-07-04
5507,Alexandra Lopez,jesse82@example.org,2025-12-04
5508,Emily Johnston,ipacheco@example.net,2025-06-27
5509,Jon Kelley,cassandramoran@example.net,2025-10-08
5510,Timothy Maddox,peterskenneth@example.net,2025-02-11
5511,Katie Nichols,fishercurtis@example.net,2026-02-05
5512,Kristi Herrera,jessica24@example.org,2025-03-10
5513,Tiffany Allen,angelathompson@example.com,2025-04-27
5514,Tasha Gregory,fsanchez@example.org,2025-11-01
5515,Dr. Howard Burke,bthomas@example.net,2025-07-07
5516,Gary Johnson,brandonrivera@example.com,2026-01-08
5517,Dennis Sanders,jasonhardy@example.net,2025-06-19
5518,Joseph Taylor,jameswebb@example.org,2026-01-05
5519,Thomas Anderson,dlopez@example.net,2025-09-24
5520,William Clark,justin12@example.net,2026-01-22
5521,Tammy Jones,taylorjessica@example.net,2026-01-22
5522,Mary Coleman,flowersnicole@example.org,2025-04-15
5523,Patrick Salinas,toddcollins@example.org,2025-07-05
5524,Keith Allen,carterdenise@example.com,2025-11-28
5525,Roger Watts,aholmes@example.com,2025-08-29
5526,David Singleton,meyerssue@example.com,2025-02-05
5527,Kelly King,cynthiahowell@example.org,2025-08-22
5528,Billy Hall,roblesmark@example.com,2025-08-09
5529,Andrea Wilcox,orozcogregory@example.net,2025-08-28
5530,Linda Wilson,fullermark@example.org,2025-07-06
5531,Molly Clark,ucallahan@example.org,2025-06-25
5532,Daniel Mccoy,dawn86@example.org,2025-09-15
5533,Molly Cole,joe33@example.net,2025-10-09
5534,Bryan Hughes,katrina26@example.net,2025-07-03
5535,Kelly Shaw,samanthalucas@example.org,2025-12-01
5536,Caleb Fowler,michaelgraves@example.net,2025-08-18
5537,Alicia Green,tbarr@example.com,2025-05-17
5538,Juan Vega,manningbryan@example.com,2025-02-12
5539,Sophia Evans,john93@example.com,2026-01-04
5540,Christina Alexander,kristen90@example.com,2025-07-07
5541,Sarah Dixon,gallagheralexandra@example.org,2025-02-28
5542,Karen Taylor,smithsteven@example.com,2025-04-29
5543,Michael Mcclure,xbryant@example.org,2025-06-24
5544,Brian Ritter,hunterbowen@example.org,2025-12-21
5545,Angie Ross,ysanders@example.org,2026-01-13
5546,Robin Gonzalez,thouse@example.org,2025-09-09
5547,Johnny Pratt,james47@example.org,2025-09-26
5548,Susan Riley,mcarter@example.com,2025-07-02
5549,Angela Moreno,jenniferlittle@example.org,2025-10-15
5550,Megan Johnson,dunndavid@example.net,2025-12-21
5551,Sarah Riddle,garytodd@example.com,2025-07-22
5552,Kristin Michael,hernandezsarah@example.org,2025-07-24
5553,Dylan Green,rogerspatrick@example.org,2025-11-22
5554,Megan Mendoza,brownnicholas@example.com,2025-02-14
5555,Troy Rodriguez,john87@example.org,2026-01-08
5556,Jonathan Robertson,jesse05@example.net,2025-03-02
5557,Kevin Bennett,sara49@example.net,2025-11-15
5558,Crystal Bishop,alec86@example.com,2025-04-14
5559,Regina Randall,ystephens@example.com,2025-12-03
5560,Thomas Ayers,haleybradley@example.com,2025-11-28
5561,Stephanie Davis,christy42@example.org,2025-09-16
5562,Rachel Garcia,iford@example.org,2026-02-03
5563,Paul Cook,bradley94@example.org,2025-12-15
5564,Lisa Shaffer,dsmith@example.net,2025-11-14
5565,Gerald Maldonado,umercado@example.net,2025-04-26
5566,Timothy Weiss,ballkrystal@example.com,2025-11-23
5567,Adam Ray,carlossimpson@example.com,2025-06-21
5568,Karen Johnson,robertpowell@example.net,2025-10-29
5569,Phyllis Neal,april13@example.org,2025-07-11
5570,Dennis Lutz,cgarcia@example.com,2025-06-02
5571,Patricia Mckinney,hgarcia@example.com,2025-08-19
5572,Thomas Montoya,marylopez@example.com,2025-06-16
5573,Lee Pittman,phyllis70@example.net,2025-07-15
5574,Jessica Wade,chad66@example.net,2025-03-10
5575,Eugene Wagner,eric77@example.com,2026-01-04
5576,Caitlin Booker,washingtonrobert@example.org,2025-08-28
5577,Cameron Davis,nrobbins@example.net,2025-08-26
5578,Francisco Wall,bradgraham@example.org,2025-10-30
5579,Brenda Woods,donald50@example.org,2025-07-29
5580,Cynthia Powell,randy94@example.com,2025-11-16
5581,Casey Diaz,gail95@example.com,2025-04-19
5582,Michael Ellis,lori50@example.net,2025-10-16
5583,Christina Elliott,taylorfaulkner@example.com,2025-12-27
5584,Adam Mclaughlin,jennifer31@example.com,2025-09-07
5585,Sarah Mccall,laurenpalmer@example.net,2025-07-21
5586,Monica Fuentes,cookjennifer@example.net,2025-03-29
5587,Stefanie Moore,michelleterrell@example.net,2025-12-15
5588,Paul Williamson,ramosshannon@example.net,2025-09-11
5589,Edward Turner,robertjimenez@example.org,2025-11-07
5590,Anthony Richards,ubean@example.org,2025-10-22
5591,William Frye,aprilmiller@example.com,2025-04-27
5592,Steven Powell,amanda77@example.com,2025-03-04
5593,Erin Bailey,sallywells@example.net,2025-12-28
5594,Ashley Blevins,martinezrebecca@example.com,2025-11-29
5595,Rebecca Garcia,daniel24@example.com,2025-09-09
5596,Mary Hall,vangkenneth@example.net,2025-04-27
5597,Melanie Johnson,phillipsrobert@example.net,2025-11-25
5598,Jason Chavez,juliewalton@example.org,2025-06-29
5599,Kevin Gonzalez,banksgina@example.net,2025-06-04
5600,Susan Gutierrez,emily36@example.org,2025-12-28
5601,Veronica Torres,cunninghamcynthia@example.com,2025-09-27
5602,Nicole Larsen,jryan@example.net,2026-01-25
5603,Brad Ward,jcarrillo@example.org,2025-05-03
5604,Justin Mclean,flong@example.net,2025-03-27
5605,Jason Haney,amyjohns@example.net,2025-11-05
5606,Tara Murphy,ccunningham@example.com,2025-03-02
5607,Nicole Saunders,francisco42@example.org,2025-11-06
5608,Jill Sims,weaverrichard@example.com,2025-06-05
5609,Kathryn Shepherd,josephcollins@example.org,2026-01-14
5610,Olivia Morris,manuel75@example.net,2025-03-02
5611,Aaron Watkins,qmoon@example.com,2026-01-09
5612,David Kim,davidhowell@example.com,2025-11-26
5613,Craig Lamb,mark62@example.net,2025-11-24
5614,Danielle Clayton,mcdonaldjoseph@example.org,2025-11-16
5615,Michael Ellis,anitabeck@example.com,2025-08-31
5616,Kenneth Cannon,cynthiatorres@example.com,2025-08-28
5617,Christopher Watkins,heather91@example.net,2025-09-21
5618,Tiffany Wright,savagejoseph@example.com,2025-02-10
5619,Melanie Cunningham,cjones@example.net,2025-06-16
5620,Lindsey Gutierrez,william92@example.org,2025-07-05
5621,Tara Ortiz,henrysweeney@example.com,2025-12-29
5622,Dr. Michael Soto,becky90@example.org,2026-01-27
5623,Amy Valentine,john60@example.com,2025-06-26
5624,Jeff Grant,kelly85@example.net,2025-09-20
5625,Dr. Bobby Ramos DVM,travisdoris@example.com,2025-06-14
5626,Mark Reed,parkerkimberly@example.org,2025-08-30
5627,Christopher Stewart,coopercourtney@example.org,2025-11-10
5628,Cynthia Flowers,james23@example.net,2026-02-01
5629,Kimberly Webster,mcrane@example.net,2025-09-12
5630,Wendy Campbell,zpeck@example.org,2025-05-19
5631,Bryan Ramos,ulopez@example.org,2026-01-15
5632,Tina Armstrong,mariawright@example.net,2025-07-09
5633,Ronald Lang DVM,oshelton@example.net,2025-02-13
5634,Russell Day,adavidson@example.net,2025-05-10
5635,Jordan Marshall,aimeeclark@example.com,2026-01-14
5636,Robert Compton,alvinharris@example.net,2025-07-03
5637,Savannah Carlson,mcdanielkimberly@example.com,2025-03-07
5638,Veronica Robinson,belltimothy@example.org,2025-08-13
5639,Diane Fisher,karen19@example.org,2026-01-07
5640,Nicholas Mullen,kaylamorris@example.com,2025-08-01
5641,Adam Levine,galvancaleb@example.net,2025-06-17
5642,Erin Griffin,collinsjustin@example.com,2025-09-15
5643,Todd Vance,ronaldsimpson@example.net,2025-03-13
5644,Brenda Williams,anamiller@example.com,2025-06-24
5645,Ashley Foster,danielbell@example.com,2026-01-30
5646,Kevin Norman,hendrixpeter@example.com,2025-05-24
5647,James Cox,karen50@example.com,2025-04-05
5648,Erin Johnson,freemanstephanie@example.org,2025-04-12
5649,Michael Frederick,jchristensen@example.org,2025-03-05
5650,Mary Liu,paulstevens@example.org,2025-03-10
5651,Denise Lopez,gporter@example.org,2025-08-01
5652,Shannon Simon,tracey69@example.net,2025-10-18
5653,Stacey Williams,erinchase@example.net,2025-06-17
5654,Kathy Lyons,paul63@example.com,2025-09-20
5655,Rhonda Smith,millerjulie@example.com,2025-08-06
5656,Jesse Manning,watsontracey@example.org,2025-07-15
5657,Edward Anderson,evansvirginia@example.org,2026-01-01
5658,Melissa Hodges,bishopkayla@example.net,2025-10-06
5659,Tammy Osborne,stephen06@example.net,2025-05-09
5660,Jennifer Padilla,gmaldonado@example.com,2025-04-12
5661,Deborah Hester,brendanbishop@example.net,2025-10-05
5662,Evan Watson,robertfields@example.org,2025-04-23
5663,James Garza,rodney31@example.com,2025-11-08
5664,Paul Hunter,mbrewer@example.org,2025-10-19
5665,James Gutierrez,benjaminday@example.com,2025-09-24
5666,Connie Gonzalez,brucearias@example.org,2025-02-17
5667,Jenna Johnson,toddtaylor@example.org,2026-01-06
5668,Ryan Moon,cvalenzuela@example.net,2025-02-13
5669,Michele Bell,campbellmichael@example.com,2025-10-24
5670,Yesenia Curry,ethomas@example.org,2025-02-21
5671,Kelly Dyer,yhall@example.org,2025-12-21
5672,Amber Webb,john65@example.org,2025-11-21
5673,Jennifer Rogers,mcknightrichard@example.org,2025-03-25
5674,Danielle Castro,ymills@example.org,2025-08-07
5675,Charles Hunter,nwalker@example.com,2026-01-04
5676,Sydney Rogers,ryanwells@example.com,2025-07-22
5677,Tiffany Taylor,alejandromcintosh@example.org,2025-11-09
5678,Sean Reed,wruiz@example.org,2025-03-01
5679,Stephanie Rios,lisathompson@example.com,2025-08-18
5680,Richard Cox,kelsey60@example.net,2025-08-15
5681,Savannah Gibbs MD,sharonlee@example.com,2025-04-22
5682,Gregory Cooper,igardner@example.net,2025-09-09
5683,Alexander Gross,daniel63@example.com,2025-02-15
5684,Penny Lee,melissapeck@example.org,2026-02-03
5685,Roger Stevens,christopher71@example.net,2025-05-03
5686,Mary Snyder,shawn21@example.org,2025-07-25
5687,Matthew Perez,thompsonrebecca@example.net,2026-01-17
5688,Kristen Lane,paulmassey@example.net,2025-02-08
5689,Lorraine Jackson,sheriyoung@example.net,2025-11-21
5690,Eileen Harris,nwilliams@example.net,2025-04-03
5691,Jeffrey Silva,jacquelineestrada@example.com,2025-04-10
5692,Rose Branch,dennisgonzalez@example.com,2025-03-15
5693,Carl Reid,ialvarado@example.net,2025-10-17
5694,Jessica Lee,bthomas@example.com,2025-07-15
5695,Tony Gonzalez,lorihernandez@example.com,2026-01-01
5696,David Adkins,kthompson@example.net,2025-11-17
5697,Elizabeth Hernandez,figueroakristin@example.net,2025-10-21
5698,Robin Stanton,rpeterson@example.com,2025-06-22
5699,Anita Parrish,framsey@example.org,2025-08-11
5700,Kyle Wilson,suzannebanks@example.com,2025-05-18
5701,Michael Johnson,wcastaneda@example.com,2026-01-07
5702,Stephanie Sandoval,david44@example.com,2025-04-03
5703,Mr. Andrew Dawson,james49@example.org,2025-10-15
5704,Andrew Perry,jacobfranklin@example.net,2025-11-16
5705,Jason Diaz,efowler@example.org,2025-03-24
5706,Jared West DDS,sanchezdennis@example.org,2025-02-06
5707,James Hardy,wilsonkaylee@example.org,2025-04-23
5708,Theresa Brown,jeffrey06@example.org,2025-11-05
5709,Diamond Adams DDS,xdunn@example.org,2025-07-14
5710,Cassandra Pope,kreeves@example.org,2026-02-02
5711,Matthew Clements,carmencunningham@example.org,2025-09-25
5712,James Turner,michael11@example.net,2025-10-27
5713,Jennifer Ryan,andersonbreanna@example.com,2025-05-23
5714,Erica Mccormick,palmerlaura@example.org,2025-06-14
5715,Jason Preston,susan03@example.org,2025-05-28
5716,Alexander Jones,nortonjamie@example.org,2025-07-19
5717,Jason Newman,kendravargas@example.com,2025-08-18
5718,Patricia Hardy,darlenehamilton@example.net,2025-07-29
5719,Jeanette Vang,brittany87@example.org,2025-08-10
5720,Kevin Cordova,theresa85@example.com,2025-03-09
5721,Mary Cross,lewischristina@example.org,2025-08-28
5722,Ana Peters,amanda78@example.com,2025-02-05
5723,Joseph Doyle,nicole64@example.org,2025-09-18
5724,John Mason,erica71@example.org,2025-04-16
5725,Matthew Wilson,brandonperez@example.com,2026-01-06
5726,Sharon Brown,brianjohnson@example.com,2025-03-13
5727,Miranda Mitchell,lewisjackie@example.net,2025-07-21
5728,Megan Reed,byrdscott@example.net,2025-08-14
5729,Todd Fischer,gklein@example.com,2025-10-28
5730,Dawn Tran,robertbennett@example.net,2025-07-31
5731,Robin Moore,amydorsey@example.com,2025-03-08
5732,Jennifer Decker,qshepard@example.com,2025-03-14
5733,Darren Patterson,diazfrank@example.net,2025-03-09
5734,Cynthia Castillo,richardhoffman@example.org,2025-12-15
5735,Yolanda Scott,jberry@example.org,2025-03-11
5736,Sharon Roth,james84@example.com,2025-03-28
5737,Walter Harris,qlopez@example.org,2025-03-26
5738,Anita Johnson,jonathanbartlett@example.com,2025-05-25
5739,Brenda Reed,leroyblair@example.org,2026-02-02
5740,Timothy Andrews,whitedavid@example.net,2025-04-14
5741,Ann Coleman,pamela95@example.net,2025-04-15
5742,Richard Wright,alexander51@example.com,2025-06-28
5743,David Beck,chungjeffrey@example.com,2025-02-06
5744,Danielle Hall,travis96@example.net,2025-02-08
5745,Sheena Paul,callahanzachary@example.org,2025-08-10
5746,Pamela Jensen,ojones@example.org,2025-07-05
5747,Michael Ward,pmartin@example.net,2025-07-19
5748,Lindsay Rivas,kevin39@example.net,2025-03-22
5749,Emily Perry,myerslaura@example.net,2025-06-08
5750,David Black,rherrera@example.net,2025-05-19
5751,Peter Hancock,cherylcarr@example.net,2025-11-24
5752,Kimberly Wood,aguilarheather@example.com,2025-09-19
5753,Melissa Thornton,jasonhall@example.com,2025-12-14
5754,Kenneth Jackson,rubenbrown@example.com,2025-11-20
5755,Leah Torres,lutzshannon@example.net,2025-07-08
5756,Nicole Greer,daniellefisher@example.com,2025-09-18
5757,Deborah Phillips,maysthomas@example.org,2025-02-07
5758,Eric Powell,carolgomez@example.com,2026-01-09
5759,Lindsey Fox,ugallagher@example.org,2026-02-05
5760,James Thomas,craig63@example.com,2025-10-18
5761,James Berry,ryan58@example.net,2026-02-03
5762,Brooke Hartman,ubraun@example.com,2025-05-16
5763,Charles Gordon,david65@example.org,2025-07-06
5764,Christopher Tyler,cwheeler@example.com,2025-02-18
5765,Alexis Martin,stephanie11@example.org,2025-04-17
5766,Monique Garcia,lopezjames@example.net,2025-10-27
5767,Samuel Cain,hjones@example.org,2025-02-06
5768,Ralph Burns,kennethjimenez@example.net,2025-08-26
5769,Mary Richmond,johnharris@example.com,2026-01-02
5770,Brenda Cardenas,dawn59@example.org,2025-05-04
5771,Adrian Sanchez,jorgemedina@example.net,2025-10-25
5772,Patrick Jennings,qmclean@example.com,2025-10-14
5773,Kimberly Lewis,cartersean@example.com,2025-03-30
5774,Shawna Hughes,cvillegas@example.org,2025-08-02
5775,Whitney Branch,patricia15@example.com,2025-07-06
5776,Deborah Jones,cohendanielle@example.net,2025-05-01
5777,Nicholas Garza,joseph01@example.net,2025-12-06
5778,David Hernandez,christopher93@example.net,2025-09-21
5779,Charles Erickson,curtiswayne@example.org,2026-01-25
5780,Lisa Smith,ohoffman@example.net,2025-10-09
5781,Pamela Taylor,angela30@example.net,2025-03-30
5782,Ana Anderson,sscott@example.net,2025-06-02
5783,Willie Roberts,cookdebbie@example.org,2025-08-25
5784,Sydney Wells,jessica98@example.net,2025-12-04
5785,Kathryn Salinas,timothy88@example.org,2025-09-04
5786,Kathleen Acevedo,james37@example.com,2025-06-06
5787,Gary Anderson,jessica10@example.org,2025-03-20
5788,Michael Thornton,qpowell@example.org,2025-11-13
5789,Cindy Church,dixonsarah@example.net,2025-07-18
5790,Dawn Myers,robert20@example.net,2025-04-24
5791,Deanna Murphy,joseph35@example.com,2025-05-20
5792,Thomas Fowler,moyerbrett@example.net,2025-03-14
5793,Luke Flores,zallen@example.net,2025-08-02
5794,Jessica Ross,xgarcia@example.com,2025-07-13
5795,Danny Davis,brockbradley@example.com,2025-09-22
5796,Cheyenne Romero,emcneil@example.net,2025-10-06
5797,Jeffrey Smith,hweaver@example.org,2025-10-02
5798,George Velasquez,vperez@example.org,2025-07-02
5799,Angela Thompson,mariaschneider@example.org,2025-12-03
5800,Deborah Hodges,egalloway@example.org,2025-03-22
5801,Angela Hines,xcook@example.org,2025-10-03
5802,Kevin Hall,bblackwell@example.org,2025-08-02
5803,Debbie Kelley,sgomez@example.com,2025-10-09
5804,Connie Cooper,bmorgan@example.com,2025-02-09
5805,Jenny Pearson,catherine74@example.org,2025-06-16
5806,Daniel Kidd,zolson@example.net,2025-04-21
5807,Matthew Cox,sheri94@example.net,2025-06-06
5808,Jacqueline Dominguez,hannajames@example.net,2025-10-16
5809,Brandy Ramirez,smiller@example.net,2025-09-21
5810,Michelle Yang,jamesbrown@example.org,2025-12-02
5811,Brenda Mckinney,wkoch@example.org,2025-06-25
5812,Lindsey Freeman,ebrown@example.org,2025-03-16
5813,Kendra Montes,jennifer52@example.net,2025-02-19
5814,Cory Atkinson,nathanmeza@example.org,2025-12-25
5815,Sarah Lopez,michelle24@example.net,2025-06-01
5816,Meredith English,boylemichelle@example.net,2025-02-26
5817,Brittany Jones,hilljennifer@example.net,2025-05-11
5818,Jason Brown,michael44@example.org,2025-12-21
5819,Eric Wright,fmcneil@example.com,2025-11-25
5820,James Watson,nicholsonsteven@example.net,2025-06-19
5821,Dawn Hicks,billestrada@example.org,2025-03-24
5822,David Smith,cynthia47@example.org,2025-03-15
5823,David Peters,michaelhatfield@example.org,2025-10-08
5824,Jonathan Brown,loretta55@example.com,2025-06-16
5825,Paula Huff,hollandmitchell@example.com,2025-02-09
5826,Lisa Sanchez,suttonvictoria@example.com,2026-01-22
5827,Lindsey Rowland,xstephenson@example.com,2025-09-04
5828,Christopher Woods,griffinjohn@example.com,2025-03-16
5829,Brenda Schwartz,gibsonkristen@example.org,2026-01-08
5830,James Stevenson,paulfox@example.com,2025-05-30
5831,Derek Mendez,ffuller@example.net,2025-09-30
5832,Nicholas Chavez,daviespatrick@example.org,2026-02-03
5833,John Johnson,lisa14@example.com,2025-11-03
5834,Mr. Antonio Wilson,nwilson@example.net,2025-08-11
5835,Carl Jackson,laura98@example.net,2025-05-31
5836,Lauren Smith,figueroashannon@example.org,2026-02-04
5837,Joyce Salas,george70@example.net,2025-06-27
5838,Andrea Tucker,rachelburton@example.org,2025-12-09
5839,Elizabeth Williams,bmoreno@example.net,2025-10-22
5840,Mark Atkins,leah73@example.com,2025-12-30
5841,Lance Goodwin,burkecynthia@example.org,2025-09-13
5842,Stephanie Schmidt,blee@example.net,2026-01-13
5843,Elizabeth Lee,murphywhitney@example.net,2025-05-24
5844,Carlos Norman,trujillojanice@example.org,2025-03-29
5845,Sara Moyer,megansanders@example.com,2025-09-07
5846,Elizabeth Walls,usoto@example.org,2025-07-23
5847,Dr. Jeremiah Mitchell,karen83@example.org,2025-03-31
5848,David Cox,snyderrhonda@example.org,2025-12-21
5849,Jeremiah Guerrero,larry46@example.net,2025-03-25
5850,Michael Murphy,sandra08@example.org,2025-03-22
5851,James Butler,michaelwilliams@example.net,2025-02-05
5852,Michael Esparza,lori94@example.com,2025-10-15
5853,Patricia Rivera,mpratt@example.com,2025-05-23
5854,Tony Sanders,egomez@example.com,2025-12-17
5855,Francis Roach,qprice@example.org,2025-04-20
5856,Katie Ryan,jeffrey99@example.com,2025-10-29
5857,Benjamin Cox,joseph08@example.org,2025-07-24
5858,Matthew Sullivan,jonesmartha@example.com,2025-03-17
5859,Brian Smith,phillipsmartha@example.com,2025-08-29
5860,Kaitlin Higgins,ehooper@example.net,2026-01-10
5861,Mary Graham,marymullen@example.com,2025-09-21
5862,Sheri Taylor,edwardfleming@example.com,2025-05-28
5863,Dr. Matthew Koch DDS,bryan84@example.net,2025-06-04
5864,Rebecca Smith,odaniels@example.com,2025-05-22
5865,Sabrina Willis,kimberlymorrison@example.org,2025-09-25
5866,Philip Rhodes,trobinson@example.com,2025-03-22
5867,Jesus Rivera,fwalls@example.com,2025-08-26
5868,Randy Gibson,joshuacrawford@example.com,2025-11-04
5869,Andrea Garcia,thuffman@example.net,2025-07-13
5870,Bradley Martin,kirkwillis@example.org,2025-04-23
5871,Sally Wilson,hbooker@example.org,2025-10-19
5872,Elizabeth Harrison,bryantwendy@example.org,2025-12-21
5873,Damon Martinez,stephanie52@example.net,2025-07-09
5874,Hector Gill,clarkalicia@example.com,2025-05-22
5875,Brandy Hickman,hartterry@example.org,2025-02-06
5876,Eric Simmons,wporter@example.net,2025-09-14
5877,Ronald Anderson,mooreanthony@example.net,2025-06-07
5878,Christopher Stuart,samantha08@example.net,2026-01-14
5879,Maria Johnson,shawn81@example.com,2025-03-30
5880,Samuel Stephens,browntimothy@example.net,2025-10-04
5881,Nancy Wells,larryjackson@example.org,2025-11-21
5882,Michael Ramirez,marygarcia@example.org,2025-02-28
5883,Jennifer Burch,dana96@example.org,2025-07-01
5884,Joel Newman DVM,ithomas@example.com,2025-05-15
5885,Chad Strong,matthew91@example.com,2025-06-01
5886,Dana Waters,owensamy@example.com,2025-07-31
5887,Crystal Hoover,kimberly65@example.org,2025-08-22
5888,Rachel Walker,zthomas@example.net,2025-05-10
5889,Richard Herrera,bill07@example.com,2025-06-14
5890,David Fuller,jeffrey58@example.com,2025-06-03
5891,David Padilla,rrowe@example.com,2025-07-30
5892,Bradley Jones,andrewterry@example.net,2026-01-26
5893,Joshua Walls,ljames@example.com,2025-04-09
5894,Jacob Foster,mooremary@example.com,2025-08-11
5895,Ashley Cox,lgregory@example.org,2025-10-27
5896,Mrs. Grace Moore,nluna@example.net,2025-05-21
5897,Alexander Johnson,cmarks@example.net,2025-11-18
5898,Matthew Collins,abowers@example.net,2025-06-27
5899,Stephanie Kelly,wilsonrichard@example.org,2025-05-09
5900,Theodore Rowe,simpsonallen@example.com,2025-07-21
5901,Scott Newton,millererin@example.com,2025-05-03
5902,Laura Kim,jordan78@example.org,2026-01-28
5903,Derek Rich,leah87@example.com,2025-03-28
5904,Benjamin Barr,vhernandez@example.net,2026-01-10
5905,Christina Carson,xcross@example.net,2025-07-30
5906,Nicole Thomas,rogersjohn@example.org,2025-09-24
5907,Michele Potter,lortiz@example.org,2025-12-13
5908,Kimberly Maynard,graytrevor@example.com,2025-06-13
5909,Randy Rios,brownrichard@example.org,2026-01-10
5910,Sarah Torres,uskinner@example.org,2025-11-26
5911,Stephanie Harris,rwise@example.net,2025-10-02
5912,Jason Carter,brianjackson@example.net,2025-12-12
5913,Dennis Landry,warrensandra@example.net,2025-05-06
5914,Tracy Pierce,nancy36@example.org,2025-08-27
5915,Emma Simpson,derrickthompson@example.net,2025-07-28
5916,Joshua White,davisabigail@example.org,2025-12-18
5917,Jennifer Ellis,karina90@example.com,2025-04-30
5918,Hector Hansen,patrick12@example.net,2025-10-28
5919,Caroline Jennings,jcaldwell@example.org,2026-01-17
5920,Tony Moreno,wsimon@example.net,2025-05-17
5921,Judith Hudson,joseph12@example.org,2025-04-16
5922,Jason Walter,mosleymelanie@example.com,2025-08-11
5923,Andrea Morales,monroejeffrey@example.org,2025-06-26
5924,Michelle Reed,sbennett@example.com,2025-10-03
5925,Aimee Gutierrez,matthewreese@example.net,2025-05-27
5926,Katie Adams,fwilliams@example.net,2026-01-29
5927,Sara Reese,hernandezlydia@example.net,2025-10-10
5928,David Leonard,davenportmichael@example.net,2025-07-02
5929,Beverly Brown,manuelsilva@example.net,2025-02-06
5930,Tammy Keith,taylorrebecca@example.net,2025-12-05
5931,Julia Bishop,matthewsdeborah@example.com,2025-08-24
5932,Shawn Stevens,parkjustin@example.net,2025-03-04
5933,Alyssa Hull,xwilliams@example.net,2025-04-03
5934,Trevor Young,morriscarolyn@example.net,2025-05-18
5935,Joshua Reynolds,smithapril@example.com,2026-01-14
5936,Thomas Willis,gravessamuel@example.org,2025-06-06
5937,Joseph Reyes,charles20@example.net,2025-12-19
5938,John Peterson,brianwilliams@example.org,2025-07-22
5939,Raymond Washington,deborah20@example.org,2025-05-16
5940,William Jenkins,megan77@example.com,2025-11-25
5941,Larry Chung,carsonbrian@example.com,2025-06-06
5942,Brian Hale,kara98@example.com,2025-09-12
5943,Joshua Morrison,wmason@example.com,2026-02-01
5944,Elizabeth Jones,barnetttami@example.org,2025-07-14
5945,Kayla Roberson,angelale@example.org,2025-03-14
5946,Morgan Brown,tracyjones@example.net,2025-06-13
5947,Edward Hernandez,greenrebecca@example.net,2025-10-15
5948,Michelle Sanford,cgutierrez@example.net,2025-12-15
5949,Luis Lawson,melissagilbert@example.org,2026-01-24
5950,Rachel Neal,reyesvictoria@example.org,2025-05-23
5951,Robert Garcia,megan47@example.org,2025-11-26
5952,Kathy Nash,jason80@example.com,2025-10-11
5953,Dr. Roy Hanson,cphillips@example.org,2025-03-07
5954,David Miller,uwright@example.net,2025-02-26
5955,Monica Gomez,mark80@example.net,2025-08-30
5956,William Carr,llopez@example.net,2025-05-07
5957,Joe Marshall,erikaturner@example.org,2025-07-24
5958,Monique Schultz,davidfernandez@example.org,2025-11-05
5959,Emily Harrell,nataliehall@example.com,2025-10-06
5960,Steven Foster,greenrobert@example.net,2025-03-25
5961,Anne Snyder,robinglass@example.net,2025-12-30
5962,John Kirk,daniel31@example.org,2025-02-27
5963,David Cook,dmartinez@example.net,2025-11-11
5964,Travis Gonzales,cheryl88@example.org,2025-12-24
5965,Christopher Jackson,afisher@example.org,2026-01-15
5966,Melissa Foster,elizabethroberts@example.org,2025-04-04
5967,Brian Williams,kyliefloyd@example.com,2025-05-05
5968,Devin Howell,rhickman@example.org,2025-11-29
5969,Noah Caldwell,elizabethhanson@example.net,2025-08-08
5970,Angie Williams,michaelmueller@example.com,2025-05-27
5971,Angela Arroyo,orobinson@example.com,2025-08-24
5972,Nicole Rivera,joseph31@example.net,2025-07-09
5973,Christy Moore,rsmith@example.com,2025-06-01
5974,Mr. David Luna,vthomas@example.com,2025-08-10
5975,April Melendez,laguirre@example.net,2025-08-07
5976,Vincent Hunt,mmarshall@example.org,2025-12-10
5977,Scott Huff,williamsscott@example.com,2025-07-07
5978,Erin Donaldson,lindaallen@example.org,2025-04-29
5979,Jillian Fisher,christinewhite@example.com,2025-08-24
5980,Donald Crane,rossalan@example.com,2025-04-29
5981,Samantha Mercer,bhoward@example.net,2025-04-22
5982,Brian Waller,douglasemily@example.net,2025-10-15
5983,Mark Torres,felicia47@example.net,2025-11-14
5984,Stephanie Lopez,stephaniemorgan@example.org,2025-05-24
5985,Teresa Hill,ronaldparker@example.net,2025-10-19
5986,Mary Sullivan,qford@example.com,2025-12-06
5987,Pamela Stewart,brooksjames@example.net,2025-06-23
5988,Lindsey Howard,morrisonsarah@example.com,2025-05-20
5989,Charles Clark,richard40@example.com,2025-09-12
5990,Kimberly Smith,kellyjennings@example.org,2025-11-26
5991,Karen James,andersonnicole@example.org,2025-11-08
5992,Luke Fritz,andrew94@example.net,2025-03-19
5993,Kristina Walker,ericarogers@example.net,2025-11-09
5994,Mark Dennis,tracy19@example.com,2025-04-10
5995,Dr. Alexander Haney,bsingleton@example.com,2025-03-10
5996,Emily Jones PhD,amandawagner@example.com,2025-03-10
5997,David Pham,michelle68@example.com,2025-05-19
5998,Erin Burton,cwhite@example.org,2025-12-16
5999,Chase Jones,amartinez@example.net,2025-07-14
6000,Jack Elliott,barrettrichard@example.com,2025-11-02
6001,Joel Schneider,darrell46@example.com,2025-05-21
6002,Dennis Williams,yorkjames@example.org,2025-06-19
6003,Stefanie Powers,stevensjill@example.net,2025-10-04
6004,Taylor Hayes,alyssataylor@example.org,2025-03-24
6005,Taylor Peters,davisamber@example.org,2026-01-07
6006,Taylor Martin,janice58@example.com,2025-05-19
6007,Veronica Holmes,casey66@example.org,2025-09-20
6008,Juan Sullivan,twhite@example.com,2025-02-05
6009,Kathryn Peters,greermiguel@example.net,2025-04-28
6010,April Jenkins,qgreen@example.org,2025-04-15
6011,David Dudley,daniel46@example.com,2025-04-06
6012,Jessica Aguilar,ityler@example.net,2025-11-06
6013,James Sanchez,heather30@example.net,2025-12-03
6014,Christina Hendricks,bradfordcarrie@example.com,2025-10-11
6015,John Perry,josephboyd@example.net,2026-02-05
6016,Jonathan Cisneros,catherinecarpenter@example.com,2025-02-07
6017,Tracy Espinoza,tonya43@example.net,2026-01-05
6018,Amanda Turner,pricebenjamin@example.org,2025-03-08
6019,Ian Knight,bsnyder@example.net,2025-11-12
6020,Alejandro Nguyen,stephanie88@example.com,2025-12-26
6021,Mr. Henry Simmons,lozanonicholas@example.org,2025-05-23
6022,Joshua Franklin,mullenrobin@example.net,2025-08-27
6023,Gilbert Ware,kenneth67@example.org,2025-09-29
6024,Don Ward,robertaguilar@example.com,2026-01-06
6025,Donald Bates,fitzgeraldmichael@example.net,2025-04-16
6026,Sarah Richardson,kristenkane@example.com,2025-04-07
6027,Melinda Adams,cooknicolas@example.org,2025-07-21
6028,Melissa Briggs,millermichael@example.net,2025-10-26
6029,Christopher Benton,sbenjamin@example.org,2025-04-11
6030,Jeffery Espinoza,kellyelliott@example.net,2025-04-14
6031,Albert Underwood,lperez@example.com,2025-04-09
6032,Candace Johnson,christopherpowers@example.net,2026-01-07
6033,Susan Griffin,bellkevin@example.com,2025-04-29
6034,Danielle Marshall,jared44@example.net,2026-01-16
6035,Michael Flores,vnunez@example.com,2025-02-10
6036,Robert West,llee@example.org,2025-11-29
6037,Teresa Doyle,sancheznicholas@example.org,2025-02-25
6038,Joel Lambert,meagan27@example.com,2025-11-10
6039,Ann Elliott,beltranconnor@example.com,2025-03-27
6040,Tiffany Mitchell,tbarr@example.com,2025-07-15
6041,James Snow,chad79@example.com,2025-10-29
6042,Michael Krause,hferguson@example.com,2025-03-11
6043,Brian Day,rose58@example.org,2025-10-04
6044,Justin Khan,maureenjohnson@example.com,2025-07-14
6045,David Oneal,andersonchristopher@example.net,2025-12-30
6046,Patrick Morgan,egarcia@example.com,2025-03-27
6047,David Jackson,angela23@example.com,2025-06-16
6048,Tracy Taylor,fgriffin@example.net,2025-06-02
6049,James Lambert,scott31@example.org,2025-02-17
6050,Timothy Larsen,wrightphillip@example.net,2025-08-21
6051,Pamela Mason,amandaadams@example.com,2025-12-21
6052,Jennifer Barnett,jcontreras@example.net,2025-05-10
6053,Andrea Andrews,bobby14@example.com,2025-03-24
6054,Jennifer Park,mary43@example.org,2025-07-04
6055,Stephanie Rowe,qbrown@example.com,2025-03-27
6056,Jason Daniel,lisaross@example.org,2025-08-18
6057,Thomas Johnson,hayesnicholas@example.com,2025-11-09
6058,Alice Welch,kelseycooper@example.com,2025-03-09
6059,Mary Solis,loriwright@example.com,2025-09-05
6060,Andrew Mann,reginaallen@example.org,2025-02-23
6061,Michael Watson,nelsoncharles@example.com,2025-11-01
6062,Cristian Hill,bentonbenjamin@example.com,2025-03-12
6063,Thomas Powell,masonalexander@example.org,2025-08-23
6064,Miranda Ross,melissasoto@example.com,2025-11-17
6065,Melissa Carrillo,owenskaren@example.org,2025-03-23
6066,Amy Lynch,cheryl58@example.org,2025-05-19
6067,Maureen Smith,kaylalopez@example.org,2025-10-07
6068,Margaret Ramirez,harrismichael@example.org,2025-09-20
6069,Amanda Moore,glennyoung@example.com,2025-09-02
6070,Michael Whitney,garyalexander@example.com,2025-09-02
6071,Ronald Moore,ian13@example.com,2025-11-14
6072,Julie Montgomery,zhodges@example.net,2025-02-17
6073,Jacob Anderson,ray98@example.net,2025-04-14
6074,April Long,cynthia73@example.net,2025-04-26
6075,Christopher Hahn DDS,eddieking@example.com,2025-05-27
6076,Jeremy James,campbelldebbie@example.net,2025-03-08
6077,Jonathan Martin,timothy82@example.com,2025-11-13
6078,Aaron Shaw,rasmussenchloe@example.com,2025-06-02
6079,Kevin Morris,jessica58@example.com,2025-12-23
6080,Ryan Cooper,christine51@example.org,2025-06-03
6081,Jacob Saunders,fkelley@example.com,2025-09-19
6082,Michelle Nichols,georgewall@example.com,2025-05-27
6083,Katrina Burton,petersmelissa@example.org,2025-04-06
6084,Stacy Todd,poncesamantha@example.org,2025-12-31
6085,Allison James,omartin@example.org,2026-01-03
6086,John Solomon,tgalvan@example.org,2025-07-07
6087,Ashley Sharp,ldiaz@example.net,2025-12-06
6088,Erik Mosley,madeline95@example.org,2025-06-26
6089,Katie Lee,harveybrendan@example.net,2025-09-10
6090,Tiffany Morgan,lisaallen@example.org,2025-02-27
6091,Jason Perez,elizabeth23@example.org,2025-04-15
6092,Carl Miller,hbooth@example.com,2025-04-24
6093,Christina Wilson,chelsea21@example.com,2026-01-30
6094,Erin Turner,pperez@example.net,2025-05-29
6095,Shannon Taylor,trevinocharles@example.org,2025-12-31
6096,Jose Mathis,torreslisa@example.net,2025-05-23
6097,Casey Smith,kvaughn@example.net,2025-02-18
6098,Adrian White,michael80@example.com,2026-01-23
6099,Colin Martinez,powellrachael@example.org,2025-10-30
6100,Wyatt Reyes,mckenziestephanie@example.org,2025-02-18
6101,Jennifer Marks,perezjon@example.net,2025-06-16
6102,Alex Mercado,michelle70@example.org,2025-02-19
6103,Willie Stevens,dustin07@example.com,2025-04-06
6104,Misty Garcia,xfisher@example.net,2025-06-26
6105,James Thomas,ccabrera@example.org,2025-09-09
6106,Melissa Lewis,kathryn09@example.com,2025-09-18
6107,Andrea Johnson,debra73@example.org,2025-12-21
6108,Michael Lozano,andrea63@example.com,2025-09-20
6109,Keith Carter,jlee@example.org,2025-08-02
6110,Ryan Gross,jonathan43@example.com,2025-12-29
6111,Melissa Sellers,connorholland@example.org,2025-02-10
6112,Jerry Nguyen,pamela95@example.com,2025-09-16
6113,Jessica Boyer,yclark@example.org,2025-11-28
6114,Judith Jensen,donna05@example.net,2025-05-05
6115,Kendra Burton,gnewman@example.org,2025-02-22
6116,Jessica Cuevas,millerterri@example.org,2025-04-26
6117,Allison Collins,jamesmccormick@example.net,2025-05-09
6118,Elizabeth Young,hannadanielle@example.com,2025-03-19
6119,Lori Mann,jessicaatkins@example.net,2025-08-20
6120,Mary Hines,suttonwilliam@example.com,2025-03-19
6121,Christopher Sanchez,xramirez@example.org,2025-11-01
6122,Mary Stevens,sanchezrobert@example.org,2025-06-08
6123,Sarah Velez,anna05@example.com,2025-04-18
6124,Alexandria Johns,danielharris@example.com,2025-12-13
6125,Andrew Ramos,sarahdunn@example.org,2025-04-08
6126,Holly Williams,marissa28@example.net,2025-10-28
6127,Mr. Brett Williams,nerickson@example.net,2026-02-05
6128,William Carson,nbrown@example.org,2025-07-25
6129,Melissa Ewing,sheila68@example.net,2026-02-01
6130,Jamie Jordan,omorris@example.org,2025-05-22
6131,Jose Lane,hollowaycory@example.net,2025-10-26
6132,Rachel Horn,james73@example.org,2025-09-01
6133,Gary Burton,asanders@example.com,2025-05-26
6134,Elizabeth Smith,brownlisa@example.net,2025-06-17
6135,Olivia Espinoza,smithadam@example.com,2025-07-27
6136,Robert Gonzalez,michaellam@example.net,2025-07-21
6137,Thomas Wood,emily06@example.net,2026-01-23
6138,Wendy Mitchell,henryariana@example.net,2025-12-07
6139,Heather Hubbard,jamesedward@example.net,2025-12-08
6140,Stephen Navarro,knoxmelanie@example.net,2025-12-26
6141,Faith Esparza,barry79@example.org,2025-11-27
6142,Jon Palmer,mendozajoseph@example.com,2026-01-08
6143,Emily Long,jimmy11@example.net,2025-10-28
6144,Jenna Gonzales,richard40@example.net,2026-01-31
6145,Jeffery Foster,monique56@example.com,2025-02-18
6146,Lauren Rivera,kmontes@example.net,2025-08-10
6147,Andrew Johnson,staffordterri@example.com,2026-01-26
6148,Sean Jones,uharrington@example.com,2025-12-28
6149,Kayla Thompson,castillobethany@example.net,2026-01-25
6150,Hailey Luna,robert51@example.net,2025-09-16
6151,Dawn Blevins,walljuan@example.net,2025-12-11
6152,Martin Davis,lisa75@example.org,2025-04-24
6153,Maria Leon,zwood@example.com,2025-10-13
6154,Tony Eaton,willievargas@example.org,2025-07-05
6155,David Cordova,levynicole@example.org,2025-06-30
6156,Edward Moore,meganrhodes@example.org,2025-06-28
6157,Toni Parsons,storres@example.com,2025-08-07
6158,Paul Mann,katherinewilson@example.com,2025-03-15
6159,Daniel Thompson,tammy62@example.org,2025-04-30
6160,Mrs. Diane Patton,solistimothy@example.net,2025-07-01
6161,Kristine Jordan,johnhiggins@example.org,2025-09-11
6162,Jason Pena,claire42@example.org,2025-02-25
6163,Robin Rodriguez,terri19@example.com,2025-07-01
6164,Hunter Simmons,cgoodman@example.net,2025-06-18
6165,Steven Davis,vincent54@example.org,2025-03-22
6166,Jaime Davis,matthewsmith@example.net,2025-07-25
6167,Jose Lucas,xshea@example.org,2025-12-28
6168,John Allen,robersongabriella@example.org,2025-05-22
6169,Nina Ferguson,michael00@example.org,2025-08-17
6170,Ryan Brown,williamcompton@example.net,2026-01-11
6171,Todd Dickson,theresamurphy@example.org,2025-08-21
6172,Jeffrey Taylor,kathy40@example.net,2026-01-06
6173,Michael Patel,bartlettjenna@example.com,2025-07-27
6174,Thomas Kaiser,danielle77@example.com,2025-06-10
6175,Timothy Dorsey,harringtonalexander@example.net,2026-01-14
6176,Albert Hines,laura98@example.com,2025-12-02
6177,Miguel Thomas,sethsmith@example.com,2025-12-18
6178,Chelsea Howard,glennnguyen@example.com,2025-02-06
6179,David Miller,watsondonald@example.com,2025-05-06
6180,Lisa Wolfe,jasonsmith@example.org,2025-05-27
6181,Raymond Russell,jodigillespie@example.net,2025-03-21
6182,David Franklin,robin19@example.com,2025-06-03
6183,Todd Nelson,annettetaylor@example.com,2025-08-26
6184,Cindy Orozco,bakerscott@example.net,2025-04-24
6185,Lynn Bradley,uking@example.com,2025-12-01
6186,Nicole Skinner,xrangel@example.com,2026-01-19
6187,Jason Craig,perezbryan@example.com,2025-12-16
6188,David Wilson,thomas31@example.org,2025-10-06
6189,Tiffany Garcia,christopherwilkins@example.com,2026-01-05
6190,Gregory Evans,robertmcbride@example.net,2025-06-30
6191,Donald Jones Jr.,russell61@example.com,2025-04-23
6192,Robert Ballard,woodmelvin@example.com,2026-01-12
6193,Elizabeth Thomas PhD,maryhopkins@example.com,2025-11-01
6194,Noah Nguyen,steven45@example.org,2025-09-12
6195,Brandon Ramos,hmeyer@example.org,2025-06-27
6196,Theodore Montgomery,monicamccarty@example.net,2025-02-10
6197,Bill Vaughan,masonkimberly@example.org,2025-12-25
6198,Sean Williams,tschultz@example.com,2025-11-11
6199,Wayne Wilson,mguerrero@example.com,2025-02-26
6200,Daniel Robertson,wilsoncarl@example.net,2025-07-17
6201,Bonnie Smith,katie32@example.org,2025-02-26
6202,Stephanie Harrington,amandagonzales@example.com,2025-07-01
6203,Laura Sanchez,roselisa@example.net,2025-06-26
6204,Darrell Anderson,hannahlittle@example.net,2026-01-31
6205,Brandon Jensen,andrew03@example.org,2025-05-25
6206,Wanda Harris,daniel01@example.org,2025-09-09
6207,David Lopez,mckeekristine@example.com,2025-09-17
6208,Robert Singh,jason02@example.com,2025-04-26
6209,Jasmine Sullivan,marcusgrimes@example.org,2025-06-22
6210,Charles Miller,mark96@example.com,2025-11-09
6211,Jesse Peters,lopezstephanie@example.org,2025-09-06
6212,Ivan Moore,mary17@example.org,2025-05-04
6213,Susan Harris,johnsonsteven@example.org,2025-07-08
6214,Brandon Hendrix,powellmarc@example.com,2025-07-13
6215,Kevin Clarke,davidsongerald@example.com,2025-03-16
6216,Steven Kelly,angelarivera@example.com,2025-10-17
6217,Randall Price,dominiconeill@example.org,2025-03-15
6218,Jason Wright,wbrown@example.net,2025-04-05
6219,Brandon Bolton,pearsoncrystal@example.net,2026-02-05
6220,Jessica Roberts,tmyers@example.com,2025-04-20
6221,Patricia Jordan,yolandaharding@example.org,2025-08-08
6222,Dr. Johnny Roberts,jennifer72@example.org,2025-05-10
6223,Annette Pruitt,mjones@example.org,2025-05-25
6224,James Cook,ghernandez@example.org,2026-01-28
6225,Mary Walters,ndelacruz@example.com,2025-04-29
6226,Joseph Miller,samanthacox@example.net,2025-07-07
6227,Margaret Jimenez,laurenrobbins@example.net,2025-11-30
6228,Amanda Jackson,cbrooks@example.org,2025-05-26
6229,Mark Vincent,william54@example.org,2025-09-16
6230,Michelle Klein,mark55@example.com,2025-06-17
6231,Shane Perkins,johnsonangela@example.org,2025-05-01
6232,Teresa Banks,hcox@example.com,2025-09-13
6233,Jay Wagner,hobbsmanuel@example.org,2025-09-24
6234,Gregory Underwood,ralphmorales@example.org,2025-09-09
6235,Dr. Scott Hutchinson,kwilson@example.com,2026-01-14
6236,Mark Tate,aaronrobinson@example.org,2025-09-15
6237,Barbara Wyatt,smithelizabeth@example.com,2025-11-10
6238,Shawna Wilson,william57@example.net,2025-08-28
6239,Penny West,zharris@example.net,2025-09-12
6240,Misty Mcdaniel,lesliemorris@example.org,2025-11-21
6241,Kenneth Briggs,pturner@example.net,2025-04-04
6242,Jessica Griffith,ramirezbailey@example.org,2026-01-14
6243,Raymond Thornton,sscott@example.org,2025-09-03
6244,Elizabeth Cook,nsexton@example.com,2025-06-18
6245,Angela Torres,acostatimothy@example.org,2025-12-21
6246,Matthew Ramos,ronald93@example.net,2025-04-23
6247,Troy Cline,jrobles@example.net,2025-02-10
6248,Allen Lawson,brendacarr@example.org,2025-10-12
6249,Amanda Logan,jacksonsean@example.net,2025-04-05
6250,Timothy Wong,daniel36@example.org,2025-09-18
6251,Christina Washington,benjaminnelson@example.com,2025-12-09
6252,Jonathan Peters,michelle44@example.net,2025-06-26
6253,Melissa Edwards,robert42@example.org,2026-01-30
6254,Eric Christensen,kenneth01@example.org,2025-02-13
6255,Keith Hill,aliann@example.org,2025-08-25
6256,Deborah Johnson,tuckerandrew@example.net,2025-08-17
6257,Melissa Krueger,mariabrown@example.org,2025-07-30
6258,Michael Mitchell,floresmadison@example.com,2025-05-06
6259,Stephanie Burgess MD,oporter@example.com,2025-03-04
6260,Andrew Ward,weavertaylor@example.com,2025-02-28
6261,Denise Wright,wwang@example.net,2025-07-09
6262,Dominique Jefferson,williamslaura@example.org,2025-07-17
6263,Linda Duran,xbrown@example.org,2025-12-09
6264,Scott Rivera,denise64@example.org,2025-10-23
6265,Diane Farrell,npittman@example.net,2025-09-10
6266,Daniel Martinez,shane32@example.com,2025-11-19
6267,Ariana Martin,jaclyn65@example.org,2025-11-14
6268,Cynthia Wheeler,griffinjoseph@example.com,2025-09-16
6269,Matthew Torres,browningstephanie@example.org,2025-08-25
6270,Brian Davis,mikecowan@example.net,2025-05-27
6271,David Carr,edwardsdylan@example.org,2025-06-08
6272,Amber Roberts,powellpamela@example.com,2025-12-05
6273,Ashley Neal,anna35@example.org,2025-12-24
6274,Rebecca Galloway,jonesdanielle@example.net,2025-11-09
6275,Crystal Moses,ellispenny@example.net,2025-10-26
6276,Bobby Gregory,lisawilliams@example.com,2025-03-10
6277,Eric Kelley,donna19@example.net,2025-03-31
6278,Candace Robbins,colleen42@example.org,2025-02-18
6279,April Levine,fsanders@example.org,2025-10-17
6280,Deborah Nguyen MD,jonrobinson@example.org,2025-11-27
6281,Robert Brown,xcunningham@example.org,2025-02-22
6282,Shawn Braun,contrerassarah@example.org,2025-08-30
6283,Amber Grant,williammiller@example.net,2025-09-25
6284,Danielle Vincent,anna54@example.net,2025-10-04
6285,Amanda Anderson,osanchez@example.org,2025-09-10
6286,Janet Smith,ashleyjohnson@example.org,2025-12-04
6287,Janet Cohen,javier51@example.com,2025-12-06
6288,Joseph Anderson PhD,vanessahanson@example.com,2025-10-06
6289,Amber Morales,stacy40@example.net,2025-04-24
6290,Nancy Peters,leetimothy@example.com,2025-10-09
6291,Matthew Simmons,kellyhuff@example.org,2025-12-24
6292,Stephanie Abbott,pliu@example.org,2025-07-24
6293,Casey Morgan,thomaskevin@example.com,2025-12-17
6294,Tonya Carroll,jmorgan@example.com,2025-03-03
6295,Amy Chandler,kreese@example.org,2025-12-31
6296,Benjamin Hoover,thomasmelinda@example.org,2025-06-19
6297,James Kennedy,matthew35@example.net,2025-10-26
6298,Justin Bryan,christina32@example.net,2025-12-28
6299,Blake Williams,fernandowagner@example.net,2025-11-22
6300,Melissa Hurley,denise45@example.com,2025-09-15
6301,Mario Baird,lisaclarke@example.net,2025-02-19
6302,Candace Thompson,stevengreen@example.org,2025-11-22
6303,Angela Martin,josephfrank@example.org,2025-03-27
6304,Martin Quinn,keycharles@example.org,2026-01-15
6305,Ryan Abbott,dominic00@example.com,2026-01-11
6306,Meagan Rush,ublackwell@example.com,2025-06-21
6307,Sarah Pearson DVM,aliciathompson@example.net,2025-04-10
6308,Aaron Rodriguez,jamesanderson@example.net,2025-05-10
6309,Marcus Smith,charlesross@example.net,2025-06-28
6310,Ana Walker,ymartin@example.net,2025-04-07
6311,Christian Campbell,samuelatkinson@example.com,2025-11-10
6312,Dominique Bird,sellersjames@example.com,2025-11-11
6313,Latoya Mueller,patelshannon@example.org,2025-07-04
6314,Elizabeth Singleton,curtiswilliams@example.com,2025-04-25
6315,Rachel Koch,cross@example.com,2025-06-06
6316,James Clark,jamie18@example.com,2025-07-11
6317,Samuel Jackson,wmccann@example.net,2025-06-07
6318,Samuel Vega,savagemark@example.org,2025-02-13
6319,William Randall,bakersusan@example.net,2025-09-17
6320,Michael Allen,bmitchell@example.com,2025-03-29
6321,Jesus Harris,richcheryl@example.com,2025-04-19
6322,Nichole Hicks,anthonyguzman@example.com,2025-10-11
6323,Robert Graham,angelawilliams@example.net,2026-01-13
6324,Carol Maldonado,dblack@example.net,2025-12-20
6325,Clinton Carter MD,johnsonkevin@example.com,2025-08-28
6326,John Ritter,heatherblack@example.org,2025-05-05
6327,Erin Lopez,moorejeffrey@example.com,2025-07-11
6328,Michael Newman,gerald13@example.org,2025-03-04
6329,Brenda Chan,graychad@example.com,2025-10-09
6330,Richard Lopez,myersmichelle@example.com,2025-07-30
6331,John Wade,griffithrandall@example.com,2025-04-06
6332,Daniel Brown,lwilliamson@example.net,2025-09-15
6333,Stephanie Montgomery,ybennett@example.org,2026-02-03
6334,Levi Gomez,garzajonathan@example.net,2025-11-29
6335,Mr. Bruce Taylor,riverajennifer@example.org,2025-08-25
6336,Christopher Williams,rachelneal@example.com,2025-06-30
6337,John Rodriguez,bguzman@example.net,2025-04-01
6338,Jeanne Washington,smithdeanna@example.com,2026-02-01
6339,Kyle Doyle,mitchelljesse@example.org,2025-10-06
6340,Mark Branch,christopherhickman@example.net,2025-04-24
6341,Kathy Fowler,gwilliams@example.net,2025-07-21
6342,Andrew Garcia,letyler@example.com,2025-05-28
6343,Thomas Kelly,griffinfrancisco@example.net,2025-06-01
6344,Sarah Wu,kevinrussell@example.net,2025-09-02
6345,Brandon Martinez,kenneth16@example.net,2025-11-16
6346,Sandra Lloyd,davisluis@example.net,2025-09-21
6347,Michelle Conley,matthewcummings@example.org,2025-02-08
6348,Marisa Levine,robertmartinez@example.net,2025-12-20
6349,James Gregory,mdaniel@example.net,2025-10-08
6350,Michele Allison,thomasriley@example.org,2025-04-12
6351,Jonathan Prince,lisamiller@example.com,2025-05-06
6352,Jeffery Henderson,marcusmccall@example.org,2025-07-02
6353,Tiffany Romero,raymondbrian@example.org,2025-06-05
6354,James Stevens,angelasimpson@example.org,2025-10-02
6355,George Howard,ksosa@example.net,2025-09-12
6356,Samantha Schmidt,lmason@example.com,2025-06-11
6357,Daniel Johnson,cassidyconway@example.net,2025-02-15
6358,Shannon Kirby,lopezjill@example.net,2025-11-12
6359,Sandra Clarke,whitakereddie@example.org,2025-11-19
6360,William Scott,andrewsmith@example.org,2025-08-13
6361,April Macdonald,seanmurillo@example.net,2025-02-13
6362,Patrick Wright,sbuckley@example.org,2025-09-10
6363,James Young,kelli15@example.net,2025-04-04
6364,Angela Munoz,mjackson@example.com,2025-03-30
6365,Robert Houston,tanya96@example.org,2025-10-07
6366,Nancy Moss,mdelgado@example.com,2025-08-17
6367,Frances Shaffer,ohall@example.org,2025-09-13
6368,Kelly Murphy,wchambers@example.com,2025-06-22
6369,Evan Holland,anthony68@example.net,2025-04-18
6370,Amanda Jones,troy79@example.net,2025-02-10
6371,Robert Robinson,maria15@example.org,2025-08-22
6372,Guy Taylor,teresarich@example.net,2025-12-30
6373,Kendra Padilla,charles46@example.com,2025-08-04
6374,Brooke Compton,wscott@example.com,2025-10-26
6375,Mr. Michael Robinson DDS,morgandecker@example.net,2026-01-30
6376,Kevin Jackson,noahfreeman@example.org,2026-01-30
6377,Nicole Andrews,bgates@example.com,2025-11-05
6378,Jasmine Singleton,prios@example.org,2025-08-07
6379,Stephanie Carter,owenemily@example.com,2025-11-13
6380,Richard Barrett,valerietodd@example.com,2025-02-10
6381,Jill Ramirez DDS,wreeves@example.org,2025-02-09
6382,Karen Mullen,umorales@example.net,2025-06-29
6383,Jessica Elliott,hendersonerica@example.org,2025-06-03
6384,Ashley York,ewise@example.org,2025-02-21
6385,Carla Steele,kelly48@example.org,2025-03-14
6386,Charlene Chen,mariarobbins@example.org,2025-02-11
6387,Lisa Leon,vdixon@example.com,2025-03-19
6388,Cesar Jones,matthewssusan@example.org,2025-10-17
6389,Michael Roman,aaron81@example.com,2025-08-21
6390,Karen Williams,rjones@example.com,2026-01-15
6391,Jay Brown,sandovaljennifer@example.org,2025-08-28
6392,Abigail Douglas,samanthavaldez@example.org,2026-01-11
6393,John Butler,corey39@example.net,2025-06-13
6394,Debbie Moore,lbass@example.com,2025-09-19
6395,Dennis Martinez,hansenjoseph@example.com,2025-07-25
6396,Caitlyn Jones,kathleenthomas@example.org,2025-06-29
6397,Laura Douglas,tinasalazar@example.org,2025-11-25
6398,Jason Scott,xjohnson@example.com,2025-08-14
6399,Manuel Martinez,melaniebryant@example.com,2025-03-10
6400,Melissa Collins,james11@example.org,2025-07-29
6401,Keith Dixon,chendaniel@example.net,2026-02-05
6402,Eric Bush,ehammond@example.org,2025-12-05
6403,Melissa Wood,ayang@example.com,2025-12-19
6404,Tina Poole,jessica64@example.net,2025-06-13
6405,James Hendricks,lydia84@example.com,2025-03-05
6406,Victor Medina,fmoyer@example.org,2025-02-13
6407,Cynthia Jennings,andrew79@example.com,2025-06-06
6408,Mary Collins,dbecker@example.org,2025-11-02
6409,Joseph Yang,ifitzpatrick@example.org,2025-03-11
6410,Laura Brooks,okey@example.net,2025-06-25
6411,Gail Contreras,larry24@example.net,2025-08-25
6412,Jamie Garza,brittanymeyers@example.net,2025-12-14
6413,Kevin Chavez,timothy55@example.org,2025-03-15
6414,Tiffany Serrano,daniel07@example.com,2025-09-16
6415,Veronica Roth,gregoryjohnson@example.org,2025-10-02
6416,Kim Mata,john12@example.net,2025-07-30
6417,Heather Dixon,sherimurphy@example.net,2025-09-06
6418,Sergio Keith,eringreen@example.com,2025-03-04
6419,Angelica Rogers,maryward@example.net,2025-03-27
6420,Connie Kirk,robertslaura@example.net,2025-10-14
6421,Stephanie Miller,heatherflores@example.com,2025-07-01
6422,Anthony Roberson,timothy01@example.org,2025-05-07
6423,Marilyn Mata,belindacordova@example.net,2025-11-16
6424,Emily Cook,nlevy@example.com,2025-06-04
6425,David Torres,ritagarcia@example.com,2025-02-27
6426,John Carr,joannephillips@example.net,2025-03-07
6427,Vanessa Costa,jefferyorr@example.org,2026-01-02
6428,Stacey Greene,kelli74@example.com,2025-09-07
6429,Zachary Booth,tjackson@example.net,2025-11-19
6430,Ian Lindsey,jenna59@example.net,2025-11-23
6431,Jason Francis,sarah18@example.net,2025-10-21
6432,Shawn Boyle,churchdenise@example.com,2025-11-22
6433,Gabriel Huang,jessica83@example.net,2025-02-28
6434,Christina Crawford,rhondagalloway@example.com,2025-05-12
6435,Cynthia Cobb,jacksontamara@example.com,2025-10-17
6436,Derrick Bowers,candacewalton@example.net,2025-07-30
6437,Kim Stephens,heatherjordan@example.org,2025-03-03
6438,Ashley Clayton,keithcynthia@example.org,2025-07-30
6439,James Reed,rwalton@example.com,2025-05-15
6440,Linda Mejia,karen79@example.com,2025-12-06
6441,Tonya Tapia,xwright@example.com,2025-11-26
6442,Jonathan Hernandez,omontgomery@example.com,2025-12-16
6443,Christine Williams,ecollins@example.org,2025-07-26
6444,Daniel Johnson,emilycontreras@example.net,2025-07-20
6445,Alexis Williamson,holmesjoseph@example.org,2025-05-08
6446,Deborah Cox,melissa71@example.net,2026-01-03
6447,Stephanie Copeland,pattersonsamuel@example.net,2025-04-11
6448,Mrs. Teresa Hill,josephwhitaker@example.net,2025-03-06
6449,Lori Allen,cohenjoe@example.net,2025-07-09
6450,Yolanda Cortez,angela11@example.com,2025-10-04
6451,Sheila Boyd,cassie43@example.org,2025-11-24
6452,Michael Harper,uhendricks@example.net,2025-05-26
6453,Holly White,stephanievasquez@example.org,2025-09-30
6454,Ashley Larson,wintersvincent@example.com,2025-10-28
6455,Keith Gonzalez,srichards@example.net,2025-06-02
6456,Daniel Reyes,bonnieparrish@example.com,2026-01-05
6457,Christopher Jensen Jr.,cnelson@example.org,2025-12-15
6458,Mario Martinez,millsjames@example.net,2025-11-24
6459,Elizabeth Baker,mjenkins@example.net,2025-04-06
6460,Brian Cantu,valexander@example.com,2025-04-01
6461,Krista Rowe,xdiaz@example.com,2025-10-25
6462,Scott Johnson,vpalmer@example.net,2025-04-12
6463,Crystal Todd,nancyhouston@example.org,2025-09-25
6464,Amy Larson,raymond96@example.org,2026-02-03
6465,Erica Williams,gprice@example.net,2025-04-02
6466,Misty Castillo,mike62@example.org,2025-06-14
6467,Nicholas Hutchinson,uallen@example.com,2025-06-27
6468,Ashley Small,ericacarrillo@example.com,2025-11-01
6469,Cheryl Reeves,iwarner@example.org,2025-05-02
6470,Danielle Wilkerson,erodriguez@example.com,2025-11-01
6471,Nicholas Ramsey,gregory58@example.com,2025-09-24
6472,Michael Ward,chenjohn@example.net,2025-10-29
6473,Michael Dudley,wdavis@example.org,2025-07-11
6474,Laura Reed,maria20@example.com,2025-08-24
6475,Joshua Krause,ygarza@example.org,2025-03-25
6476,Brian Martin,vboyd@example.com,2025-07-12
6477,Alexandra Schmidt,smithjill@example.com,2025-11-30
6478,Robert Reyes,saracross@example.com,2025-08-03
6479,Sabrina Ramirez,tracyrobinson@example.com,2026-01-02
6480,Christine Griffin,littlejason@example.com,2026-01-02
6481,Anna James,kristen00@example.org,2026-01-12
6482,Olivia Rodriguez,ijohnston@example.net,2025-02-26
6483,Kelly Armstrong,carol32@example.org,2025-04-10
6484,Justin Mitchell,qmitchell@example.net,2025-11-14
6485,Bryan Johnson,john84@example.com,2025-04-25
6486,Joyce Brown,jhunter@example.com,2025-10-21
6487,Kevin Barrett,corey04@example.com,2025-10-02
6488,Regina Hines PhD,cruzstacy@example.com,2025-11-21
6489,Tracy Strong,faustin@example.com,2025-05-28
6490,Paul Evans,martinezraymond@example.net,2025-09-13
6491,Anne Fernandez,dsmith@example.com,2025-09-28
6492,Daniel Moore,yperez@example.org,2025-06-29
6493,Marcus Warren,mark40@example.net,2025-03-28
6494,Michelle Morales,erikdavis@example.net,2026-01-02
6495,Diana Young,wgarcia@example.net,2025-11-21
6496,Lauren Hale,benjaminmayo@example.org,2025-02-26
6497,Edward Clark,millerjacob@example.com,2025-05-22
6498,Tracy Pearson,karennorman@example.org,2025-10-06
6499,Justin Brown,trandall@example.org,2025-07-09
6500,Craig Martin,williamsmelissa@example.com,2025-04-15
6501,William Morris,sullivananthony@example.org,2025-03-19
6502,Amy Kelley,kathleen05@example.org,2025-09-25
6503,Lisa Holden,april58@example.com,2025-07-19
6504,Devin Stevens,hannah33@example.com,2025-02-21
6505,Michelle Smith,sandovalelizabeth@example.com,2025-04-19
6506,Craig Reese,ldennis@example.org,2025-07-28
6507,Dr. Matthew Smith Jr.,velasquezpatrick@example.com,2026-02-01
6508,Anthony Marquez,deborahwhite@example.org,2025-11-04
6509,April Scott,millerbarbara@example.org,2025-12-19
6510,Caroline Owen,brittany37@example.net,2025-05-17
6511,Maria Koch,jeffreynichols@example.com,2025-11-20
6512,Jeffrey Chavez,roberttyler@example.net,2025-12-26
6513,Brad Huffman,rebeccabecker@example.net,2025-06-29
6514,Holly Black,ashley52@example.net,2026-01-22
6515,Kelly Lee,davidduke@example.org,2025-03-09
6516,Sara Miller,mark51@example.org,2025-10-02
6517,Bradley Stephens,johnmartinez@example.org,2025-10-24
6518,Mary Romero,ywood@example.com,2025-10-24
6519,Omar Hernandez,davidgarza@example.org,2025-04-02
6520,Heather Davis DDS,molly66@example.com,2025-12-13
6521,Meghan King,sanchezjulian@example.net,2025-04-19
6522,Brett Perkins,timothycooper@example.net,2025-12-14
6523,Jacqueline Burton,daybethany@example.com,2025-08-16
6524,Karen Thomas,sallymatthews@example.com,2025-05-26
6525,Melissa James,gonzalezjamie@example.net,2025-07-25
6526,Cameron Hall,stricklandjason@example.org,2025-11-17
6527,David Green,zthomas@example.net,2025-05-05
6528,Ricardo Adkins,kimjoshua@example.net,2025-09-08
6529,Amy Castillo,burtonbrittany@example.com,2025-10-21
6530,Melissa Swanson,jorge81@example.com,2025-07-09
6531,Mary Rodriguez,michaelboone@example.com,2025-12-29
6532,Joseph Watts,walter77@example.org,2025-09-07
6533,Seth Moore,jessica70@example.net,2025-12-11
6534,Raymond Allen,ysmith@example.net,2025-10-13
6535,Loretta Scott,jessicachen@example.net,2025-03-12
6536,Wesley Matthews,christopher24@example.net,2025-03-14
6537,Brian Conrad,jose42@example.com,2025-08-19
6538,Jordan Garza,christopherjohnson@example.com,2025-03-01
6539,Suzanne West,hrodriguez@example.org,2025-02-24
6540,Sherry Montgomery,emoore@example.org,2025-03-30
6541,Diana Cook,elizabethmills@example.com,2025-07-06
6542,Gregory Hardy,kimberlyfritz@example.org,2025-05-11
6543,Amber Evans,erin46@example.org,2025-02-14
6544,Jade Mcmahon,david95@example.com,2025-09-27
6545,James Chaney,sarahsimon@example.org,2026-01-30
6546,Duane Dean,barbersarah@example.com,2026-01-26
6547,Robert Mccoy,howardandrew@example.net,2025-02-24
6548,Douglas Gomez,vfrench@example.net,2025-09-08
6549,Adam Smith,ewilliams@example.com,2025-11-10
6550,Christina Brown,teresa04@example.net,2025-03-14
6551,Grace Flores,farrellarthur@example.org,2025-03-11
6552,Antonio Nguyen,tracey93@example.org,2025-11-25
6553,Jason Villa,timothy59@example.com,2025-06-02
6554,Deborah Edwards,parkanita@example.com,2025-12-08
6555,Caitlin White,terrysamantha@example.org,2025-02-11
6556,Matthew Ross,katherine09@example.com,2026-01-21
6557,Crystal Terry,millerlisa@example.net,2026-01-12
6558,Sara Martin,gilesrobert@example.org,2025-06-05
6559,Charlotte Perkins,thomasandrew@example.com,2025-08-26
6560,Kyle Jones,daryl95@example.com,2026-02-05
6561,Isaiah Sanchez,kwells@example.com,2025-12-27
6562,Jill Flores,meghanclark@example.com,2025-08-13
6563,Casey Frazier,steeledaniel@example.com,2025-05-07
6564,James Parker,marcus26@example.net,2025-05-09
6565,Theresa Woodward,wcabrera@example.com,2025-02-09
6566,Nichole Price,tami18@example.com,2025-09-14
6567,James Higgins,nhahn@example.net,2025-05-06
6568,James Mitchell,wromero@example.net,2025-06-06
6569,Gary Barnett,jackieterry@example.net,2025-11-03
6570,Laura Maddox,gabriel15@example.com,2025-10-17
6571,Sandra Wood,justinwhite@example.com,2025-11-29
6572,Daniel Henry,adkinsbenjamin@example.org,2025-11-04
6573,Karen Fleming,wrojas@example.org,2026-01-21
6574,Troy Brewer,amberwilliams@example.net,2025-07-08
6575,Courtney Coleman,katherineoconnell@example.org,2026-01-08
6576,Jeremy Bryant,dawnperry@example.org,2025-06-04
6577,Hannah Clay,ashleylopez@example.net,2025-07-13
6578,Justin Leonard,davidchristian@example.org,2025-03-19
6579,Christopher Davis,valentineterry@example.org,2025-08-08
6580,Gabriela Nixon,danaoneal@example.org,2025-08-12
6581,Jessica Wilson,carterkatherine@example.com,2025-05-07
6582,Joseph Baldwin,linda60@example.org,2025-05-19
6583,Tracey Shea,robert43@example.com,2025-03-06
6584,Joseph Brown,christopher37@example.com,2025-08-10
6585,Susan Williams,chasejoseph@example.com,2025-03-18
6586,James Walton,manuelbennett@example.org,2025-09-18
6587,Caleb Porter,roger16@example.org,2025-05-06
6588,Miguel Little,pnunez@example.com,2026-01-18
6589,Brittany Miller,bakersteven@example.org,2025-10-02
6590,Terri Long,susancastillo@example.net,2025-10-27
6591,Cheryl Smith,joshuasmith@example.org,2025-05-07
6592,Elizabeth Kane,jeffrey81@example.org,2026-01-10
6593,Christina Cobb,castrojay@example.com,2025-04-05
6594,Michael Howard,martinezstephen@example.com,2025-06-29
6595,Jose Rich,whiteshannon@example.net,2025-11-17
6596,Annette Fields MD,okennedy@example.org,2025-04-25
6597,John Wood,ivillegas@example.org,2025-04-11
6598,Brooke Richard,uwilliams@example.net,2025-08-15
6599,Devin Hernandez,ericmorgan@example.net,2025-06-23
6600,Carmen Hickman,ewilson@example.org,2025-04-08
6601,Jesse Brown,hamiltoncharles@example.net,2025-10-10
6602,Jeffrey Peterson,graybrian@example.org,2025-11-10
6603,Emily Underwood,ljennings@example.org,2025-07-27
6604,Noah Robinson,michaelnewman@example.org,2025-10-13
6605,Stephen Medina,allenlucas@example.org,2025-12-31
6606,Jackie Gutierrez,veronicanichols@example.com,2025-03-17
6607,Robert Mendoza,jonesgina@example.org,2025-10-08
6608,Mark Fisher Jr.,moralesholly@example.com,2025-03-10
6609,David Payne,gfleming@example.net,2025-08-10
6610,Earl Gordon,jennifergibbs@example.com,2025-04-11
6611,Kevin Davis,keithlisa@example.net,2025-04-03
6612,Dustin Gonzalez,gonzalezjennifer@example.net,2025-07-23
6613,Jay Johnson,robertwiggins@example.com,2025-04-21
6614,Alan Kirby,daydouglas@example.org,2026-02-03
6615,Keith Miller,matthew98@example.net,2025-03-20
6616,Angela Scott,ginamcmahon@example.net,2025-12-28
6617,Samantha Winters MD,blackkristin@example.org,2025-10-26
6618,Kevin Torres,amanda94@example.org,2025-11-04
6619,Anthony Espinoza,rmartinez@example.org,2025-05-20
6620,Corey Stanton,mrussell@example.net,2026-01-11
6621,Jennifer Lopez,myang@example.org,2025-10-30
6622,Lisa Lopez,kellyperez@example.com,2025-03-30
6623,Philip Duran,seanschneider@example.net,2025-10-07
6624,James Lyons,mariafrazier@example.org,2025-10-27
6625,Stephen Taylor,brennanlindsey@example.com,2026-01-25
6626,Jaclyn Clark,brownjennifer@example.org,2025-04-17
6627,Mary Taylor,williamcampbell@example.net,2025-12-22
6628,Corey Peterson,samuelgonzalez@example.net,2026-01-16
6629,Tanner Smith,moodydanielle@example.org,2025-06-04
6630,Chelsea Owens,frykayla@example.com,2025-07-24
6631,Taylor Greene,susan54@example.com,2025-03-17
6632,James Smith,tbrewer@example.org,2025-08-06
6633,Kevin Hodge,aaron95@example.net,2025-04-17
6634,Chad Jacobs,mcarpenter@example.org,2025-12-16
6635,Fred White IV,alvarezmiguel@example.net,2025-08-16
6636,Joel Hernandez,amyperez@example.org,2025-04-11
6637,Elizabeth Lewis,rhondachapman@example.com,2025-12-04
6638,Joanna Reed,cmorrow@example.org,2025-10-30
6639,Brandon Patton,isabellabryan@example.org,2025-07-18
6640,Latasha Parker PhD,kimberly08@example.com,2025-05-17
6641,Justin Lopez,ibyrd@example.net,2026-01-12
6642,Brandon Meyer,murphyabigail@example.net,2025-12-10
6643,Bryan Thomas,owenschristopher@example.com,2025-11-23
6644,Terry Patel DVM,rjackson@example.com,2025-05-19
6645,Frederick Richardson,tanya05@example.net,2025-03-25
6646,Lisa Munoz,adam56@example.net,2025-11-28
6647,Charles Williams,hhoward@example.net,2025-12-08
6648,Catherine Davis,wsanders@example.com,2025-10-05
6649,Julia Acosta,brittanyjohnson@example.net,2025-08-01
6650,Morgan Evans,sydneyfranklin@example.org,2025-11-08
6651,Maria Shaw,vrodriguez@example.net,2025-07-28
6652,John Perez,xware@example.net,2025-02-06
6653,Heather May,michael34@example.org,2025-03-24
6654,Brian Clayton,katherine65@example.com,2025-05-04
6655,Sue Shelton,nataliehoffman@example.net,2025-08-22
6656,Mariah Evans,shanenelson@example.org,2026-02-04
6657,Jeffrey Larson MD,jennifermccarty@example.net,2025-06-28
6658,Kelsey Harrell,gravesmolly@example.com,2025-08-19
6659,Carolyn Newton,davidpadilla@example.com,2025-04-21
6660,Christopher Gonzalez,ruth85@example.com,2025-11-12
6661,Amanda Garcia,brian88@example.com,2025-12-01
6662,Antonio Hicks,samantha56@example.org,2025-02-15
6663,Lisa Patterson,qcook@example.org,2025-09-24
6664,Donna Nash,hallheather@example.com,2025-02-24
6665,Andrew Chavez,sheltonsergio@example.org,2025-10-08
6666,Gregory Walker,keith74@example.com,2025-11-15
6667,Edward Paul,chelsea67@example.net,2025-10-28
6668,Alexandra Roth,olucas@example.net,2025-12-01
6669,Christina Haney,morganmegan@example.org,2025-07-23
6670,Colleen King,joshuamcdowell@example.com,2025-04-19
6671,Daniel Williams,sheila26@example.org,2026-01-17
6672,Ann Reynolds,margaret83@example.com,2025-08-05
6673,Kayla Rivera,epotter@example.org,2026-01-18
6674,Matthew Mcdonald,lcarson@example.com,2025-12-26
6675,Robert Jones,longjasmine@example.net,2025-11-29
6676,Brian Day,carsonmaurice@example.net,2025-03-01
6677,Courtney Stewart,xacevedo@example.org,2025-09-28
6678,Mr. Timothy Taylor,thomas10@example.net,2025-11-23
6679,Mackenzie Johnson,jenniferfitzpatrick@example.com,2025-08-02
6680,Kelsey Lewis,hortonkristine@example.org,2025-11-30
6681,Ronald Olson,joanneharvey@example.com,2025-05-13
6682,Erika King,stanleydebra@example.com,2025-03-01
6683,Tracy Wiley,thomasjones@example.com,2025-12-01
6684,Shannon Hodges,zwatson@example.org,2025-06-25
6685,Joseph Underwood,kenneth94@example.org,2025-07-06
6686,Julie Spencer,anthony80@example.org,2025-10-21
6687,Stephanie Wheeler,zcain@example.com,2025-11-24
6688,Kara Rangel,jonchandler@example.org,2025-12-24
6689,Keith Burns,kaylacarlson@example.org,2025-12-08
6690,Joseph Bauer,nelsonzachary@example.net,2025-12-09
6691,Lisa Bernard,ugonzalez@example.net,2025-06-14
6692,Brian Rodriguez,jessica37@example.net,2025-04-13
6693,David Mendoza,rubiovanessa@example.org,2025-09-04
6694,Madison Cervantes,phamnatalie@example.net,2025-04-06
6695,Jon Garcia,colleenparks@example.net,2026-01-04
6696,Morgan Ryan,dianahoward@example.net,2025-12-21
6697,Dylan Phillips,chrisburke@example.com,2025-02-17
6698,Caitlin Ruiz,jessewarren@example.org,2025-02-28
6699,John Hardin,bradysteven@example.org,2025-02-10
6700,Linda Obrien,jrobinson@example.org,2025-10-07
6701,Robert White,qgriffith@example.net,2025-09-06
6702,Joseph Martin,kmcintyre@example.org,2025-11-22
6703,Steven Collins,seth60@example.net,2025-06-12
6704,Michelle Henderson,osmith@example.org,2025-06-20
6705,Leah Juarez,tracy23@example.org,2026-01-02
6706,Brian Wood,amandafloyd@example.com,2025-11-13
6707,Christopher Banks,jesseriggs@example.net,2025-09-29
6708,Albert Kim,jonesmary@example.net,2025-08-10
6709,Trevor Molina,chelsey85@example.net,2025-06-05
6710,Mr. Martin Hull,jeremy21@example.com,2025-04-08
6711,James Davis,jasonwilliams@example.com,2026-01-15
6712,Nathan Brown,jennifer87@example.com,2025-04-01
6713,Kristen Jenkins,hardypatrick@example.net,2025-08-21
6714,Timothy Duncan Jr.,lcooper@example.net,2025-12-10
6715,Stephen Rogers,gmurphy@example.com,2025-12-13
6716,Gabriela Ferrell,mhuffman@example.org,2026-01-24
6717,Mario Coffey,mooredanielle@example.net,2025-08-25
6718,Ashley Tucker,jeffreyroman@example.net,2025-09-30
6719,Jason Davis,larry64@example.com,2025-04-11
6720,Christine Mcconnell,grahamkathleen@example.net,2025-04-19
6721,Raymond Marshall,ymunoz@example.org,2025-12-04
6722,Theresa Schmidt,gallowaybrian@example.org,2025-11-25
6723,Mr. Michael Green,kjohnson@example.com,2025-10-24
6724,William Coleman,kcooper@example.net,2026-01-11
6725,Erica Adams,rcarpenter@example.net,2025-04-16
6726,April Day,kathleen23@example.com,2025-11-13
6727,Lisa Alvarado,courtney23@example.com,2025-08-31
6728,Jason Anderson,victor30@example.org,2025-05-12
6729,Anthony Garcia,josephodonnell@example.org,2025-12-13
6730,Michael Patrick,greerchristopher@example.org,2025-12-21
6731,Teresa Simon,melissacook@example.net,2025-06-30
6732,Brittany Murphy,victoria09@example.com,2025-05-08
6733,Jack Anderson,glenda78@example.net,2025-04-07
6734,Jennifer Bates,hicksaustin@example.com,2025-08-22
6735,Janet Arroyo,mitchelljones@example.net,2025-06-12
6736,Tammy Frank,jonathanhernandez@example.org,2025-10-14
6737,Nicholas Sanchez,nwade@example.com,2025-12-02
6738,Amanda Frye,rileychavez@example.com,2025-12-31
6739,Robin Fields,johnlee@example.net,2025-11-26
6740,Ann Matthews,perrykathryn@example.com,2025-04-12
6741,Cynthia Thomas,kyle88@example.org,2025-02-19
6742,Diane Mcintosh,johnsonheather@example.com,2025-04-23
6743,Ethan Fields,brownjohn@example.com,2025-11-29
6744,Vincent Clay,doris30@example.net,2025-08-06
6745,Gary Yates,heatherjimenez@example.org,2025-03-13
6746,Billy Sims,krobinson@example.com,2025-08-21
6747,Ashley King,nbaker@example.com,2025-10-31
6748,Bryan Wilkins,tararobinson@example.com,2025-08-03
6749,Stephanie Griffin,susan92@example.org,2025-05-09
6750,Carolyn Flowers,grayrebecca@example.com,2025-02-22
6751,Charles Bass,jessicazavala@example.org,2025-07-27
6752,Lisa Pennington DDS,woodscatherine@example.net,2025-11-25
6753,Troy Acosta,destrada@example.net,2025-10-20
6754,Colton Berry,marksmith@example.org,2025-05-11
6755,Lindsay Gonzalez,kyle30@example.com,2025-12-29
6756,Leslie Williams,orogers@example.net,2025-04-20
6757,Lauren Murray,daniel78@example.net,2025-05-20
6758,Hailey Lee,oruiz@example.net,2025-09-10
6759,Don Dominguez,christophermccarthy@example.net,2026-01-08
6760,Gina Raymond,thomaskevin@example.com,2026-01-30
6761,Kimberly Gregory,hartrichard@example.net,2025-07-02
6762,Zachary Chase,josephmontgomery@example.net,2025-05-10
6763,Meredith Buck,samanthabarnes@example.com,2025-06-29
6764,Brian Wade,reynoldsryan@example.com,2025-07-31
6765,Mr. Keith Mercer Jr.,ronald31@example.net,2025-10-18
6766,Kelly Hughes,nancy00@example.net,2025-07-31
6767,Samantha Johnson,aviladaniel@example.com,2025-06-21
6768,Gary Farmer,fitzgeraldrebecca@example.com,2025-09-29
6769,Peter Rasmussen,kristina58@example.org,2025-09-08
6770,David Patel,stephensonerin@example.org,2025-08-25
6771,Nicholas Herrera,hullrebecca@example.org,2025-03-27
6772,Mitchell Morris,zacharymack@example.com,2025-06-17
6773,Samantha Turner,ebell@example.com,2025-12-12
6774,Jennifer Garcia,jennifer71@example.org,2025-02-14
6775,Mark Snyder,lorijackson@example.org,2025-11-28
6776,Melissa Jimenez,veronicalane@example.net,2025-05-20
6777,Anna Lewis,morenojoseph@example.net,2025-04-29
6778,Jonathan Perry,donald38@example.com,2025-07-29
6779,Michael Hall,tony32@example.org,2025-02-11
6780,Dustin Baker,bwilson@example.com,2025-12-28
6781,Shane Smith,judithhuang@example.org,2025-10-11
6782,Brandon Thomas,xlowe@example.com,2026-01-20
6783,Joshua Hughes,qcarter@example.org,2025-08-19
6784,Katherine Hardy,bbarnes@example.org,2025-07-21
6785,Bryan Perez,tonya15@example.net,2025-02-21
6786,Robert Spencer,edavis@example.net,2025-10-26
6787,Christopher Russo,davisstacy@example.org,2025-03-11
6788,Nathaniel Hubbard,mendeznicholas@example.org,2025-11-10
6789,Allen Cox,cruztyler@example.net,2026-02-05
6790,Anne Rivera,jennifer72@example.com,2025-07-07
6791,Teresa Jefferson,perrysusan@example.org,2025-12-13
6792,Michael Harrison,eandersen@example.net,2025-05-03
6793,Angela Montgomery,danielle03@example.org,2026-02-04
6794,Shelly Jennings,john27@example.org,2025-08-03
6795,Maria Avery,hessphilip@example.com,2025-07-07
6796,Laura Brooks,bryantdylan@example.org,2025-10-01
6797,Donald Lewis,mgibson@example.org,2026-01-15
6798,Chad Mclaughlin,jamieellis@example.org,2026-01-21
6799,James Barber,jackjones@example.com,2025-11-14
6800,Kyle Jones,christina05@example.org,2026-01-25
6801,Chris Johnson,mcbridewalter@example.com,2025-09-05
6802,Madison Kramer,johnsonkristen@example.org,2025-05-06
6803,Penny Wilson,brandonrandall@example.com,2025-04-01
6804,Zachary Williams,wnorman@example.com,2025-09-23
6805,Diane Kennedy,tomgarcia@example.org,2025-02-24
6806,John Walsh,lramirez@example.org,2025-02-14
6807,James Torres,gwatson@example.net,2026-01-13
6808,Kimberly Smith,steven85@example.com,2025-02-23
6809,Joseph Adams,mcbridejoseph@example.net,2025-11-08
6810,Luke Clarke,campbellmarisa@example.com,2025-04-09
6811,Aaron White,vhughes@example.com,2025-05-16
6812,Johnathan Jackson,erika25@example.net,2025-10-07
6813,Vanessa Sutton,bradley58@example.org,2025-09-18
6814,Kurt Prince Jr.,kevinvelazquez@example.net,2025-12-13
6815,Richard Gonzalez,lynn20@example.org,2025-02-14
6816,Emily Stark,dbush@example.org,2025-07-08
6817,Monica Brown,lauramartinez@example.com,2025-06-22
6818,Shawn Hall,ematthews@example.net,2025-04-10
6819,Denise Gibbs,melinda29@example.org,2025-02-09
6820,Karen Reyes,joseph96@example.org,2026-01-29
6821,Mike Campos,barbara83@example.net,2025-08-10
6822,Cody Khan,nicolechan@example.org,2025-07-02
6823,Kenneth Snyder,thomaskathy@example.org,2025-02-07
6824,Jennifer Cameron,bfisher@example.net,2025-02-28
6825,Ethan Johnston,adelgado@example.net,2026-01-06
6826,Amy Long,melinda31@example.net,2025-12-29
6827,Deanna Sullivan,omunoz@example.com,2025-05-24
6828,Donald Gomez,michael85@example.com,2026-01-25
6829,Elizabeth Payne MD,matthewriddle@example.net,2025-11-03
6830,Aaron Bell,richardcarpenter@example.org,2025-06-19
6831,James Welch,ruth47@example.org,2025-05-11
6832,Michael Jacobs,kevin85@example.org,2025-02-22
6833,Dr. Judy Barker,whitemichelle@example.com,2025-07-02
6834,Sydney Petersen,williamrodriguez@example.com,2026-01-12
6835,Jessica Ortiz,johnsmith@example.org,2025-12-09
6836,Elizabeth Delacruz DDS,wardstephanie@example.com,2025-08-21
6837,Sean Briggs,danielle47@example.com,2025-09-27
6838,Travis Le,gina30@example.com,2025-03-09
6839,Christian Warner,linda46@example.org,2026-01-26
6840,Steven Kirby PhD,thomascampos@example.net,2025-03-13
6841,Luis Weiss,michaelstanton@example.org,2025-08-30
6842,Christopher Gutierrez,rick02@example.net,2025-03-01
6843,Shannon Riley,nking@example.org,2025-09-01
6844,Richard Jones,howellterri@example.org,2026-02-04
6845,Jennifer King,dustinallen@example.org,2025-06-26
6846,Holly Mann,vporter@example.com,2025-06-07
6847,Amy Arnold,henryaustin@example.org,2025-12-18
6848,Monica Rogers,lori13@example.net,2025-11-08
6849,Cynthia Mueller,jamieramirez@example.org,2025-10-01
6850,Jessica Alvarado,rojasjohn@example.net,2025-05-03
6851,Rodney Williams,kramos@example.com,2025-12-19
6852,Sara Johnson,gutierrezbeth@example.net,2025-11-19
6853,Brittany Kelley,toddroberts@example.org,2025-07-15
6854,Kathy Gutierrez,jose66@example.com,2025-07-31
6855,Matthew Davis,trevor32@example.net,2025-06-15
6856,Mike Wright,ellisonjonathan@example.com,2025-11-01
6857,Donna Lang,ygarcia@example.com,2025-06-23
6858,Bethany Williams,ethan40@example.net,2025-10-09
6859,Rick Peters,jeremy56@example.net,2025-11-07
6860,Brian Ramos,wchapman@example.net,2025-11-27
6861,Jesse Shannon,xfischer@example.org,2025-04-24
6862,Eric Hill,marciasmith@example.org,2025-05-04
6863,Scott Meyer,robertchandler@example.org,2025-03-13
6864,Crystal Weeks,kathleenreid@example.org,2025-04-01
6865,Anthony Carey,qharris@example.com,2026-01-28
6866,Dr. Timothy Thomas,nwatkins@example.com,2025-07-07
6867,Adriana Savage,zdavis@example.org,2025-02-22
6868,Julie Benson,williamwhite@example.org,2025-08-16
6869,Jordan Brown,ericfernandez@example.org,2025-11-29
6870,Vanessa Baird,parkersteven@example.com,2025-08-23
6871,Phillip Davis,williamssharon@example.com,2025-10-21
6872,Valerie Fischer,matthew83@example.net,2025-05-09
6873,Olivia Holland,davidalexander@example.com,2025-06-14
6874,Scott Jennings,smithbrandon@example.org,2025-04-06
6875,Brianna Beltran,ashleystewart@example.net,2026-01-03
6876,Abigail Livingston,rtorres@example.org,2025-12-17
6877,Theodore Scott,ogreen@example.org,2025-04-25
6878,Cynthia Foley,susandorsey@example.net,2025-09-06
6879,Daniel Macdonald,michaelcordova@example.org,2025-02-13
6880,Gary Myers,dhamilton@example.org,2025-03-19
6881,Amanda Dalton,shicks@example.org,2025-09-01
6882,Christina Jimenez,lauren17@example.net,2025-02-18
6883,Carl Lopez,hortonemily@example.com,2025-08-08
6884,Sara Sanchez,mandy72@example.net,2025-07-02
6885,Crystal Kelly,marygomez@example.net,2025-12-03
6886,Cindy Gardner,john90@example.net,2025-10-27
6887,David Mills,davidmay@example.net,2025-05-09
6888,Heather Daniel,fpratt@example.org,2025-06-22
6889,Thomas Warren,pjones@example.org,2025-12-07
6890,William Walker II,williamblackwell@example.com,2025-11-26
6891,Martha Frank,wardjustin@example.org,2025-06-04
6892,Jessica Young,jameschen@example.com,2025-07-12
6893,Cindy Miller,uweber@example.org,2025-07-28
6894,Martin Olson,hoganmichael@example.com,2025-03-03
6895,Shannon Martinez,wilsonmark@example.com,2025-04-27
6896,Christine Kane,angelamason@example.org,2025-05-24
6897,Shannon Logan,rileystephanie@example.net,2025-08-04
6898,Jason Cummings,nwilliams@example.net,2025-03-31
6899,Katie Munoz,michaeldiaz@example.net,2026-01-28
6900,Nicole Day,jonathanjenkins@example.com,2025-06-05
6901,Jasmine Anderson,byork@example.com,2025-09-13
6902,Caleb Thomas,riveramary@example.net,2026-01-03
6903,Pam Foster,brittanythompson@example.com,2025-07-01
6904,George Gray,john15@example.net,2025-07-20
6905,Joel Petersen,gary64@example.org,2025-11-30
6906,Sabrina Johnson,cflores@example.net,2025-07-21
6907,Summer Avila,amymiller@example.com,2025-05-22
6908,Jose Sullivan,michael28@example.net,2025-09-27
6909,Megan Gonzalez,rachel72@example.com,2025-05-12
6910,Kimberly Rodriguez,kpage@example.net,2025-03-22
6911,Michael Taylor,turnerangela@example.com,2025-10-18
6912,Victoria Vazquez,timothy13@example.org,2025-10-22
6913,Robert Jackson,julia11@example.com,2025-09-22
6914,Jennifer Baker,morrisontiffany@example.org,2025-07-16
6915,Allison Cole,chavezmonica@example.net,2026-01-06
6916,Theresa Chan,victoriawright@example.net,2025-02-05
6917,William Garcia,gonzalezsamuel@example.net,2025-03-01
6918,Valerie Murray,austin93@example.org,2025-07-21
6919,Emma Bryant,christopherparsons@example.org,2025-06-12
6920,Willie Morris Jr.,william66@example.org,2025-05-26
6921,Christina Moore,erik79@example.net,2025-04-05
6922,Jeanne Sanchez,nharris@example.net,2025-08-30
6923,Amanda Pope,yhamilton@example.com,2025-10-16
6924,Suzanne Moran,vneal@example.com,2025-03-05
6925,Christine Scott,kellis@example.com,2025-12-04
6926,Ashley Hayes,johncurtis@example.org,2025-03-04
6927,Wayne Carpenter,gonzalezjames@example.org,2025-05-26
6928,Lori Barrett,salinaskarina@example.com,2025-12-19
6929,Luis Martin,lawrencemoss@example.org,2025-12-25
6930,Jessica Thomas,sean93@example.org,2026-01-12
6931,Sylvia Hernandez,barrettteresa@example.com,2025-05-04
6932,Ann Rivers,kellyromero@example.org,2025-09-16
6933,Paula Nunez,mitchell94@example.com,2025-11-18
6934,Stephanie Trevino,joshuawatson@example.net,2025-02-23
6935,Glenn Flores,ihoward@example.com,2025-03-31
6936,Christopher Johnson,michellerivera@example.org,2025-05-22
6937,Edward Maldonado,benjaminrangel@example.org,2025-04-10
6938,Steven Weeks,atkinsjeffrey@example.org,2025-09-23
6939,Holly Valentine,johnstonderrick@example.com,2025-08-23
6940,Gabrielle Sanchez,jonescynthia@example.net,2026-01-27
6941,Eric Graham,rose05@example.com,2025-08-04
6942,Tonya Martinez,piercekatherine@example.net,2025-10-06
6943,Cody Tapia,eburnett@example.com,2025-12-31
6944,Brian Morgan,smithjeffery@example.net,2026-01-22
6945,Erika Sanchez,marthahuynh@example.net,2025-06-15
6946,Joseph Gibbs,simmonsfrank@example.com,2025-09-06
6947,Roy Bolton,josephmcconnell@example.net,2025-12-22
6948,Michelle Rivera,angelabarajas@example.org,2025-06-21
6949,Katherine Mays MD,umiller@example.com,2025-03-29
6950,Cory Waters,pwright@example.org,2025-07-15
6951,Brian Baker,allenkristin@example.net,2025-02-19
6952,Dalton Smith,montoyadavid@example.net,2025-09-24
6953,Andrea Dorsey,david90@example.net,2025-02-05
6954,Jared Lee,blacklogan@example.org,2025-04-10
6955,Jordan Montes,christopherharris@example.org,2025-04-27
6956,Sara Case,vasquezmichelle@example.com,2025-11-12
6957,Michael Garcia,stacey34@example.org,2025-10-11
6958,Laura Nicholson,morganmark@example.org,2025-08-29
6959,Alicia James,ssimon@example.com,2025-12-12
6960,Sarah Fox,ythompson@example.net,2025-03-13
6961,Sandra Solomon,audreycrosby@example.net,2025-09-02
6962,Vincent Myers,rmartinez@example.org,2025-07-20
6963,Collin Martinez,edwardhaynes@example.com,2025-03-09
6964,Julia Maddox,laurenmurphy@example.org,2025-09-17
6965,Elizabeth Bennett,simmonsjessica@example.net,2025-11-16
6966,Sharon Jones,veaton@example.com,2025-04-22
6967,Dalton Richardson,angelacain@example.com,2025-06-20
6968,Timothy King,jeremywilliams@example.com,2025-10-06
6969,Nicole Smith,michael05@example.com,2025-02-25
6970,Miranda Beck,cameron95@example.com,2025-09-13
6971,Terri Wise,emilymcdaniel@example.org,2025-06-22
6972,Katherine Tanner,carolynhall@example.com,2025-07-26
6973,Amanda Golden,ericjackson@example.net,2025-02-16
6974,Brandon Bailey,yjones@example.net,2025-12-30
6975,David Christensen,villadana@example.net,2025-04-28
6976,Christopher Nolan,wwu@example.com,2025-03-02
6977,Charles Foster,barry17@example.org,2025-04-09
6978,Kathleen Jackson,hillsamantha@example.com,2025-05-17
6979,Danielle Chase,watsongary@example.net,2025-08-25
6980,Shannon Brooks,lisa35@example.com,2025-05-27
6981,Steven Mccullough,sgreen@example.org,2026-01-01
6982,Lisa Baker,marystrong@example.org,2025-07-10
6983,Adam Johnson,jacobsonsheryl@example.com,2025-04-11
6984,Joseph Jones MD,jacquelinegonzales@example.net,2025-07-05
6985,Crystal Lucas,yhamilton@example.org,2025-04-15
6986,Angela Palmer,tiffanyrodriguez@example.org,2025-05-11
6987,Nancy Henry,greenemitchell@example.org,2025-08-02
6988,Raymond Riley,middletonglenn@example.com,2026-01-28
6989,Kristy Smith,billywalker@example.net,2025-05-28
6990,Tony Carpenter,jamiefrank@example.org,2025-12-26
6991,Andrew Smith,aliciaduncan@example.org,2025-08-13
6992,Anna Miller,vancefelicia@example.net,2025-07-03
6993,Joanna Reed,scotttroy@example.com,2025-06-16
6994,Jerry Meadows,edwardsbarbara@example.com,2025-12-27
6995,Pamela Alexander,michelegarrett@example.net,2025-08-28
6996,Nicholas Hunt,cody58@example.com,2025-08-18
6997,Anthony Smith,stevenmartin@example.com,2025-02-28
6998,Joshua Martinez,kaylasmith@example.net,2025-10-03
6999,Logan Lopez,rossdavid@example.net,2025-10-13
7000,Brenda Garrett,jcooper@example.net,2025-12-24
7001,Jesse Gonzalez,tinacosta@example.org,2025-03-17
7002,Grant Baker,estesbeth@example.net,2026-01-07
7003,William Bryant,michaelmorales@example.com,2025-06-19
7004,Robert Patel,ghoward@example.org,2025-10-08
7005,Emily Allen,jlopez@example.org,2025-04-20
7006,Veronica Cantu,ytaylor@example.org,2026-01-24
7007,Joseph Stone,roberthopkins@example.net,2025-03-27
7008,Barbara Crawford DDS,bellis@example.com,2025-03-30
7009,Danielle Randall,pdurham@example.net,2025-12-06
7010,Courtney Thompson,jonesdanielle@example.org,2025-10-09
7011,Diana Anderson,abbottfranklin@example.org,2026-01-16
7012,Kyle Brown,dorseyvalerie@example.org,2025-10-20
7013,Ashley Martinez,jenniferhernandez@example.org,2025-07-30
7014,Colleen Harding,jasontaylor@example.net,2025-10-29
7015,Daniel Webb,tkirby@example.org,2025-09-30
7016,Perry Henderson,npayne@example.net,2025-06-18
7017,Jeanette Robinson,hernandezmichael@example.net,2025-12-19
7018,Cassandra Landry,erobertson@example.org,2025-07-08
7019,Anne Underwood,ballen@example.net,2025-03-08
7020,Tiffany Stanley,hgomez@example.net,2025-09-18
7021,Richard Hogan,qsimon@example.org,2025-09-20
7022,Mary Greene,roykrystal@example.org,2025-09-03
7023,Stacey Jenkins,dennis96@example.org,2025-09-15
7024,Jeanette Mccoy,paigeellis@example.org,2025-07-03
7025,Shawn Herring,michael42@example.com,2025-06-01
7026,Charles Hughes,donnathompson@example.com,2026-02-03
7027,Paula Reynolds,dkrause@example.com,2025-11-03
7028,Dean Calderon,chenshawn@example.org,2025-03-23
7029,Jared Williams,sbrown@example.org,2025-09-11
7030,David Ross,anita20@example.net,2025-03-12
7031,Karen Pineda,robinsonshannon@example.com,2025-03-12
7032,Christine Jackson,hortonjames@example.org,2025-07-30
7033,Taylor Mccullough,danieljackson@example.org,2025-04-09
7034,Amy Duffy,watkinsrobert@example.net,2025-04-24
7035,Alicia Austin,houstonlisa@example.net,2025-02-26
7036,Chad Walker,thomas88@example.org,2025-03-04
7037,Leslie Bass,schmidtmichael@example.org,2026-01-13
7038,Angela Parker,ana65@example.net,2025-05-17
7039,Lisa Wilson,chapmancarol@example.net,2025-05-11
7040,Chelsea West,wcain@example.net,2025-05-30
7041,Sergio Nguyen,khudson@example.net,2025-05-11
7042,Christian Russell,cochranroy@example.net,2025-06-21
7043,John Parsons,johnsonerik@example.org,2025-05-26
7044,Mr. Jacob Leon,yvillarreal@example.net,2025-04-24
7045,Katrina Jones,gilberthenry@example.com,2025-10-29
7046,Mitchell Cantrell,umatthews@example.net,2025-03-26
7047,Stephanie Ellis,gsalas@example.org,2025-10-20
7048,Richard Hardy,rkrueger@example.com,2025-07-22
7049,Alan Washington,murphykelly@example.net,2025-04-07
7050,Scott Blair,jennifer11@example.org,2025-06-03
7051,Maria Anderson,jerrybullock@example.net,2025-04-25
7052,Tanner Nicholson,kimberlymorales@example.net,2025-09-16
7053,Corey Palmer,jpennington@example.com,2025-02-14
7054,Craig Hahn,pgreen@example.net,2026-01-01
7055,Jennifer Larson,nicholasrobinson@example.com,2025-11-25
7056,Sylvia Roy,sarah39@example.org,2025-08-27
7057,Angela Brown,eric53@example.com,2025-03-19
7058,Jessica Harper,shawnwhite@example.com,2025-05-06
7059,Carol Odom,stevenmorrison@example.net,2025-12-06
7060,Bradley Jones,williamsmatthew@example.net,2025-02-27
7061,Natalie Hall,madisonhanson@example.com,2025-12-09
7062,Leslie Graves,nicole00@example.org,2025-09-14
7063,Lisa Meza,cbowers@example.org,2025-04-14
7064,Lisa Hoover,annwilliams@example.net,2025-11-10
7065,Jennifer Stuart,timothy92@example.org,2025-08-29
7066,Blake Little,kclayton@example.net,2025-07-08
7067,Lisa Jimenez,davidstevens@example.net,2025-10-21
7068,Ryan Colon,matthewtucker@example.org,2025-02-21
7069,John Molina,judy70@example.org,2025-11-30
7070,Stephen Harding,juan78@example.net,2025-07-22
7071,John Sutton,chelsey16@example.com,2025-06-08
7072,Trevor Weeks,mmacdonald@example.org,2025-04-29
7073,Rebecca Barnett,angela98@example.org,2025-10-20
7074,Heather Nelson,morrisonkeith@example.net,2025-04-05
7075,Anne Wade,amy47@example.net,2025-05-05
7076,George Chandler,david47@example.com,2025-06-17
7077,Michael Gonzalez,hortonkatherine@example.org,2025-02-18
7078,Terry Smith,pagecathy@example.org,2025-11-28
7079,Olivia Reed,susanbutler@example.org,2025-10-06
7080,Gina Smith,khansen@example.net,2025-09-13
7081,Rick Carter,crosskatie@example.com,2025-06-13
7082,Teresa Stevens,nicole09@example.com,2025-04-05
7083,Doris Nelson,wwhite@example.net,2026-01-22
7084,Nicole Sanders,dmack@example.com,2025-09-20
7085,Krista Zimmerman,torresmichelle@example.org,2025-09-09
7086,Jennifer Dalton,amandawebster@example.org,2025-08-14
7087,Jeffrey Bowman,barry88@example.net,2025-11-02
7088,Christopher Sharp,jose41@example.net,2025-06-08
7089,James Davis,dbrewer@example.net,2025-08-10
7090,Nicholas Zhang,mooneymackenzie@example.org,2025-03-28
7091,Amy Nelson,alan87@example.net,2025-02-16
7092,Linda Gallegos,andersontammy@example.net,2025-08-24
7093,John Brown,douglasford@example.net,2025-11-24
7094,Matthew Day,kristasavage@example.net,2025-04-30
7095,Cynthia Harris,michaelmoore@example.org,2025-02-06
7096,Matthew Oliver,kmurillo@example.net,2025-05-07
7097,Michael Parker,sandragriffin@example.com,2025-07-22
7098,David Bailey,hbrewer@example.com,2025-05-27
7099,Brian Walker,flemingbobby@example.org,2025-06-24
7100,Gwendolyn Mcintyre,qwarren@example.com,2025-07-07
7101,Mary Rodriguez,thomas12@example.com,2025-05-30
7102,Brittany Lynch,ewilliams@example.net,2025-10-12
7103,Anne Hernandez,erica18@example.net,2025-06-14
7104,Aaron Bishop,juancummings@example.com,2025-08-03
7105,Elizabeth Farmer,stacy24@example.com,2025-10-18
7106,Sheila Berry,wendy72@example.net,2025-03-14
7107,Rebecca Singh,kristineanderson@example.org,2025-02-24
7108,Karl Gilmore,llynch@example.net,2025-10-15
7109,Bobby Graham,stephaniesmith@example.org,2025-12-27
7110,Michael Harris,taylorrichard@example.com,2025-02-27
7111,Chelsey Thompson,nrowe@example.org,2025-07-13
7112,Joseph Oneill,pruitttodd@example.net,2025-02-27
7113,Zachary Williams,april51@example.org,2025-06-21
7114,Sandra Anderson,zdawson@example.org,2025-08-08
7115,Lisa Frey,rgonzalez@example.com,2025-09-28
7116,Brian Price,jeremiah49@example.com,2025-11-02
7117,Scott Ray,williamclark@example.net,2025-03-01
7118,Jackie Daugherty,cmaddox@example.com,2025-05-04
7119,Dr. Amanda Long MD,carlalamb@example.net,2025-02-17
7120,Gina Chandler,brendan06@example.com,2025-05-03
7121,John Roberts,kevin13@example.net,2025-12-19
7122,Gregory Mclaughlin,christinerodriguez@example.com,2026-02-04
7123,Brianna Romero,johnsonjoe@example.org,2025-11-13
7124,David Wiggins,uwilson@example.com,2025-05-14
7125,Kurt Holland,peterweeks@example.org,2025-09-27
7126,Timothy Jordan,kaylarogers@example.net,2026-02-02
7127,Brittany Acosta,ricky32@example.com,2026-01-21
7128,Jesse Henson,ashleestrong@example.org,2025-02-21
7129,Lisa Jackson,hsmith@example.com,2026-01-12
7130,John Olson,hmiller@example.net,2025-06-29
7131,Jessica Taylor,geraldlindsey@example.org,2026-01-04
7132,Jaime Lee,davismary@example.com,2025-12-17
7133,Thomas Beck Jr.,thomasjohn@example.net,2025-12-09
7134,William Fuller Jr.,brian26@example.net,2025-07-25
7135,Kathleen Mcgee,ariel90@example.net,2025-10-10
7136,Catherine Peterson,bradleygross@example.com,2025-12-27
7137,Christina Pena,michaelburns@example.net,2025-12-24
7138,Kimberly Reyes,josebrowning@example.org,2025-09-06
7139,Jamie Huber,blairvirginia@example.com,2025-12-31
7140,Richard Lopez,aaronaguilar@example.net,2026-01-16
7141,Mike Baldwin,zmcknight@example.net,2025-08-03
7142,Larry Walsh,amy34@example.net,2025-10-11
7143,Mark Robinson,jason90@example.org,2025-03-02
7144,Pamela Fischer,bradfordandrea@example.org,2025-08-19
7145,Amber Thompson,sethhart@example.com,2025-08-23
7146,Jose Mack,craig66@example.org,2025-07-12
7147,Dennis Hall,rodrigueztiffany@example.com,2025-10-16
7148,Ellen Simon,hollowayjerry@example.org,2025-12-18
7149,Andrea Davis,ginagarrett@example.net,2025-11-21
7150,Melissa Livingston,lstephens@example.com,2026-02-04
7151,George Massey,jonesamanda@example.com,2025-02-06
7152,Patricia Jackson,qlamb@example.net,2025-02-17
7153,Joan Silva,wsosa@example.net,2026-01-26
7154,Stacy Ortega,aguilarangelica@example.com,2025-04-07
7155,Timothy Sanders MD,walkerjennifer@example.org,2025-11-17
7156,Danielle Hartman,keith56@example.org,2025-07-13
7157,Jessica Harrison,amy92@example.com,2025-05-26
7158,Melissa Berry DDS,theresa62@example.com,2025-10-23
7159,Erika Lee,samantha30@example.com,2026-02-05
7160,James Petty,blackwellmary@example.com,2025-05-25
7161,Abigail Gomez,tmorrow@example.org,2025-04-02
7162,Bonnie Carr,warrenjennifer@example.org,2026-01-05
7163,Michael Lawrence,louismendez@example.net,2025-08-25
7164,Dr. Heidi Cummings,stephen33@example.org,2025-03-06
7165,Stephen Walker,timothy18@example.com,2025-06-01
7166,Lisa Robinson,thomasrobert@example.net,2025-07-30
7167,Jason Duncan,robert46@example.org,2025-08-19
7168,Scott Sawyer,medinajorge@example.net,2025-11-13
7169,Rebecca Davis MD,xwise@example.net,2025-09-06
7170,Edward Frost,hollygarcia@example.net,2026-01-11
7171,Taylor Pope,kelsey21@example.com,2025-03-19
7172,Lauren Mahoney,teresaromero@example.net,2025-07-16
7173,Lauren Lambert,michael58@example.org,2025-11-28
7174,Donald Browning,usteele@example.com,2025-10-23
7175,James Davidson,huertatina@example.net,2025-10-12
7176,Corey Robertson,hebertdaniel@example.org,2026-01-08
7177,Carol Larson,olivia35@example.net,2025-04-15
7178,Mckenzie Craig,amy71@example.com,2025-08-31
7179,Jeffery Harris,phyllis09@example.com,2025-09-06
7180,Stephanie Ortiz,ztran@example.net,2025-12-31
7181,Glenn Young,gutierrezsamuel@example.org,2025-03-01
7182,Timothy Flores,owilliams@example.net,2025-04-02
7183,Kathleen Mercado,christopher83@example.org,2025-11-06
7184,Kristie Hoover,michele53@example.org,2025-09-02
7185,Crystal Miller,bbartlett@example.com,2025-11-01
7186,Gregory Martinez,linda57@example.com,2025-06-13
7187,Michael Schneider,jacksonlinda@example.org,2025-03-07
7188,Jessica Mullen,deanna66@example.org,2026-01-21
7189,Lacey Banks,gfoley@example.com,2025-05-31
7190,Calvin Cobb,butlerrobert@example.org,2025-07-28
7191,Carlos Brady,zimmermansusan@example.com,2025-10-19
7192,Barbara Medina,hmadden@example.com,2025-10-17
7193,Alexander Owens,jeffrey01@example.org,2025-05-08
7194,Kyle Campbell,stokesmargaret@example.net,2025-10-24
7195,Beverly Baxter,nicole62@example.net,2025-12-22
7196,Michelle Garcia,webstergrace@example.com,2025-10-17
7197,Michael Daniels,dbecker@example.org,2025-08-02
7198,Mackenzie Noble,qanderson@example.com,2025-06-10
7199,Zachary Smith,teresa74@example.com,2025-06-25
7200,Sophia Alexander,wilcoxjessica@example.org,2025-04-19
7201,Jessica Schultz,sjordan@example.net,2025-06-16
7202,Hannah Lee,kristina23@example.net,2025-05-04
7203,John Hall,travisperez@example.com,2025-11-13
7204,Eric Garcia,rogersrobin@example.com,2026-02-03
7205,Bryan Mckenzie,julia47@example.com,2025-08-22
7206,Jessica Lopez,ljones@example.org,2025-03-02
7207,Brandon Christensen,wendygiles@example.com,2025-08-22
7208,George Richardson,matthew94@example.net,2025-05-04
7209,Joseph Robinson,hoffmanevelyn@example.org,2025-07-15
7210,John Rodriguez,lharris@example.net,2025-03-16
7211,Carla Gordon,tpatrick@example.org,2025-05-06
7212,Tammy Miller,davissteven@example.org,2025-05-19
7213,Christopher West,christina87@example.com,2025-04-25
7214,Allison Rivera,dchung@example.org,2025-04-19
7215,Nicole Murphy,martha97@example.net,2025-10-10
7216,Micheal Walsh,elizabethsims@example.com,2025-09-04
7217,Vincent Foster,david93@example.net,2025-05-11
7218,Thomas Shepard,gordonpamela@example.org,2025-10-11
7219,Rebecca Bell,nancy31@example.net,2025-07-29
7220,Laura Turner,kimstephen@example.com,2025-11-07
7221,Jonathon Smith,karen25@example.com,2025-09-09
7222,Terry Grant,bhansen@example.org,2025-07-01
7223,Amanda Ellis,gonzalezjesse@example.net,2025-05-12
7224,Dr. Joseph Kelly,ejohnson@example.net,2025-05-17
7225,Joshua Adams,ydixon@example.net,2025-03-01
7226,Beth Miller,cassandrataylor@example.net,2026-01-22
7227,Jennifer Smith,hkim@example.net,2025-06-23
7228,Amanda Snyder,mburgess@example.com,2025-12-06
7229,Paul Perez,wilkinscharles@example.com,2025-09-27
7230,Juan Collins,gatescarol@example.org,2025-09-20
7231,Michelle Guerrero MD,sjones@example.org,2025-11-17
7232,Joshua Tyler,brianjohnson@example.org,2025-06-08
7233,Cindy Gonzales,andreasmith@example.org,2025-03-02
7234,Jason Lee,stephen82@example.net,2025-07-30
7235,Heather Merritt,samantha96@example.org,2026-01-08
7236,Samuel Pace,jenniferfernandez@example.net,2025-05-12
7237,Steven Pitts II,rebekahadams@example.org,2026-01-08
7238,Billy Cruz,williamsbeth@example.net,2025-05-12
7239,Randy Reynolds,raymondknox@example.org,2025-07-20
7240,Amanda Reynolds,ubrooks@example.org,2025-10-14
7241,David Jones,kennethramirez@example.org,2025-04-20
7242,John Rose,eric09@example.com,2025-07-23
7243,Thomas Koch,collierjacqueline@example.org,2025-05-23
7244,Charles Lawrence,allisonwalker@example.org,2025-04-01
7245,Anita Anderson,flee@example.org,2025-04-22
7246,Joseph Mcguire,tranmaria@example.org,2025-12-17
7247,David Cook,toni06@example.org,2025-10-30
7248,Lori King,ann73@example.com,2025-07-02
7249,Jason Hartman,jesse44@example.com,2025-12-30
7250,Sarah Boyd,kathleenlynn@example.net,2025-06-02
7251,Faith Hunt,thooper@example.org,2026-01-01
7252,Marcus Burton,jeremiahlittle@example.com,2025-12-17
7253,Bethany Becker,eric19@example.com,2026-01-22
7254,Sarah Smith,brandon20@example.net,2025-10-07
7255,Ashley Parker,thomasreeves@example.net,2025-05-05
7256,Amanda Thompson,paul05@example.com,2025-10-12
7257,Connie Acevedo,dunnjared@example.com,2025-04-26
7258,James Fowler,pmcclure@example.com,2025-09-11
7259,Louis Barker,jennifergallegos@example.net,2025-06-22
7260,Mark Castro,zvargas@example.org,2026-02-02
7261,Richard Pratt,pricemikayla@example.net,2025-11-05
7262,Shannon Cunningham,stephanie15@example.com,2025-12-10
7263,Stephen Gardner,smithdavid@example.com,2025-08-19
7264,Matthew Alvarez,michael70@example.org,2025-06-05
7265,Kenneth Kennedy,lauraduncan@example.org,2025-10-25
7266,Sally Sanchez,gchapman@example.org,2025-03-29
7267,Roger Mann,traciroberts@example.net,2025-06-20
7268,Allen Arnold,jillianbrown@example.net,2025-09-16
7269,Megan Ross,michael92@example.org,2025-07-17
7270,Kimberly Randall,josephmoore@example.net,2026-01-29
7271,Jennifer Rhodes,megan24@example.org,2026-01-16
7272,Margaret Griffin,frank94@example.net,2025-03-09
7273,Frank Taylor,crandall@example.org,2025-06-19
7274,Carrie Mcclain,millerjason@example.net,2025-02-27
7275,Annette Chung,jennifer42@example.org,2026-01-29
7276,Joseph Martin,burnskristen@example.com,2025-09-24
7277,Daniel Ortiz,turnercrystal@example.org,2025-06-18
7278,Tina Sosa,whitneyduarte@example.com,2025-08-08
7279,Megan Brown,natashagallegos@example.org,2025-11-29
7280,Julia Ruiz,wilsoncaleb@example.org,2025-06-20
7281,Frederick Daniels,tina93@example.net,2025-04-21
7282,Tyler Snow,justin94@example.org,2025-06-11
7283,Elizabeth Bowen,lfreeman@example.com,2025-07-09
7284,Stephanie Perez,dylanbaker@example.net,2025-04-10
7285,Mary Thomas,andrew87@example.org,2025-04-11
7286,Jeffrey Smith,ehess@example.com,2025-02-22
7287,Sharon Bell,troymills@example.net,2025-08-28
7288,Margaret Baker MD,brandy17@example.org,2025-05-04
7289,Joseph Hogan,laurie66@example.com,2026-01-28
7290,Barbara Palmer,jeffreysalinas@example.com,2025-03-12
7291,Robert Houston,donna29@example.net,2025-08-22
7292,Devin Morris,robintucker@example.com,2025-11-05
7293,Kenneth Holmes DVM,amber24@example.net,2025-07-10
7294,Cynthia Johnson,uanderson@example.net,2025-10-21
7295,Anna Young,casevictoria@example.org,2025-07-05
7296,Patrick Martinez,williamslisa@example.net,2025-09-16
7297,Travis Martin,jjohnson@example.net,2025-05-26
7298,Aaron Cooper,kimberlyalexander@example.net,2025-10-11
7299,Jessica Ingram,jenniferramirez@example.com,2025-04-27
7300,Kristy Miller,deanpatrick@example.net,2025-07-12
7301,Miranda Rasmussen,colemantheresa@example.org,2025-04-24
7302,Aaron Alexander,jacob54@example.com,2025-03-28
7303,Steven Mccarty,bmathis@example.com,2025-07-05
7304,Lindsay Collins,bill23@example.com,2025-05-11
7305,Brandy Medina,joseph46@example.com,2025-11-25
7306,Stephanie Obrien,alisonhendricks@example.net,2025-07-03
7307,Chad Lee,smithvicki@example.com,2025-05-18
7308,Tiffany Ramirez,jacksongina@example.com,2025-05-16
7309,Gregory Sandoval,andrewgutierrez@example.org,2025-09-04
7310,Katherine Robinson,esmith@example.org,2025-10-29
7311,Dawn Wagner,shieldsnancy@example.org,2025-08-27
7312,Anthony Hall,johnsonchristopher@example.net,2025-04-06
7313,John Bright MD,deleonderek@example.com,2025-08-15
7314,Peter Rollins,tchavez@example.net,2025-03-25
7315,Kristin Ellis,dfaulkner@example.org,2025-03-29
7316,William Morris,kevinpatterson@example.com,2025-06-07
7317,Marc Ross,william10@example.net,2025-03-22
7318,Robert Vaughn,donovanmichelle@example.net,2025-07-03
7319,Linda Williams,breed@example.net,2025-09-23
7320,Robert Hernandez,matthewwalker@example.net,2025-03-21
7321,Jason Lee,torresjennifer@example.com,2025-05-01
7322,Anthony Burke,hannah71@example.org,2025-07-15
7323,Sharon Mcdaniel,ginarosario@example.net,2025-09-03
7324,Sandra Ingram DDS,chrismoore@example.com,2026-02-05
7325,Jeffery Orr,rileystacey@example.com,2026-01-10
7326,Steve Webb,xharris@example.net,2025-09-30
7327,Stephanie Richards,xbaker@example.net,2026-01-25
7328,Thomas Harper,weberangela@example.net,2025-04-26
7329,Brittney Butler,james10@example.net,2025-03-06
7330,Mary King,cmontgomery@example.net,2025-10-05
7331,Aaron Flores,darlenecastro@example.org,2025-04-19
7332,Mrs. Donna Chen,halechristopher@example.net,2025-09-27
7333,Stephanie Meadows MD,millerjill@example.org,2025-07-15
7334,Douglas Summers,xstevens@example.com,2025-02-19
7335,James Owens,matthewhaas@example.org,2025-09-21
7336,Sandra James,erica45@example.net,2025-04-26
7337,Roger Henderson,troy60@example.org,2025-07-27
7338,Andrea Parks,egould@example.com,2025-05-19
7339,Thomas Diaz,lconway@example.com,2025-07-21
7340,Jessica Allison,allensamantha@example.com,2025-07-10
7341,Cynthia Williams,rogerstyler@example.com,2025-05-22
7342,James Phelps,blackmegan@example.net,2026-01-04
7343,Travis Saunders,masonbrenda@example.net,2025-12-04
7344,William Chen,denise51@example.net,2025-03-14
7345,Joseph Riley,monique27@example.net,2025-12-27
7346,Charles Mooney,james70@example.net,2025-06-25
7347,Michelle Strong,jermainehunt@example.net,2025-02-22
7348,Anthony Mckinney,maryperry@example.com,2025-02-20
7349,Jeremy Myers,omar93@example.net,2025-09-08
7350,Curtis Myers,richardcraig@example.net,2026-01-26
7351,Allison Perry,sharon56@example.org,2025-10-20
7352,Katie Rogers,perezbarbara@example.net,2025-08-04
7353,Kayla King,kyle11@example.net,2025-11-11
7354,Ashley Roberts,kerralexis@example.com,2025-08-12
7355,Lauren Williams,raykeith@example.org,2026-01-18
7356,Mitchell Sanders,michele28@example.net,2025-11-22
7357,Jessica Nguyen,gryan@example.org,2025-12-29
7358,Sarah Watson,fdeleon@example.com,2025-08-16
7359,Michael Walker,velasquezwillie@example.net,2025-10-17
7360,Laura Garcia,rachel34@example.com,2025-02-20
7361,Nicholas Nichols,greenemelissa@example.net,2025-09-06
7362,Patrick Waller,davidsonolivia@example.net,2025-03-04
7363,Scott Arellano,rubenross@example.org,2025-12-21
7364,Casey Hartman,butlertodd@example.com,2025-10-27
7365,Chris Reed,qsingleton@example.net,2025-05-19
7366,Kari Sandoval,trujilloeric@example.org,2025-06-24
7367,Michael Gutierrez,marie69@example.org,2025-08-20
7368,Phyllis Barnett,vlong@example.net,2026-02-02
7369,Carl Oneal,emay@example.com,2025-04-25
7370,Christopher Yoder,heathjose@example.net,2026-01-30
7371,Gary Hawkins,pedwards@example.org,2025-07-16
7372,Angela Mejia,steven46@example.net,2025-06-22
7373,Jonathan Smith,hendersonangela@example.com,2025-05-19
7374,Luis Dodson,mcculloughtina@example.net,2025-05-16
7375,Christine Henry,grahamkathryn@example.com,2025-07-26
7376,Bryce Martinez,danielle01@example.com,2025-02-20
7377,Thomas Patel,eric51@example.org,2025-05-15
7378,Stephanie Cline,petersonkenneth@example.net,2026-01-15
7379,Jessica Gardner,jesse74@example.net,2026-01-15
7380,Megan Hernandez,joshua29@example.org,2025-09-02
7381,Cindy Ryan,esteele@example.org,2025-05-20
7382,Lisa Lee,uhinton@example.com,2025-10-24
7383,Mr. Charles Carrillo DDS,amberbutler@example.org,2025-05-11
7384,Susan Mullen,karen74@example.com,2025-06-17
7385,Debra Johns,moorecathy@example.net,2025-05-25
7386,David Zhang,iramirez@example.net,2025-10-31
7387,Amanda Robinson,fisherbilly@example.net,2025-04-14
7388,Nicole Horton,reevesshannon@example.com,2025-02-15
7389,Joshua Rivera,markmorse@example.org,2025-10-06
7390,Joseph Roberson,elizabeth61@example.org,2026-01-28
7391,Eduardo Daniel,lindamurray@example.org,2025-04-11
7392,Vanessa Cabrera,rebecca64@example.org,2025-03-02
7393,William Gonzales,georgejacobson@example.net,2025-05-31
7394,Raymond Mccoy,russelledwards@example.net,2025-10-12
7395,Ronald Davis,timothylopez@example.org,2025-06-27
7396,Bradley Bell,rachel26@example.com,2025-08-12
7397,Mark Park,sethflores@example.com,2025-07-27
7398,Alexis Nielsen,charlene54@example.org,2025-02-12
7399,Mitchell Haley,joshuasmith@example.org,2025-10-18
7400,Colleen Callahan,allison94@example.org,2025-06-29
7401,Johnathan Powell,kyle34@example.net,2025-04-29
7402,Kimberly Carter MD,abennett@example.org,2025-03-04
7403,Debbie Lawrence,daniellebray@example.net,2025-02-20
7404,Daniel Bennett,melissamorrison@example.com,2025-06-02
7405,Joseph Mendoza,sarah61@example.com,2025-07-22
7406,Christina Flynn,ddavis@example.com,2026-01-04
7407,Arthur Stone,hamiltonmichael@example.net,2025-11-04
7408,Andrea Greer,dallen@example.org,2025-03-02
7409,Michael Carter,gregorymiller@example.com,2026-01-18
7410,Vickie Butler,annschmidt@example.org,2025-08-13
7411,Megan Aguirre,samanthasanders@example.net,2025-11-13
7412,Susan Simon,orice@example.org,2025-04-10
7413,William Gutierrez,brian08@example.com,2025-11-19
7414,Luis King,vicki88@example.org,2025-09-19
7415,Julian Becker,william57@example.com,2025-02-15
7416,Karen Padilla,patrickjose@example.com,2025-08-26
7417,Connie Parker,jamiestewart@example.net,2025-07-08
7418,Sandra Benitez,umendoza@example.org,2025-06-12
7419,Gina Durham,christopherperry@example.com,2026-01-31
7420,Richard Cruz,huntkevin@example.net,2025-07-05
7421,Deborah Tucker,egonzalez@example.com,2025-08-08
7422,Holly Gallegos,moorejesse@example.com,2025-10-09
7423,Nicholas Davis,bjohnson@example.org,2025-12-23
7424,Jay Adkins,todddavis@example.com,2025-05-11
7425,Jennifer Davis,meredithwerner@example.net,2025-12-16
7426,Gary Phelps,jennifermorse@example.org,2025-12-25
7427,Timothy Lopez,timothymiles@example.com,2026-01-03
7428,Allison Johnson,kyle41@example.net,2025-09-30
7429,Julie Robinson,kellyramirez@example.net,2025-04-23
7430,Matthew Pearson,iramos@example.com,2025-12-17
7431,Jacob Russo,sbaker@example.com,2025-02-20
7432,Troy Foster,martinezpatricia@example.org,2025-10-06
7433,Mathew Guerrero,ashleywhite@example.net,2025-04-16
7434,Ms. Cathy Frederick,michaelhayes@example.com,2025-09-22
7435,Robert Patterson,rayvictoria@example.net,2025-07-20
7436,Mark Cisneros,diane17@example.net,2025-12-18
7437,Erika Miller,wclark@example.com,2025-09-28
7438,Todd Short,jcruz@example.com,2025-05-11
7439,James Johnson,danny01@example.org,2025-10-07
7440,Emily Smith,lunanatalie@example.org,2025-07-02
7441,Andrew Ferguson,mbrooks@example.com,2025-05-17
7442,David Walls,sbaird@example.org,2025-07-06
7443,Jason Bates,wchambers@example.com,2026-01-30
7444,Mary Stewart,johnnybrown@example.net,2025-04-27
7445,Jenna Johnson,esnyder@example.org,2025-11-10
7446,Brandon Bridges,samantha30@example.net,2025-11-19
7447,Peter Coleman,mariaknox@example.org,2025-05-21
7448,Anthony Smith,kdecker@example.org,2025-07-02
7449,Carol Gonzalez,colemansarah@example.com,2025-04-09
7450,Henry Howard,kellyjasmine@example.net,2025-07-09
7451,Catherine Miller,fuentesmelanie@example.com,2026-01-16
7452,Devon Lewis,nlee@example.net,2025-12-21
7453,Charles Mcdonald,haynesmark@example.org,2025-12-30
7454,Laura Wells,nixonmichelle@example.com,2025-06-01
7455,Fernando Medina,gardnerkevin@example.com,2025-11-25
7456,Kelly Buck,nmckee@example.org,2025-11-04
7457,Deanna Ferrell,sarahwilliams@example.org,2025-11-11
7458,Bryan Patterson,burnschristopher@example.net,2025-05-29
7459,Erin Brown,stephaniesalinas@example.net,2025-05-12
7460,Jennifer Jackson,lawrence08@example.net,2025-09-04
7461,Kristen King,lopezrobin@example.org,2025-02-27
7462,Robert Rodriguez,roger65@example.com,2025-03-12
7463,David Walters,coxkatrina@example.org,2025-05-10
7464,Christopher Walker,nicolemcguire@example.net,2025-05-13
7465,Nicole Munoz,stewartaaron@example.net,2025-10-02
7466,Amy Galvan,wilsonkenneth@example.org,2025-04-27
7467,Gregory Ortiz,xboyd@example.org,2026-01-31
7468,Diana Ruiz,mccarthypatricia@example.org,2025-09-23
7469,Shawna Moore,baileymadison@example.org,2025-05-28
7470,Peter Strong,cortezjoseph@example.com,2025-10-17
7471,Amanda Pacheco,carneydavid@example.com,2026-01-20
7472,Kevin Taylor,swansonteresa@example.com,2025-12-07
7473,Marcus Johnson,jeremyflores@example.com,2025-07-17
7474,Lisa Taylor,ocox@example.com,2025-03-12
7475,Monica Sexton,brian09@example.com,2025-08-13
7476,Alexandra Fisher,michael44@example.com,2025-02-07
7477,Ian Ramirez,johnjohnson@example.com,2025-03-19
7478,Joseph Cross,osuarez@example.net,2025-08-20
7479,Elizabeth Everett,srobinson@example.org,2025-02-26
7480,Alexandra Morris,davidorozco@example.org,2025-07-18
7481,Teresa Humphrey,amberhardy@example.org,2025-07-31
7482,Melody Flores,cconner@example.org,2025-03-01
7483,Erica Luna,simsbenjamin@example.com,2025-09-20
7484,Mitchell Wilson,braymond@example.org,2025-07-24
7485,Karen Payne,monicaromero@example.net,2025-11-05
7486,Billy Moore,bennettamber@example.net,2025-09-14
7487,Amanda Contreras,mahoneyamy@example.com,2025-04-19
7488,Calvin Howe,jponce@example.org,2025-06-12
7489,Jill Wilson,matthew28@example.net,2025-03-21
7490,Paul Wallace,tanya55@example.net,2025-10-05
7491,Joel Flores,sanderslisa@example.com,2025-04-07
7492,Alan Allen,florescheryl@example.org,2025-08-18
7493,William Chan,qgardner@example.com,2025-04-15
7494,Derek Meyer,lindahardy@example.org,2025-07-05
7495,Kelly Mcdonald,yharrison@example.org,2025-02-16
7496,Patricia Johnson,comptonnancy@example.net,2025-10-15
7497,Jason Dillon,khanbrittany@example.net,2025-04-05
7498,Edward Lopez,danielwatkins@example.net,2025-10-01
7499,Adam Rivas,shepherdtina@example.com,2025-07-12
7500,Kimberly Johnson,ann38@example.org,2025-10-19
